source	ply	fen	move_uci	rival_uci	category	clause
game		rnbqkbnr/pppppppp/8/8/8/8/PPPPPPPP/RNBQKBNR w KQkq - 0 1	a2a3	a2a4	-	-
game		rnbqkbnr/pppppppp/8/8/8/8/PPPPPPPP/RNBQKBNR w KQkq - 0 1	a2a3		-	-
game		rnbqkbnr/pppppppp/8/8/8/8/PPPPPPPP/RNBQKBNR w KQkq - 0 1	a2a4	a2a3	-	-
game		rnbqkbnr/pppppppp/8/8/8/8/PPPPPPPP/RNBQKBNR w KQkq - 0 1	a2a4		-	-
game		rnbqkbnr/pppppppp/8/8/8/8/PPPPPPPP/RNBQKBNR w KQkq - 0 1	b1a3	a2a3	development	developing your knight from b1 to a3 — 3 more minor pieces still sit on their starting squares
game		rnbqkbnr/pppppppp/8/8/8/8/PPPPPPPP/RNBQKBNR w KQkq - 0 1	b1a3		development	developing your knight from b1 to a3 — 3 more minor pieces still sit on their starting squares
game		rnbqkbnr/pppppppp/8/8/8/8/PPPPPPPP/RNBQKBNR w KQkq - 0 1	b1c3	a2a3	mobility	moving your knight from b1 to c3, where it covers 5 squares instead of 2
game		rnbqkbnr/pppppppp/8/8/8/8/PPPPPPPP/RNBQKBNR w KQkq - 0 1	b1c3		mobility	moving your knight from b1 to c3, where it covers 5 squares instead of 2
game		rnbqkbnr/pppppppp/8/8/8/8/PPPPPPPP/RNBQKBNR w KQkq - 0 1	b2b3	a2a3	-	-
game		rnbqkbnr/pppppppp/8/8/8/8/PPPPPPPP/RNBQKBNR w KQkq - 0 1	b2b3		-	-
game		rnbqkbnr/pppppppp/8/8/8/8/PPPPPPPP/RNBQKBNR w KQkq - 0 1	b2b4	a2a3	-	-
game		rnbqkbnr/pppppppp/8/8/8/8/PPPPPPPP/RNBQKBNR w KQkq - 0 1	b2b4		-	-
game		rnbqkbnr/pppppppp/8/8/8/8/PPPPPPPP/RNBQKBNR w KQkq - 0 1	c2c3	a2a3	-	-
game		rnbqkbnr/pppppppp/8/8/8/8/PPPPPPPP/RNBQKBNR w KQkq - 0 1	c2c3		-	-
game		rnbqkbnr/pppppppp/8/8/8/8/PPPPPPPP/RNBQKBNR w KQkq - 0 1	c2c4	a2a3	-	-
game		rnbqkbnr/pppppppp/8/8/8/8/PPPPPPPP/RNBQKBNR w KQkq - 0 1	c2c4		-	-
game		rnbqkbnr/pppppppp/8/8/8/8/PPPPPPPP/RNBQKBNR w KQkq - 0 1	d2d3	a2a3	-	-
game		rnbqkbnr/pppppppp/8/8/8/8/PPPPPPPP/RNBQKBNR w KQkq - 0 1	d2d3		-	-
game		rnbqkbnr/pppppppp/8/8/8/8/PPPPPPPP/RNBQKBNR w KQkq - 0 1	d2d4	a2a3	centre_control	putting a pawn on d4, one of the four centre squares
game		rnbqkbnr/pppppppp/8/8/8/8/PPPPPPPP/RNBQKBNR w KQkq - 0 1	d2d4		centre_control	putting a pawn on d4, one of the four centre squares
game		rnbqkbnr/pppppppp/8/8/8/8/PPPPPPPP/RNBQKBNR w KQkq - 0 1	e2e3	a2a3	-	-
game		rnbqkbnr/pppppppp/8/8/8/8/PPPPPPPP/RNBQKBNR w KQkq - 0 1	e2e3		-	-
game		rnbqkbnr/pppppppp/8/8/8/8/PPPPPPPP/RNBQKBNR w KQkq - 0 1	e2e4	a2a3	centre_control	putting a pawn on e4, one of the four centre squares
game		rnbqkbnr/pppppppp/8/8/8/8/PPPPPPPP/RNBQKBNR w KQkq - 0 1	e2e4		centre_control	putting a pawn on e4, one of the four centre squares
game		rnbqkbnr/pppppppp/8/8/8/8/PPPPPPPP/RNBQKBNR w KQkq - 0 1	f2f3	a2a3	-	-
game		rnbqkbnr/pppppppp/8/8/8/8/PPPPPPPP/RNBQKBNR w KQkq - 0 1	f2f3		-	-
game		rnbqkbnr/pppppppp/8/8/8/8/PPPPPPPP/RNBQKBNR w KQkq - 0 1	f2f4	a2a3	-	-
game		rnbqkbnr/pppppppp/8/8/8/8/PPPPPPPP/RNBQKBNR w KQkq - 0 1	f2f4		-	-
game		rnbqkbnr/pppppppp/8/8/8/8/PPPPPPPP/RNBQKBNR w KQkq - 0 1	g1f3	a2a3	mobility	moving your knight from g1 to f3, where it covers 5 squares instead of 2
game		rnbqkbnr/pppppppp/8/8/8/8/PPPPPPPP/RNBQKBNR w KQkq - 0 1	g1f3		mobility	moving your knight from g1 to f3, where it covers 5 squares instead of 2
game		rnbqkbnr/pppppppp/8/8/8/8/PPPPPPPP/RNBQKBNR w KQkq - 0 1	g1h3	a2a3	development	developing your knight from g1 to h3 — 3 more minor pieces still sit on their starting squares
game		rnbqkbnr/pppppppp/8/8/8/8/PPPPPPPP/RNBQKBNR w KQkq - 0 1	g1h3		development	developing your knight from g1 to h3 — 3 more minor pieces still sit on their starting squares
game		rnbqkbnr/pppppppp/8/8/8/8/PPPPPPPP/RNBQKBNR w KQkq - 0 1	g2g3	a2a3	-	-
game		rnbqkbnr/pppppppp/8/8/8/8/PPPPPPPP/RNBQKBNR w KQkq - 0 1	g2g3		-	-
game		rnbqkbnr/pppppppp/8/8/8/8/PPPPPPPP/RNBQKBNR w KQkq - 0 1	g2g4	a2a3	-	-
game		rnbqkbnr/pppppppp/8/8/8/8/PPPPPPPP/RNBQKBNR w KQkq - 0 1	g2g4		-	-
game		rnbqkbnr/pppppppp/8/8/8/8/PPPPPPPP/RNBQKBNR w KQkq - 0 1	h2h3	a2a3	-	-
game		rnbqkbnr/pppppppp/8/8/8/8/PPPPPPPP/RNBQKBNR w KQkq - 0 1	h2h3		-	-
game		rnbqkbnr/pppppppp/8/8/8/8/PPPPPPPP/RNBQKBNR w KQkq - 0 1	h2h4	a2a3	-	-
game		rnbqkbnr/pppppppp/8/8/8/8/PPPPPPPP/RNBQKBNR w KQkq - 0 1	h2h4		-	-
game		r1bqkbnr/pppppppp/2n5/8/8/5N2/PPPPPPPP/RNBQKB1R w KQkq - 2 2	a2a3	a2a4	-	-
game		r1bqkbnr/pppppppp/2n5/8/8/5N2/PPPPPPPP/RNBQKB1R w KQkq - 2 2	a2a3		-	-
game		r1bqkbnr/pppppppp/2n5/8/8/5N2/PPPPPPPP/RNBQKB1R w KQkq - 2 2	a2a4	a2a3	-	-
game		r1bqkbnr/pppppppp/2n5/8/8/5N2/PPPPPPPP/RNBQKB1R w KQkq - 2 2	a2a4		-	-
game		r1bqkbnr/pppppppp/2n5/8/8/5N2/PPPPPPPP/RNBQKB1R w KQkq - 2 2	b1a3	a2a3	development	developing your knight from b1 to a3 — 2 more minor pieces still sit on their starting squares
game		r1bqkbnr/pppppppp/2n5/8/8/5N2/PPPPPPPP/RNBQKB1R w KQkq - 2 2	b1a3		development	developing your knight from b1 to a3 — 2 more minor pieces still sit on their starting squares
game		r1bqkbnr/pppppppp/2n5/8/8/5N2/PPPPPPPP/RNBQKB1R w KQkq - 2 2	b1c3	a2a3	mobility	moving your knight from b1 to c3, where it covers 5 squares instead of 2
game		r1bqkbnr/pppppppp/2n5/8/8/5N2/PPPPPPPP/RNBQKB1R w KQkq - 2 2	b1c3		mobility	moving your knight from b1 to c3, where it covers 5 squares instead of 2
game		r1bqkbnr/pppppppp/2n5/8/8/5N2/PPPPPPPP/RNBQKB1R w KQkq - 2 2	b2b3	a2a3	-	-
game		r1bqkbnr/pppppppp/2n5/8/8/5N2/PPPPPPPP/RNBQKB1R w KQkq - 2 2	b2b3		-	-
game		r1bqkbnr/pppppppp/2n5/8/8/5N2/PPPPPPPP/RNBQKB1R w KQkq - 2 2	b2b4	a2a3	-	-
game		r1bqkbnr/pppppppp/2n5/8/8/5N2/PPPPPPPP/RNBQKB1R w KQkq - 2 2	b2b4		-	-
game		r1bqkbnr/pppppppp/2n5/8/8/5N2/PPPPPPPP/RNBQKB1R w KQkq - 2 2	c2c3	a2a3	centre_control	taking control of d4 (yours 2 to their 1) in the centre
game		r1bqkbnr/pppppppp/2n5/8/8/5N2/PPPPPPPP/RNBQKB1R w KQkq - 2 2	c2c3		centre_control	taking control of d4 (yours 2 to their 1) in the centre
game		r1bqkbnr/pppppppp/2n5/8/8/5N2/PPPPPPPP/RNBQKB1R w KQkq - 2 2	c2c4	a2a3	-	-
game		r1bqkbnr/pppppppp/2n5/8/8/5N2/PPPPPPPP/RNBQKB1R w KQkq - 2 2	c2c4		-	-
game		r1bqkbnr/pppppppp/2n5/8/8/5N2/PPPPPPPP/RNBQKB1R w KQkq - 2 2	d2d3	a2a3	-	-
game		r1bqkbnr/pppppppp/2n5/8/8/5N2/PPPPPPPP/RNBQKB1R w KQkq - 2 2	d2d3		-	-
game		r1bqkbnr/pppppppp/2n5/8/8/5N2/PPPPPPPP/RNBQKB1R w KQkq - 2 2	d2d4	a2a3	centre_control	putting a pawn on d4, one of the four centre squares
game		r1bqkbnr/pppppppp/2n5/8/8/5N2/PPPPPPPP/RNBQKB1R w KQkq - 2 2	d2d4		centre_control	putting a pawn on d4, one of the four centre squares
game		r1bqkbnr/pppppppp/2n5/8/8/5N2/PPPPPPPP/RNBQKB1R w KQkq - 2 2	e2e3	a2a3	centre_control	taking control of d4 (yours 2 to their 1) in the centre
game		r1bqkbnr/pppppppp/2n5/8/8/5N2/PPPPPPPP/RNBQKB1R w KQkq - 2 2	e2e3		centre_control	taking control of d4 (yours 2 to their 1) in the centre
game		r1bqkbnr/pppppppp/2n5/8/8/5N2/PPPPPPPP/RNBQKB1R w KQkq - 2 2	e2e4	a2a3	centre_control	putting a pawn on e4, one of the four centre squares
game		r1bqkbnr/pppppppp/2n5/8/8/5N2/PPPPPPPP/RNBQKB1R w KQkq - 2 2	e2e4		centre_control	putting a pawn on e4, one of the four centre squares
game		r1bqkbnr/pppppppp/2n5/8/8/5N2/PPPPPPPP/RNBQKB1R w KQkq - 2 2	f3d4	a2a3	attack	attacking their knight on c6
game		r1bqkbnr/pppppppp/2n5/8/8/5N2/PPPPPPPP/RNBQKB1R w KQkq - 2 2	f3d4		attack	attacking your knight on c6
game		r1bqkbnr/pppppppp/2n5/8/8/5N2/PPPPPPPP/RNBQKB1R w KQkq - 2 2	f3e5	a2a3	attack	attacking their knight on c6
game		r1bqkbnr/pppppppp/2n5/8/8/5N2/PPPPPPPP/RNBQKB1R w KQkq - 2 2	f3e5		attack	attacking your knight on c6
game		r1bqkbnr/pppppppp/2n5/8/8/5N2/PPPPPPPP/RNBQKB1R w KQkq - 2 2	f3g1	a2a3	-	-
game		r1bqkbnr/pppppppp/2n5/8/8/5N2/PPPPPPPP/RNBQKB1R w KQkq - 2 2	f3g1		-	-
game		r1bqkbnr/pppppppp/2n5/8/8/5N2/PPPPPPPP/RNBQKB1R w KQkq - 2 2	f3g5	a2a3	-	-
game		r1bqkbnr/pppppppp/2n5/8/8/5N2/PPPPPPPP/RNBQKB1R w KQkq - 2 2	f3g5		-	-
game		r1bqkbnr/pppppppp/2n5/8/8/5N2/PPPPPPPP/RNBQKB1R w KQkq - 2 2	f3h4	a2a3	-	-
game		r1bqkbnr/pppppppp/2n5/8/8/5N2/PPPPPPPP/RNBQKB1R w KQkq - 2 2	f3h4		-	-
game		r1bqkbnr/pppppppp/2n5/8/8/5N2/PPPPPPPP/RNBQKB1R w KQkq - 2 2	g2g3	a2a3	-	-
game		r1bqkbnr/pppppppp/2n5/8/8/5N2/PPPPPPPP/RNBQKB1R w KQkq - 2 2	g2g3		-	-
game		r1bqkbnr/pppppppp/2n5/8/8/5N2/PPPPPPPP/RNBQKB1R w KQkq - 2 2	g2g4	a2a3	-	-
game		r1bqkbnr/pppppppp/2n5/8/8/5N2/PPPPPPPP/RNBQKB1R w KQkq - 2 2	g2g4		-	-
game		r1bqkbnr/pppppppp/2n5/8/8/5N2/PPPPPPPP/RNBQKB1R w KQkq - 2 2	h1g1	a2a3	-	-
game		r1bqkbnr/pppppppp/2n5/8/8/5N2/PPPPPPPP/RNBQKB1R w KQkq - 2 2	h1g1		-	-
game		r1bqkbnr/pppppppp/2n5/8/8/5N2/PPPPPPPP/RNBQKB1R w KQkq - 2 2	h2h3	a2a3	-	-
game		r1bqkbnr/pppppppp/2n5/8/8/5N2/PPPPPPPP/RNBQKB1R w KQkq - 2 2	h2h3		-	-
game		r1bqkbnr/pppppppp/2n5/8/8/5N2/PPPPPPPP/RNBQKB1R w KQkq - 2 2	h2h4	a2a3	-	-
game		r1bqkbnr/pppppppp/2n5/8/8/5N2/PPPPPPPP/RNBQKB1R w KQkq - 2 2	h2h4		-	-
game		r1bqkb1r/pppppppp/2n2n2/8/8/4PN2/PPPP1PPP/RNBQKB1R w KQkq - 1 3	a2a3	a2a4	-	-
game		r1bqkb1r/pppppppp/2n2n2/8/8/4PN2/PPPP1PPP/RNBQKB1R w KQkq - 1 3	a2a3		-	-
game		r1bqkb1r/pppppppp/2n2n2/8/8/4PN2/PPPP1PPP/RNBQKB1R w KQkq - 1 3	a2a4	a2a3	-	-
game		r1bqkb1r/pppppppp/2n2n2/8/8/4PN2/PPPP1PPP/RNBQKB1R w KQkq - 1 3	a2a4		-	-
game		r1bqkb1r/pppppppp/2n2n2/8/8/4PN2/PPPP1PPP/RNBQKB1R w KQkq - 1 3	b1a3	a2a3	development	developing your knight from b1 to a3 — 2 more minor pieces still sit on their starting squares
game		r1bqkb1r/pppppppp/2n2n2/8/8/4PN2/PPPP1PPP/RNBQKB1R w KQkq - 1 3	b1a3		development	developing your knight from b1 to a3 — 2 more minor pieces still sit on their starting squares
game		r1bqkb1r/pppppppp/2n2n2/8/8/4PN2/PPPP1PPP/RNBQKB1R w KQkq - 1 3	b1c3	a2a3	mobility	moving your knight from b1 to c3, where it covers 6 squares instead of 2
game		r1bqkb1r/pppppppp/2n2n2/8/8/4PN2/PPPP1PPP/RNBQKB1R w KQkq - 1 3	b1c3		mobility	moving your knight from b1 to c3, where it covers 6 squares instead of 2
game		r1bqkb1r/pppppppp/2n2n2/8/8/4PN2/PPPP1PPP/RNBQKB1R w KQkq - 1 3	b2b3	a2a3	-	-
game		r1bqkb1r/pppppppp/2n2n2/8/8/4PN2/PPPP1PPP/RNBQKB1R w KQkq - 1 3	b2b3		-	-
game		r1bqkb1r/pppppppp/2n2n2/8/8/4PN2/PPPP1PPP/RNBQKB1R w KQkq - 1 3	b2b4	a2a3	-	-
game		r1bqkb1r/pppppppp/2n2n2/8/8/4PN2/PPPP1PPP/RNBQKB1R w KQkq - 1 3	b2b4		-	-
game		r1bqkb1r/pppppppp/2n2n2/8/8/4PN2/PPPP1PPP/RNBQKB1R w KQkq - 1 3	c2c3	a2a3	centre_control	adding an attacker to d4 (yours 3 to their 1) in the centre
game		r1bqkb1r/pppppppp/2n2n2/8/8/4PN2/PPPP1PPP/RNBQKB1R w KQkq - 1 3	c2c3		centre_control	adding an attacker to d4 (yours 3 to their 1) in the centre
game		r1bqkb1r/pppppppp/2n2n2/8/8/4PN2/PPPP1PPP/RNBQKB1R w KQkq - 1 3	c2c4	a2a3	centre_control	adding an attacker to d5 (yours 1 to their 1) in the centre
game		r1bqkb1r/pppppppp/2n2n2/8/8/4PN2/PPPP1PPP/RNBQKB1R w KQkq - 1 3	c2c4		centre_control	adding an attacker to d5 (yours 1 to their 1) in the centre
game		r1bqkb1r/pppppppp/2n2n2/8/8/4PN2/PPPP1PPP/RNBQKB1R w KQkq - 1 3	d1e2	a2a3	mobility	moving your queen from d1 to e2, where it covers 5 squares instead of 1
game		r1bqkb1r/pppppppp/2n2n2/8/8/4PN2/PPPP1PPP/RNBQKB1R w KQkq - 1 3	d1e2		mobility	moving your queen from d1 to e2, where it covers 5 squares instead of 1
game		r1bqkb1r/pppppppp/2n2n2/8/8/4PN2/PPPP1PPP/RNBQKB1R w KQkq - 1 3	d2d3	a2a3	centre_control	adding an attacker to e4 (yours 1 to their 1) in the centre
game		r1bqkb1r/pppppppp/2n2n2/8/8/4PN2/PPPP1PPP/RNBQKB1R w KQkq - 1 3	d2d3		centre_control	adding an attacker to e4 (yours 1 to their 1) in the centre
game		r1bqkb1r/pppppppp/2n2n2/8/8/4PN2/PPPP1PPP/RNBQKB1R w KQkq - 1 3	d2d4	a2a3	centre_control	putting a pawn on d4, one of the four centre squares
game		r1bqkb1r/pppppppp/2n2n2/8/8/4PN2/PPPP1PPP/RNBQKB1R w KQkq - 1 3	d2d4		centre_control	putting a pawn on d4, one of the four centre squares
game		r1bqkb1r/pppppppp/2n2n2/8/8/4PN2/PPPP1PPP/RNBQKB1R w KQkq - 1 3	e1e2	a2a3	-	-
game		r1bqkb1r/pppppppp/2n2n2/8/8/4PN2/PPPP1PPP/RNBQKB1R w KQkq - 1 3	e1e2		-	-
game		r1bqkb1r/pppppppp/2n2n2/8/8/4PN2/PPPP1PPP/RNBQKB1R w KQkq - 1 3	e3e4	a2a3	centre_control	putting a pawn on e4, one of the four centre squares
game		r1bqkb1r/pppppppp/2n2n2/8/8/4PN2/PPPP1PPP/RNBQKB1R w KQkq - 1 3	e3e4		centre_control	putting a pawn on e4, one of the four centre squares
game		r1bqkb1r/pppppppp/2n2n2/8/8/4PN2/PPPP1PPP/RNBQKB1R w KQkq - 1 3	f1a6	a2a3	development	developing your bishop from f1 to a6 — 2 more minor pieces still sit on their starting squares
game		r1bqkb1r/pppppppp/2n2n2/8/8/4PN2/PPPP1PPP/RNBQKB1R w KQkq - 1 3	f1a6		development	developing your bishop from f1 to a6 — 2 more minor pieces still sit on their starting squares
game		r1bqkb1r/pppppppp/2n2n2/8/8/4PN2/PPPP1PPP/RNBQKB1R w KQkq - 1 3	f1b5	a2a3	attack	attacking their knight on c6
game		r1bqkb1r/pppppppp/2n2n2/8/8/4PN2/PPPP1PPP/RNBQKB1R w KQkq - 1 3	f1b5		attack	attacking your knight on c6
game		r1bqkb1r/pppppppp/2n2n2/8/8/4PN2/PPPP1PPP/RNBQKB1R w KQkq - 1 3	f1c4	a2a3	development	developing your bishop from f1 to c4 — 2 more minor pieces still sit on their starting squares
game		r1bqkb1r/pppppppp/2n2n2/8/8/4PN2/PPPP1PPP/RNBQKB1R w KQkq - 1 3	f1c4		development	developing your bishop from f1 to c4 — 2 more minor pieces still sit on their starting squares
game		r1bqkb1r/pppppppp/2n2n2/8/8/4PN2/PPPP1PPP/RNBQKB1R w KQkq - 1 3	f1d3	a2a3	development	developing your bishop from f1 to d3 — 2 more minor pieces still sit on their starting squares
game		r1bqkb1r/pppppppp/2n2n2/8/8/4PN2/PPPP1PPP/RNBQKB1R w KQkq - 1 3	f1d3		development	developing your bishop from f1 to d3 — 2 more minor pieces still sit on their starting squares
game		r1bqkb1r/pppppppp/2n2n2/8/8/4PN2/PPPP1PPP/RNBQKB1R w KQkq - 1 3	f1e2	a2a3	development	developing your bishop from f1 to e2 — 2 more minor pieces still sit on their starting squares
game		r1bqkb1r/pppppppp/2n2n2/8/8/4PN2/PPPP1PPP/RNBQKB1R w KQkq - 1 3	f1e2		development	developing your bishop from f1 to e2 — 2 more minor pieces still sit on their starting squares
game		r1bqkb1r/pppppppp/2n2n2/8/8/4PN2/PPPP1PPP/RNBQKB1R w KQkq - 1 3	f3d4	a2a3	attack	attacking their knight on c6
game		r1bqkb1r/pppppppp/2n2n2/8/8/4PN2/PPPP1PPP/RNBQKB1R w KQkq - 1 3	f3d4		attack	attacking your knight on c6
game		r1bqkb1r/pppppppp/2n2n2/8/8/4PN2/PPPP1PPP/RNBQKB1R w KQkq - 1 3	f3e5	a2a3	attack	attacking their knight on c6
game		r1bqkb1r/pppppppp/2n2n2/8/8/4PN2/PPPP1PPP/RNBQKB1R w KQkq - 1 3	f3e5		attack	attacking your knight on c6
game		r1bqkb1r/pppppppp/2n2n2/8/8/4PN2/PPPP1PPP/RNBQKB1R w KQkq - 1 3	f3g1	a2a3	-	-
game		r1bqkb1r/pppppppp/2n2n2/8/8/4PN2/PPPP1PPP/RNBQKB1R w KQkq - 1 3	f3g1		-	-
game		r1bqkb1r/pppppppp/2n2n2/8/8/4PN2/PPPP1PPP/RNBQKB1R w KQkq - 1 3	f3g5	a2a3	centre_control	adding an attacker to e4 (yours 1 to their 1) in the centre
game		r1bqkb1r/pppppppp/2n2n2/8/8/4PN2/PPPP1PPP/RNBQKB1R w KQkq - 1 3	f3g5		centre_control	adding an attacker to e4 (yours 1 to their 1) in the centre
game		r1bqkb1r/pppppppp/2n2n2/8/8/4PN2/PPPP1PPP/RNBQKB1R w KQkq - 1 3	f3h4	a2a3	-	-
game		r1bqkb1r/pppppppp/2n2n2/8/8/4PN2/PPPP1PPP/RNBQKB1R w KQkq - 1 3	f3h4		-	-
game		r1bqkb1r/pppppppp/2n2n2/8/8/4PN2/PPPP1PPP/RNBQKB1R w KQkq - 1 3	g2g3	a2a3	-	-
game		r1bqkb1r/pppppppp/2n2n2/8/8/4PN2/PPPP1PPP/RNBQKB1R w KQkq - 1 3	g2g3		-	-
game		r1bqkb1r/pppppppp/2n2n2/8/8/4PN2/PPPP1PPP/RNBQKB1R w KQkq - 1 3	g2g4	a2a3	-	-
game		r1bqkb1r/pppppppp/2n2n2/8/8/4PN2/PPPP1PPP/RNBQKB1R w KQkq - 1 3	g2g4		-	-
game		r1bqkb1r/pppppppp/2n2n2/8/8/4PN2/PPPP1PPP/RNBQKB1R w KQkq - 1 3	h1g1	a2a3	-	-
game		r1bqkb1r/pppppppp/2n2n2/8/8/4PN2/PPPP1PPP/RNBQKB1R w KQkq - 1 3	h1g1		-	-
game		r1bqkb1r/pppppppp/2n2n2/8/8/4PN2/PPPP1PPP/RNBQKB1R w KQkq - 1 3	h2h3	a2a3	-	-
game		r1bqkb1r/pppppppp/2n2n2/8/8/4PN2/PPPP1PPP/RNBQKB1R w KQkq - 1 3	h2h3		-	-
game		r1bqkb1r/pppppppp/2n2n2/8/8/4PN2/PPPP1PPP/RNBQKB1R w KQkq - 1 3	h2h4	a2a3	-	-
game		r1bqkb1r/pppppppp/2n2n2/8/8/4PN2/PPPP1PPP/RNBQKB1R w KQkq - 1 3	h2h4		-	-
game		8/8/4k3/8/4P3/4K3/8/8 w - - 0 1	e3d2	e3d3	-	-
game		8/8/4k3/8/4P3/4K3/8/8 w - - 0 1	e3d2		-	-
game		8/8/4k3/8/4P3/4K3/8/8 w - - 0 1	e3d3	e3d2	-	-
game		8/8/4k3/8/4P3/4K3/8/8 w - - 0 1	e3d3		-	-
game		8/8/4k3/8/4P3/4K3/8/8 w - - 0 1	e3d4	e3d2	king_activity	walking your king from e3 to d4, closer to the centre
game		8/8/4k3/8/4P3/4K3/8/8 w - - 0 1	e3d4		king_activity	walking your king from e3 to d4, closer to the centre
game		8/8/4k3/8/4P3/4K3/8/8 w - - 0 1	e3e2	e3d2	-	-
game		8/8/4k3/8/4P3/4K3/8/8 w - - 0 1	e3e2		-	-
game		8/8/4k3/8/4P3/4K3/8/8 w - - 0 1	e3f2	e3d2	-	-
game		8/8/4k3/8/4P3/4K3/8/8 w - - 0 1	e3f2		-	-
game		8/8/4k3/8/4P3/4K3/8/8 w - - 0 1	e3f3	e3d2	-	-
game		8/8/4k3/8/4P3/4K3/8/8 w - - 0 1	e3f3		-	-
game		8/8/4k3/8/4P3/4K3/8/8 w - - 0 1	e3f4	e3d2	-	-
game		8/8/4k3/8/4P3/4K3/8/8 w - - 0 1	e3f4		-	-
game		8/8/4k3/8/4P3/4K3/8/8 w - - 0 1	e4e5	e3d2	-	-
game		8/8/4k3/8/4P3/4K3/8/8 w - - 0 1	e4e5		-	-
game		8/8/8/4k3/8/8/R7/4K3 w - - 0 1	a2a1	a2a3	open_file	moving your rook to a1 on the open a-file
game		8/8/8/4k3/8/8/R7/4K3 w - - 0 1	a2a1		open_file	moving your rook to a1 on the open a-file
game		8/8/8/4k3/8/8/R7/4K3 w - - 0 1	a2a3	a2a1	open_file	moving your rook to a3 on the open a-file
game		8/8/8/4k3/8/8/R7/4K3 w - - 0 1	a2a3		open_file	moving your rook to a3 on the open a-file
game		8/8/8/4k3/8/8/R7/4K3 w - - 0 1	a2a4	a2a1	open_file	moving your rook to a4 on the open a-file
game		8/8/8/4k3/8/8/R7/4K3 w - - 0 1	a2a4		open_file	moving your rook to a4 on the open a-file
game		8/8/8/4k3/8/8/R7/4K3 w - - 0 1	a2a5	a2a1	check	giving check
game		8/8/8/4k3/8/8/R7/4K3 w - - 0 1	a2a5		check	giving check
game		8/8/8/4k3/8/8/R7/4K3 w - - 0 1	a2a6	a2a1	open_file	moving your rook to a6 on the open a-file
game		8/8/8/4k3/8/8/R7/4K3 w - - 0 1	a2a6		open_file	moving your rook to a6 on the open a-file
game		8/8/8/4k3/8/8/R7/4K3 w - - 0 1	a2a7	a2a1	open_file	moving your rook to a7 on the open a-file
game		8/8/8/4k3/8/8/R7/4K3 w - - 0 1	a2a7		open_file	moving your rook to a7 on the open a-file
game		8/8/8/4k3/8/8/R7/4K3 w - - 0 1	a2a8	a2a1	open_file	moving your rook to a8 on the open a-file
game		8/8/8/4k3/8/8/R7/4K3 w - - 0 1	a2a8		open_file	moving your rook to a8 on the open a-file
game		8/8/8/4k3/8/8/R7/4K3 w - - 0 1	a2b2	a2a1	open_file	moving your rook to b2 on the open b-file
game		8/8/8/4k3/8/8/R7/4K3 w - - 0 1	a2b2		open_file	moving your rook to b2 on the open b-file
game		8/8/8/4k3/8/8/R7/4K3 w - - 0 1	a2c2	a2a1	open_file	moving your rook to c2 on the open c-file
game		8/8/8/4k3/8/8/R7/4K3 w - - 0 1	a2c2		open_file	moving your rook to c2 on the open c-file
game		8/8/8/4k3/8/8/R7/4K3 w - - 0 1	a2d2	a2a1	open_file	moving your rook to d2 on the open d-file
game		8/8/8/4k3/8/8/R7/4K3 w - - 0 1	a2d2		open_file	moving your rook to d2 on the open d-file
game		8/8/8/4k3/8/8/R7/4K3 w - - 0 1	a2e2	a2a1	check	giving check
game		8/8/8/4k3/8/8/R7/4K3 w - - 0 1	a2e2		check	giving check
game		8/8/8/4k3/8/8/R7/4K3 w - - 0 1	a2f2	a2a1	open_file	moving your rook to f2 on the open f-file
game		8/8/8/4k3/8/8/R7/4K3 w - - 0 1	a2f2		open_file	moving your rook to f2 on the open f-file
game		8/8/8/4k3/8/8/R7/4K3 w - - 0 1	a2g2	a2a1	open_file	moving your rook to g2 on the open g-file
game		8/8/8/4k3/8/8/R7/4K3 w - - 0 1	a2g2		open_file	moving your rook to g2 on the open g-file
game		8/8/8/4k3/8/8/R7/4K3 w - - 0 1	a2h2	a2a1	open_file	moving your rook to h2 on the open h-file
game		8/8/8/4k3/8/8/R7/4K3 w - - 0 1	a2h2		open_file	moving your rook to h2 on the open h-file
game		8/8/8/4k3/8/8/R7/4K3 w - - 0 1	e1d1	a2a1	-	-
game		8/8/8/4k3/8/8/R7/4K3 w - - 0 1	e1d1		-	-
game		8/8/8/4k3/8/8/R7/4K3 w - - 0 1	e1d2	a2a1	king_activity	walking your king from e1 to d2, closer to the centre
game		8/8/8/4k3/8/8/R7/4K3 w - - 0 1	e1d2		king_activity	walking your king from e1 to d2, closer to the centre
game		8/8/8/4k3/8/8/R7/4K3 w - - 0 1	e1e2	a2a1	king_activity	walking your king from e1 to e2, closer to the centre
game		8/8/8/4k3/8/8/R7/4K3 w - - 0 1	e1e2		king_activity	walking your king from e1 to e2, closer to the centre
game		8/8/8/4k3/8/8/R7/4K3 w - - 0 1	e1f1	a2a1	-	-
game		8/8/8/4k3/8/8/R7/4K3 w - - 0 1	e1f1		-	-
game		8/8/8/4k3/8/8/R7/4K3 w - - 0 1	e1f2	a2a1	king_activity	walking your king from e1 to f2, closer to the centre
game		8/8/8/4k3/8/8/R7/4K3 w - - 0 1	e1f2		king_activity	walking your king from e1 to f2, closer to the centre
game		8/5k2/8/3P4/8/8/5K2/8 w - - 0 1	d5d6	f2e1	-	-
game		8/5k2/8/3P4/8/8/5K2/8 w - - 0 1	d5d6		-	-
game		8/5k2/8/3P4/8/8/5K2/8 w - - 0 1	f2e1	d5d6	-	-
game		8/5k2/8/3P4/8/8/5K2/8 w - - 0 1	f2e1		-	-
game		8/5k2/8/3P4/8/8/5K2/8 w - - 0 1	f2e2	d5d6	-	-
game		8/5k2/8/3P4/8/8/5K2/8 w - - 0 1	f2e2		-	-
game		8/5k2/8/3P4/8/8/5K2/8 w - - 0 1	f2e3	d5d6	-	-
game		8/5k2/8/3P4/8/8/5K2/8 w - - 0 1	f2e3		king_activity	walking your king from f2 to e3, closer to the centre
game		8/5k2/8/3P4/8/8/5K2/8 w - - 0 1	f2f1	d5d6	-	-
game		8/5k2/8/3P4/8/8/5K2/8 w - - 0 1	f2f1		-	-
game		8/5k2/8/3P4/8/8/5K2/8 w - - 0 1	f2f3	d5d6	-	-
game		8/5k2/8/3P4/8/8/5K2/8 w - - 0 1	f2f3		king_activity	walking your king from f2 to f3, closer to the centre
game		8/5k2/8/3P4/8/8/5K2/8 w - - 0 1	f2g1	d5d6	-	-
game		8/5k2/8/3P4/8/8/5K2/8 w - - 0 1	f2g1		-	-
game		8/5k2/8/3P4/8/8/5K2/8 w - - 0 1	f2g2	d5d6	-	-
game		8/5k2/8/3P4/8/8/5K2/8 w - - 0 1	f2g2		-	-
game		8/5k2/8/3P4/8/8/5K2/8 w - - 0 1	f2g3	d5d6	-	-
game		8/5k2/8/3P4/8/8/5K2/8 w - - 0 1	f2g3		-	-
game		6k1/5ppp/8/8/8/8/5PPP/R5K1 w - - 0 1	a1a2	a1a3	open_file	moving your rook to a2 on the open a-file
game		6k1/5ppp/8/8/8/8/5PPP/R5K1 w - - 0 1	a1a2		open_file	moving your rook to a2 on the open a-file
game		6k1/5ppp/8/8/8/8/5PPP/R5K1 w - - 0 1	a1a3	a1a2	open_file	moving your rook to a3 on the open a-file
game		6k1/5ppp/8/8/8/8/5PPP/R5K1 w - - 0 1	a1a3		open_file	moving your rook to a3 on the open a-file
game		6k1/5ppp/8/8/8/8/5PPP/R5K1 w - - 0 1	a1a4	a1a2	open_file	moving your rook to a4 on the open a-file
game		6k1/5ppp/8/8/8/8/5PPP/R5K1 w - - 0 1	a1a4		open_file	moving your rook to a4 on the open a-file
game		6k1/5ppp/8/8/8/8/5PPP/R5K1 w - - 0 1	a1a5	a1a2	open_file	moving your rook to a5 on the open a-file
game		6k1/5ppp/8/8/8/8/5PPP/R5K1 w - - 0 1	a1a5		open_file	moving your rook to a5 on the open a-file
game		6k1/5ppp/8/8/8/8/5PPP/R5K1 w - - 0 1	a1a6	a1a2	open_file	moving your rook to a6 on the open a-file
game		6k1/5ppp/8/8/8/8/5PPP/R5K1 w - - 0 1	a1a6		open_file	moving your rook to a6 on the open a-file
game		6k1/5ppp/8/8/8/8/5PPP/R5K1 w - - 0 1	a1a7	a1a2	open_file	moving your rook to a7 on the open a-file
game		6k1/5ppp/8/8/8/8/5PPP/R5K1 w - - 0 1	a1a7		open_file	moving your rook to a7 on the open a-file
game		6k1/5ppp/8/8/8/8/5PPP/R5K1 w - - 0 1	a1a8	a1a2	check	giving check
game		6k1/5ppp/8/8/8/8/5PPP/R5K1 w - - 0 1	a1a8		check	giving check
game		6k1/5ppp/8/8/8/8/5PPP/R5K1 w - - 0 1	a1b1	a1a2	open_file	moving your rook to b1 on the open b-file
game		6k1/5ppp/8/8/8/8/5PPP/R5K1 w - - 0 1	a1b1		open_file	moving your rook to b1 on the open b-file
game		6k1/5ppp/8/8/8/8/5PPP/R5K1 w - - 0 1	a1c1	a1a2	open_file	moving your rook to c1 on the open c-file
game		6k1/5ppp/8/8/8/8/5PPP/R5K1 w - - 0 1	a1c1		open_file	moving your rook to c1 on the open c-file
game		6k1/5ppp/8/8/8/8/5PPP/R5K1 w - - 0 1	a1d1	a1a2	open_file	moving your rook to d1 on the open d-file
game		6k1/5ppp/8/8/8/8/5PPP/R5K1 w - - 0 1	a1d1		open_file	moving your rook to d1 on the open d-file
game		6k1/5ppp/8/8/8/8/5PPP/R5K1 w - - 0 1	a1e1	a1a2	open_file	moving your rook to e1 on the open e-file
game		6k1/5ppp/8/8/8/8/5PPP/R5K1 w - - 0 1	a1e1		open_file	moving your rook to e1 on the open e-file
game		6k1/5ppp/8/8/8/8/5PPP/R5K1 w - - 0 1	a1f1	a1a2	-	-
game		6k1/5ppp/8/8/8/8/5PPP/R5K1 w - - 0 1	a1f1		-	-
game		6k1/5ppp/8/8/8/8/5PPP/R5K1 w - - 0 1	f2f3	a1a2	-	-
game		6k1/5ppp/8/8/8/8/5PPP/R5K1 w - - 0 1	f2f3		-	-
game		6k1/5ppp/8/8/8/8/5PPP/R5K1 w - - 0 1	f2f4	a1a2	-	-
game		6k1/5ppp/8/8/8/8/5PPP/R5K1 w - - 0 1	f2f4		-	-
game		6k1/5ppp/8/8/8/8/5PPP/R5K1 w - - 0 1	g1f1	a1a2	-	-
game		6k1/5ppp/8/8/8/8/5PPP/R5K1 w - - 0 1	g1f1		-	-
game		6k1/5ppp/8/8/8/8/5PPP/R5K1 w - - 0 1	g1h1	a1a2	-	-
game		6k1/5ppp/8/8/8/8/5PPP/R5K1 w - - 0 1	g1h1		-	-
game		6k1/5ppp/8/8/8/8/5PPP/R5K1 w - - 0 1	g2g3	a1a2	-	-
game		6k1/5ppp/8/8/8/8/5PPP/R5K1 w - - 0 1	g2g3		-	-
game		6k1/5ppp/8/8/8/8/5PPP/R5K1 w - - 0 1	g2g4	a1a2	-	-
game		6k1/5ppp/8/8/8/8/5PPP/R5K1 w - - 0 1	g2g4		-	-
game		6k1/5ppp/8/8/8/8/5PPP/R5K1 w - - 0 1	h2h3	a1a2	-	-
game		6k1/5ppp/8/8/8/8/5PPP/R5K1 w - - 0 1	h2h3		-	-
game		6k1/5ppp/8/8/8/8/5PPP/R5K1 w - - 0 1	h2h4	a1a2	-	-
game		6k1/5ppp/8/8/8/8/5PPP/R5K1 w - - 0 1	h2h4		-	-
game		r1bqkb1r/pppp1ppp/2n1pn2/8/2B5/4PN2/PPPP1PPP/RNBQK2R w KQkq - 0 4	a2a3	a2a4	-	-
game		r1bqkb1r/pppp1ppp/2n1pn2/8/2B5/4PN2/PPPP1PPP/RNBQK2R w KQkq - 0 4	a2a3		-	-
game		r1bqkb1r/pppp1ppp/2n1pn2/8/2B5/4PN2/PPPP1PPP/RNBQK2R w KQkq - 0 4	a2a4	a2a3	-	-
game		r1bqkb1r/pppp1ppp/2n1pn2/8/2B5/4PN2/PPPP1PPP/RNBQK2R w KQkq - 0 4	a2a4		-	-
game		r1bqkb1r/pppp1ppp/2n1pn2/8/2B5/4PN2/PPPP1PPP/RNBQK2R w KQkq - 0 4	b1a3	a2a3	development	developing your knight from b1 to a3 — one more minor piece still sits on its starting square
game		r1bqkb1r/pppp1ppp/2n1pn2/8/2B5/4PN2/PPPP1PPP/RNBQK2R w KQkq - 0 4	b1a3		development	developing your knight from b1 to a3 — one more minor piece still sits on its starting square
game		r1bqkb1r/pppp1ppp/2n1pn2/8/2B5/4PN2/PPPP1PPP/RNBQK2R w KQkq - 0 4	b1c3	a2a3	mobility	moving your knight from b1 to c3, where it covers 6 squares instead of 2
game		r1bqkb1r/pppp1ppp/2n1pn2/8/2B5/4PN2/PPPP1PPP/RNBQK2R w KQkq - 0 4	b1c3		mobility	moving your knight from b1 to c3, where it covers 6 squares instead of 2
game		r1bqkb1r/pppp1ppp/2n1pn2/8/2B5/4PN2/PPPP1PPP/RNBQK2R w KQkq - 0 4	b2b3	a2a3	-	-
game		r1bqkb1r/pppp1ppp/2n1pn2/8/2B5/4PN2/PPPP1PPP/RNBQK2R w KQkq - 0 4	b2b3		-	-
game		r1bqkb1r/pppp1ppp/2n1pn2/8/2B5/4PN2/PPPP1PPP/RNBQK2R w KQkq - 0 4	b2b4	a2a3	-	-
game		r1bqkb1r/pppp1ppp/2n1pn2/8/2B5/4PN2/PPPP1PPP/RNBQK2R w KQkq - 0 4	b2b4		-	-
game		r1bqkb1r/pppp1ppp/2n1pn2/8/2B5/4PN2/PPPP1PPP/RNBQK2R w KQkq - 0 4	c2c3	a2a3	centre_control	adding an attacker to d4 (yours 3 to their 1) in the centre
game		r1bqkb1r/pppp1ppp/2n1pn2/8/2B5/4PN2/PPPP1PPP/RNBQK2R w KQkq - 0 4	c2c3		centre_control	adding an attacker to d4 (yours 3 to their 1) in the centre
game		r1bqkb1r/pppp1ppp/2n1pn2/8/2B5/4PN2/PPPP1PPP/RNBQK2R w KQkq - 0 4	c4a6	a2a3	-	-
game		r1bqkb1r/pppp1ppp/2n1pn2/8/2B5/4PN2/PPPP1PPP/RNBQK2R w KQkq - 0 4	c4a6		-	-
game		r1bqkb1r/pppp1ppp/2n1pn2/8/2B5/4PN2/PPPP1PPP/RNBQK2R w KQkq - 0 4	c4b3	a2a3	-	-
game		r1bqkb1r/pppp1ppp/2n1pn2/8/2B5/4PN2/PPPP1PPP/RNBQK2R w KQkq - 0 4	c4b3		-	-
game		r1bqkb1r/pppp1ppp/2n1pn2/8/2B5/4PN2/PPPP1PPP/RNBQK2R w KQkq - 0 4	c4b5	a2a3	attack	attacking their knight on c6
game		r1bqkb1r/pppp1ppp/2n1pn2/8/2B5/4PN2/PPPP1PPP/RNBQK2R w KQkq - 0 4	c4b5		attack	attacking your knight on c6
game		r1bqkb1r/pppp1ppp/2n1pn2/8/2B5/4PN2/PPPP1PPP/RNBQK2R w KQkq - 0 4	c4d3	a2a3	centre_control	adding an attacker to e4 (yours 1 to their 1) in the centre
game		r1bqkb1r/pppp1ppp/2n1pn2/8/2B5/4PN2/PPPP1PPP/RNBQK2R w KQkq - 0 4	c4d3		centre_control	adding an attacker to e4 (yours 1 to their 1) in the centre
game		r1bqkb1r/pppp1ppp/2n1pn2/8/2B5/4PN2/PPPP1PPP/RNBQK2R w KQkq - 0 4	c4d5	a2a3	attack	attacking their knight on c6
game		r1bqkb1r/pppp1ppp/2n1pn2/8/2B5/4PN2/PPPP1PPP/RNBQK2R w KQkq - 0 4	c4d5		attack	attacking your knight on c6
game		r1bqkb1r/pppp1ppp/2n1pn2/8/2B5/4PN2/PPPP1PPP/RNBQK2R w KQkq - 0 4	c4e2	a2a3	-	-
game		r1bqkb1r/pppp1ppp/2n1pn2/8/2B5/4PN2/PPPP1PPP/RNBQK2R w KQkq - 0 4	c4e2		-	-
game		r1bqkb1r/pppp1ppp/2n1pn2/8/2B5/4PN2/PPPP1PPP/RNBQK2R w KQkq - 0 4	c4e6	a2a3	capture	capturing their pawn on e6
game		r1bqkb1r/pppp1ppp/2n1pn2/8/2B5/4PN2/PPPP1PPP/RNBQK2R w KQkq - 0 4	c4e6		capture	capturing your pawn on e6
game		r1bqkb1r/pppp1ppp/2n1pn2/8/2B5/4PN2/PPPP1PPP/RNBQK2R w KQkq - 0 4	c4f1	a2a3	-	-
game		r1bqkb1r/pppp1ppp/2n1pn2/8/2B5/4PN2/PPPP1PPP/RNBQK2R w KQkq - 0 4	c4f1		-	-
game		r1bqkb1r/pppp1ppp/2n1pn2/8/2B5/4PN2/PPPP1PPP/RNBQK2R w KQkq - 0 4	d1e2	a2a3	-	-
game		r1bqkb1r/pppp1ppp/2n1pn2/8/2B5/4PN2/PPPP1PPP/RNBQK2R w KQkq - 0 4	d1e2		-	-
game		r1bqkb1r/pppp1ppp/2n1pn2/8/2B5/4PN2/PPPP1PPP/RNBQK2R w KQkq - 0 4	d2d3	a2a3	centre_control	adding an attacker to e4 (yours 1 to their 1) in the centre
game		r1bqkb1r/pppp1ppp/2n1pn2/8/2B5/4PN2/PPPP1PPP/RNBQK2R w KQkq - 0 4	d2d3		centre_control	adding an attacker to e4 (yours 1 to their 1) in the centre
game		r1bqkb1r/pppp1ppp/2n1pn2/8/2B5/4PN2/PPPP1PPP/RNBQK2R w KQkq - 0 4	d2d4	a2a3	centre_control	putting a pawn on d4, one of the four centre squares
game		r1bqkb1r/pppp1ppp/2n1pn2/8/2B5/4PN2/PPPP1PPP/RNBQK2R w KQkq - 0 4	d2d4		centre_control	putting a pawn on d4, one of the four centre squares
game		r1bqkb1r/pppp1ppp/2n1pn2/8/2B5/4PN2/PPPP1PPP/RNBQK2R w KQkq - 0 4	e1e2	a2a3	-	-
game		r1bqkb1r/pppp1ppp/2n1pn2/8/2B5/4PN2/PPPP1PPP/RNBQK2R w KQkq - 0 4	e1e2		-	-
game		r1bqkb1r/pppp1ppp/2n1pn2/8/2B5/4PN2/PPPP1PPP/RNBQK2R w KQkq - 0 4	e1f1	a2a3	-	-
game		r1bqkb1r/pppp1ppp/2n1pn2/8/2B5/4PN2/PPPP1PPP/RNBQK2R w KQkq - 0 4	e1f1		-	-
game		r1bqkb1r/pppp1ppp/2n1pn2/8/2B5/4PN2/PPPP1PPP/RNBQK2R w KQkq - 0 4	e1g1	a2a3	castle	castling short to tuck your king onto g1 and connect your rooks
game		r1bqkb1r/pppp1ppp/2n1pn2/8/2B5/4PN2/PPPP1PPP/RNBQK2R w KQkq - 0 4	e1g1		castle	castling short to tuck your king onto g1 and connect your rooks
game		r1bqkb1r/pppp1ppp/2n1pn2/8/2B5/4PN2/PPPP1PPP/RNBQK2R w KQkq - 0 4	e3e4	a2a3	centre_control	putting a pawn on e4, one of the four centre squares
game		r1bqkb1r/pppp1ppp/2n1pn2/8/2B5/4PN2/PPPP1PPP/RNBQK2R w KQkq - 0 4	e3e4		centre_control	putting a pawn on e4, one of the four centre squares
game		r1bqkb1r/pppp1ppp/2n1pn2/8/2B5/4PN2/PPPP1PPP/RNBQK2R w KQkq - 0 4	f3d4	a2a3	attack	attacking their knight on c6
game		r1bqkb1r/pppp1ppp/2n1pn2/8/2B5/4PN2/PPPP1PPP/RNBQK2R w KQkq - 0 4	f3d4		attack	attacking your knight on c6
game		r1bqkb1r/pppp1ppp/2n1pn2/8/2B5/4PN2/PPPP1PPP/RNBQK2R w KQkq - 0 4	f3e5	a2a3	attack	attacking their knight on c6
game		r1bqkb1r/pppp1ppp/2n1pn2/8/2B5/4PN2/PPPP1PPP/RNBQK2R w KQkq - 0 4	f3e5		attack	attacking your knight on c6
game		r1bqkb1r/pppp1ppp/2n1pn2/8/2B5/4PN2/PPPP1PPP/RNBQK2R w KQkq - 0 4	f3g1	a2a3	-	-
game		r1bqkb1r/pppp1ppp/2n1pn2/8/2B5/4PN2/PPPP1PPP/RNBQK2R w KQkq - 0 4	f3g1		-	-
game		r1bqkb1r/pppp1ppp/2n1pn2/8/2B5/4PN2/PPPP1PPP/RNBQK2R w KQkq - 0 4	f3g5	a2a3	centre_control	adding an attacker to e4 (yours 1 to their 1) in the centre
game		r1bqkb1r/pppp1ppp/2n1pn2/8/2B5/4PN2/PPPP1PPP/RNBQK2R w KQkq - 0 4	f3g5		centre_control	adding an attacker to e4 (yours 1 to their 1) in the centre
game		r1bqkb1r/pppp1ppp/2n1pn2/8/2B5/4PN2/PPPP1PPP/RNBQK2R w KQkq - 0 4	f3h4	a2a3	-	-
game		r1bqkb1r/pppp1ppp/2n1pn2/8/2B5/4PN2/PPPP1PPP/RNBQK2R w KQkq - 0 4	f3h4		-	-
game		r1bqkb1r/pppp1ppp/2n1pn2/8/2B5/4PN2/PPPP1PPP/RNBQK2R w KQkq - 0 4	g2g3	a2a3	-	-
game		r1bqkb1r/pppp1ppp/2n1pn2/8/2B5/4PN2/PPPP1PPP/RNBQK2R w KQkq - 0 4	g2g3		-	-
game		r1bqkb1r/pppp1ppp/2n1pn2/8/2B5/4PN2/PPPP1PPP/RNBQK2R w KQkq - 0 4	g2g4	a2a3	-	-
game		r1bqkb1r/pppp1ppp/2n1pn2/8/2B5/4PN2/PPPP1PPP/RNBQK2R w KQkq - 0 4	g2g4		-	-
game		r1bqkb1r/pppp1ppp/2n1pn2/8/2B5/4PN2/PPPP1PPP/RNBQK2R w KQkq - 0 4	h1f1	a2a3	-	-
game		r1bqkb1r/pppp1ppp/2n1pn2/8/2B5/4PN2/PPPP1PPP/RNBQK2R w KQkq - 0 4	h1f1		-	-
game		r1bqkb1r/pppp1ppp/2n1pn2/8/2B5/4PN2/PPPP1PPP/RNBQK2R w KQkq - 0 4	h1g1	a2a3	-	-
game		r1bqkb1r/pppp1ppp/2n1pn2/8/2B5/4PN2/PPPP1PPP/RNBQK2R w KQkq - 0 4	h1g1		-	-
game		r1bqkb1r/pppp1ppp/2n1pn2/8/2B5/4PN2/PPPP1PPP/RNBQK2R w KQkq - 0 4	h2h3	a2a3	-	-
game		r1bqkb1r/pppp1ppp/2n1pn2/8/2B5/4PN2/PPPP1PPP/RNBQK2R w KQkq - 0 4	h2h3		-	-
game		r1bqkb1r/pppp1ppp/2n1pn2/8/2B5/4PN2/PPPP1PPP/RNBQK2R w KQkq - 0 4	h2h4	a2a3	-	-
game		r1bqkb1r/pppp1ppp/2n1pn2/8/2B5/4PN2/PPPP1PPP/RNBQK2R w KQkq - 0 4	h2h4		-	-
game		r1bqkb1r/pppp1ppp/4pn2/4n1N1/2B5/4P3/PPPP1PPP/RNBQK2R w KQkq - 2 5	a2a3	a2a4	-	-
game		r1bqkb1r/pppp1ppp/4pn2/4n1N1/2B5/4P3/PPPP1PPP/RNBQK2R w KQkq - 2 5	a2a3		-	-
game		r1bqkb1r/pppp1ppp/4pn2/4n1N1/2B5/4P3/PPPP1PPP/RNBQK2R w KQkq - 2 5	a2a4	a2a3	-	-
game		r1bqkb1r/pppp1ppp/4pn2/4n1N1/2B5/4P3/PPPP1PPP/RNBQK2R w KQkq - 2 5	a2a4		-	-
game		r1bqkb1r/pppp1ppp/4pn2/4n1N1/2B5/4P3/PPPP1PPP/RNBQK2R w KQkq - 2 5	b1a3	a2a3	defend	defending your bishop on c4
game		r1bqkb1r/pppp1ppp/4pn2/4n1N1/2B5/4P3/PPPP1PPP/RNBQK2R w KQkq - 2 5	b1a3		defend	defending your bishop on c4
game		r1bqkb1r/pppp1ppp/4pn2/4n1N1/2B5/4P3/PPPP1PPP/RNBQK2R w KQkq - 2 5	b1c3	a2a3	mobility	moving your knight from b1 to c3, where it covers 6 squares instead of 2
game		r1bqkb1r/pppp1ppp/4pn2/4n1N1/2B5/4P3/PPPP1PPP/RNBQK2R w KQkq - 2 5	b1c3		mobility	moving your knight from b1 to c3, where it covers 6 squares instead of 2
game		r1bqkb1r/pppp1ppp/4pn2/4n1N1/2B5/4P3/PPPP1PPP/RNBQK2R w KQkq - 2 5	b2b3	a2a3	defend	defending your bishop on c4
game		r1bqkb1r/pppp1ppp/4pn2/4n1N1/2B5/4P3/PPPP1PPP/RNBQK2R w KQkq - 2 5	b2b3		defend	defending your bishop on c4
game		r1bqkb1r/pppp1ppp/4pn2/4n1N1/2B5/4P3/PPPP1PPP/RNBQK2R w KQkq - 2 5	b2b4	a2a3	-	-
game		r1bqkb1r/pppp1ppp/4pn2/4n1N1/2B5/4P3/PPPP1PPP/RNBQK2R w KQkq - 2 5	b2b4		-	-
game		r1bqkb1r/pppp1ppp/4pn2/4n1N1/2B5/4P3/PPPP1PPP/RNBQK2R w KQkq - 2 5	c2c3	a2a3	-	-
game		r1bqkb1r/pppp1ppp/4pn2/4n1N1/2B5/4P3/PPPP1PPP/RNBQK2R w KQkq - 2 5	c2c3		-	-
game		r1bqkb1r/pppp1ppp/4pn2/4n1N1/2B5/4P3/PPPP1PPP/RNBQK2R w KQkq - 2 5	c4a6	a2a3	-	-
game		r1bqkb1r/pppp1ppp/4pn2/4n1N1/2B5/4P3/PPPP1PPP/RNBQK2R w KQkq - 2 5	c4a6		-	-
game		r1bqkb1r/pppp1ppp/4pn2/4n1N1/2B5/4P3/PPPP1PPP/RNBQK2R w KQkq - 2 5	c4b3	a2a3	escape	moving your bishop off c4 where it was attacked
game		r1bqkb1r/pppp1ppp/4pn2/4n1N1/2B5/4P3/PPPP1PPP/RNBQK2R w KQkq - 2 5	c4b3		escape	moving your bishop off c4 where it was attacked
game		r1bqkb1r/pppp1ppp/4pn2/4n1N1/2B5/4P3/PPPP1PPP/RNBQK2R w KQkq - 2 5	c4b5	a2a3	escape	moving your bishop off c4 where it was attacked
game		r1bqkb1r/pppp1ppp/4pn2/4n1N1/2B5/4P3/PPPP1PPP/RNBQK2R w KQkq - 2 5	c4b5		escape	moving your bishop off c4 where it was attacked
game		r1bqkb1r/pppp1ppp/4pn2/4n1N1/2B5/4P3/PPPP1PPP/RNBQK2R w KQkq - 2 5	c4d3	a2a3	centre_control	taking control of e4 (yours 2 to their 1) in the centre
game		r1bqkb1r/pppp1ppp/4pn2/4n1N1/2B5/4P3/PPPP1PPP/RNBQK2R w KQkq - 2 5	c4d3		centre_control	taking control of e4 (yours 2 to their 1) in the centre
game		r1bqkb1r/pppp1ppp/4pn2/4n1N1/2B5/4P3/PPPP1PPP/RNBQK2R w KQkq - 2 5	c4d5	a2a3	centre_control	taking control of e4 (yours 2 to their 1) in the centre
game		r1bqkb1r/pppp1ppp/4pn2/4n1N1/2B5/4P3/PPPP1PPP/RNBQK2R w KQkq - 2 5	c4d5		centre_control	taking control of e4 (yours 2 to their 1) in the centre
game		r1bqkb1r/pppp1ppp/4pn2/4n1N1/2B5/4P3/PPPP1PPP/RNBQK2R w KQkq - 2 5	c4e2	a2a3	escape	moving your bishop off c4 where it was attacked
game		r1bqkb1r/pppp1ppp/4pn2/4n1N1/2B5/4P3/PPPP1PPP/RNBQK2R w KQkq - 2 5	c4e2		escape	moving your bishop off c4 where it was attacked
game		r1bqkb1r/pppp1ppp/4pn2/4n1N1/2B5/4P3/PPPP1PPP/RNBQK2R w KQkq - 2 5	c4e6	a2a3	capture	capturing their pawn on e6
game		r1bqkb1r/pppp1ppp/4pn2/4n1N1/2B5/4P3/PPPP1PPP/RNBQK2R w KQkq - 2 5	c4e6		capture	capturing your pawn on e6
game		r1bqkb1r/pppp1ppp/4pn2/4n1N1/2B5/4P3/PPPP1PPP/RNBQK2R w KQkq - 2 5	c4f1	a2a3	escape	moving your bishop off c4 where it was attacked
game		r1bqkb1r/pppp1ppp/4pn2/4n1N1/2B5/4P3/PPPP1PPP/RNBQK2R w KQkq - 2 5	c4f1		escape	moving your bishop off c4 where it was attacked
game		r1bqkb1r/pppp1ppp/4pn2/4n1N1/2B5/4P3/PPPP1PPP/RNBQK2R w KQkq - 2 5	d1e2	a2a3	defend	defending your bishop on c4
game		r1bqkb1r/pppp1ppp/4pn2/4n1N1/2B5/4P3/PPPP1PPP/RNBQK2R w KQkq - 2 5	d1e2		defend	defending your bishop on c4
game		r1bqkb1r/pppp1ppp/4pn2/4n1N1/2B5/4P3/PPPP1PPP/RNBQK2R w KQkq - 2 5	d1f3	a2a3	attack	attacking their knight on f6
game		r1bqkb1r/pppp1ppp/4pn2/4n1N1/2B5/4P3/PPPP1PPP/RNBQK2R w KQkq - 2 5	d1f3		attack	attacking your knight on f6
game		r1bqkb1r/pppp1ppp/4pn2/4n1N1/2B5/4P3/PPPP1PPP/RNBQK2R w KQkq - 2 5	d1g4	a2a3	defend	defending your bishop on c4
game		r1bqkb1r/pppp1ppp/4pn2/4n1N1/2B5/4P3/PPPP1PPP/RNBQK2R w KQkq - 2 5	d1g4		defend	defending your bishop on c4
game		r1bqkb1r/pppp1ppp/4pn2/4n1N1/2B5/4P3/PPPP1PPP/RNBQK2R w KQkq - 2 5	d1h5	a2a3	-	-
game		r1bqkb1r/pppp1ppp/4pn2/4n1N1/2B5/4P3/PPPP1PPP/RNBQK2R w KQkq - 2 5	d1h5		-	-
game		r1bqkb1r/pppp1ppp/4pn2/4n1N1/2B5/4P3/PPPP1PPP/RNBQK2R w KQkq - 2 5	d2d3	a2a3	defend	defending your bishop on c4
game		r1bqkb1r/pppp1ppp/4pn2/4n1N1/2B5/4P3/PPPP1PPP/RNBQK2R w KQkq - 2 5	d2d3		defend	defending your bishop on c4
game		r1bqkb1r/pppp1ppp/4pn2/4n1N1/2B5/4P3/PPPP1PPP/RNBQK2R w KQkq - 2 5	d2d4	a2a3	attack	attacking their undefended knight on e5
game		r1bqkb1r/pppp1ppp/4pn2/4n1N1/2B5/4P3/PPPP1PPP/RNBQK2R w KQkq - 2 5	d2d4		attack	attacking your undefended knight on e5
game		r1bqkb1r/pppp1ppp/4pn2/4n1N1/2B5/4P3/PPPP1PPP/RNBQK2R w KQkq - 2 5	e1e2	a2a3	-	-
game		r1bqkb1r/pppp1ppp/4pn2/4n1N1/2B5/4P3/PPPP1PPP/RNBQK2R w KQkq - 2 5	e1e2		-	-
game		r1bqkb1r/pppp1ppp/4pn2/4n1N1/2B5/4P3/PPPP1PPP/RNBQK2R w KQkq - 2 5	e1f1	a2a3	-	-
game		r1bqkb1r/pppp1ppp/4pn2/4n1N1/2B5/4P3/PPPP1PPP/RNBQK2R w KQkq - 2 5	e1f1		-	-
game		r1bqkb1r/pppp1ppp/4pn2/4n1N1/2B5/4P3/PPPP1PPP/RNBQK2R w KQkq - 2 5	e1g1	a2a3	castle	castling short to tuck your king onto g1 and connect your rooks
game		r1bqkb1r/pppp1ppp/4pn2/4n1N1/2B5/4P3/PPPP1PPP/RNBQK2R w KQkq - 2 5	e1g1		castle	castling short to tuck your king onto g1 and connect your rooks
game		r1bqkb1r/pppp1ppp/4pn2/4n1N1/2B5/4P3/PPPP1PPP/RNBQK2R w KQkq - 2 5	e3e4	a2a3	centre_control	putting a pawn on e4, one of the four centre squares
game		r1bqkb1r/pppp1ppp/4pn2/4n1N1/2B5/4P3/PPPP1PPP/RNBQK2R w KQkq - 2 5	e3e4		centre_control	putting a pawn on e4, one of the four centre squares
game		r1bqkb1r/pppp1ppp/4pn2/4n1N1/2B5/4P3/PPPP1PPP/RNBQK2R w KQkq - 2 5	f2f3	a2a3	centre_control	taking control of e4 (yours 2 to their 1) in the centre
game		r1bqkb1r/pppp1ppp/4pn2/4n1N1/2B5/4P3/PPPP1PPP/RNBQK2R w KQkq - 2 5	f2f3		centre_control	taking control of e4 (yours 2 to their 1) in the centre
game		r1bqkb1r/pppp1ppp/4pn2/4n1N1/2B5/4P3/PPPP1PPP/RNBQK2R w KQkq - 2 5	f2f4	a2a3	attack	attacking their undefended knight on e5
game		r1bqkb1r/pppp1ppp/4pn2/4n1N1/2B5/4P3/PPPP1PPP/RNBQK2R w KQkq - 2 5	f2f4		attack	attacking your undefended knight on e5
game		r1bqkb1r/pppp1ppp/4pn2/4n1N1/2B5/4P3/PPPP1PPP/RNBQK2R w KQkq - 2 5	g2g3	a2a3	-	-
game		r1bqkb1r/pppp1ppp/4pn2/4n1N1/2B5/4P3/PPPP1PPP/RNBQK2R w KQkq - 2 5	g2g3		-	-
game		r1bqkb1r/pppp1ppp/4pn2/4n1N1/2B5/4P3/PPPP1PPP/RNBQK2R w KQkq - 2 5	g2g4	a2a3	-	-
game		r1bqkb1r/pppp1ppp/4pn2/4n1N1/2B5/4P3/PPPP1PPP/RNBQK2R w KQkq - 2 5	g2g4		-	-
game		r1bqkb1r/pppp1ppp/4pn2/4n1N1/2B5/4P3/PPPP1PPP/RNBQK2R w KQkq - 2 5	g5e4	a2a3	attack	attacking their knight on f6
game		r1bqkb1r/pppp1ppp/4pn2/4n1N1/2B5/4P3/PPPP1PPP/RNBQK2R w KQkq - 2 5	g5e4		attack	attacking your knight on f6
game		r1bqkb1r/pppp1ppp/4pn2/4n1N1/2B5/4P3/PPPP1PPP/RNBQK2R w KQkq - 2 5	g5e6	a2a3	capture	capturing their pawn on e6
game		r1bqkb1r/pppp1ppp/4pn2/4n1N1/2B5/4P3/PPPP1PPP/RNBQK2R w KQkq - 2 5	g5e6		capture	capturing your pawn on e6
game		r1bqkb1r/pppp1ppp/4pn2/4n1N1/2B5/4P3/PPPP1PPP/RNBQK2R w KQkq - 2 5	g5f3	a2a3	attack	attacking their undefended knight on e5
game		r1bqkb1r/pppp1ppp/4pn2/4n1N1/2B5/4P3/PPPP1PPP/RNBQK2R w KQkq - 2 5	g5f3		attack	attacking your undefended knight on e5
game		r1bqkb1r/pppp1ppp/4pn2/4n1N1/2B5/4P3/PPPP1PPP/RNBQK2R w KQkq - 2 5	g5f7	a2a3	capture	capturing their pawn on f7
game		r1bqkb1r/pppp1ppp/4pn2/4n1N1/2B5/4P3/PPPP1PPP/RNBQK2R w KQkq - 2 5	g5f7		capture	capturing your pawn on f7
game		r1bqkb1r/pppp1ppp/4pn2/4n1N1/2B5/4P3/PPPP1PPP/RNBQK2R w KQkq - 2 5	g5h3	a2a3	-	-
game		r1bqkb1r/pppp1ppp/4pn2/4n1N1/2B5/4P3/PPPP1PPP/RNBQK2R w KQkq - 2 5	g5h3		-	-
game		r1bqkb1r/pppp1ppp/4pn2/4n1N1/2B5/4P3/PPPP1PPP/RNBQK2R w KQkq - 2 5	g5h7	a2a3	capture	capturing their pawn on h7
game		r1bqkb1r/pppp1ppp/4pn2/4n1N1/2B5/4P3/PPPP1PPP/RNBQK2R w KQkq - 2 5	g5h7		capture	capturing your pawn on h7
game		r1bqkb1r/pppp1ppp/4pn2/4n1N1/2B5/4P3/PPPP1PPP/RNBQK2R w KQkq - 2 5	h1f1	a2a3	-	-
game		r1bqkb1r/pppp1ppp/4pn2/4n1N1/2B5/4P3/PPPP1PPP/RNBQK2R w KQkq - 2 5	h1f1		-	-
game		r1bqkb1r/pppp1ppp/4pn2/4n1N1/2B5/4P3/PPPP1PPP/RNBQK2R w KQkq - 2 5	h1g1	a2a3	-	-
game		r1bqkb1r/pppp1ppp/4pn2/4n1N1/2B5/4P3/PPPP1PPP/RNBQK2R w KQkq - 2 5	h1g1		-	-
game		r1bqkb1r/pppp1ppp/4pn2/4n1N1/2B5/4P3/PPPP1PPP/RNBQK2R w KQkq - 2 5	h2h3	a2a3	-	-
game		r1bqkb1r/pppp1ppp/4pn2/4n1N1/2B5/4P3/PPPP1PPP/RNBQK2R w KQkq - 2 5	h2h3		-	-
game		r1bqkb1r/pppp1ppp/4pn2/4n1N1/2B5/4P3/PPPP1PPP/RNBQK2R w KQkq - 2 5	h2h4	a2a3	-	-
game		r1bqkb1r/pppp1ppp/4pn2/4n1N1/2B5/4P3/PPPP1PPP/RNBQK2R w KQkq - 2 5	h2h4		-	-
game		r1bqkb1r/pppp1ppp/4p3/4n1N1/2B3n1/1P2P3/P1PP1PPP/RNBQK2R w KQkq - 1 6	a2a3	a2a4	-	-
game		r1bqkb1r/pppp1ppp/4p3/4n1N1/2B3n1/1P2P3/P1PP1PPP/RNBQK2R w KQkq - 1 6	a2a3		-	-
game		r1bqkb1r/pppp1ppp/4p3/4n1N1/2B3n1/1P2P3/P1PP1PPP/RNBQK2R w KQkq - 1 6	a2a4	a2a3	-	-
game		r1bqkb1r/pppp1ppp/4p3/4n1N1/2B3n1/1P2P3/P1PP1PPP/RNBQK2R w KQkq - 1 6	a2a4		-	-
game		r1bqkb1r/pppp1ppp/4p3/4n1N1/2B3n1/1P2P3/P1PP1PPP/RNBQK2R w KQkq - 1 6	b1a3	a2a3	extra_defender	adding a defender to your bishop on c4
game		r1bqkb1r/pppp1ppp/4p3/4n1N1/2B3n1/1P2P3/P1PP1PPP/RNBQK2R w KQkq - 1 6	b1a3		extra_defender	adding a defender to your bishop on c4
game		r1bqkb1r/pppp1ppp/4p3/4n1N1/2B3n1/1P2P3/P1PP1PPP/RNBQK2R w KQkq - 1 6	b1c3	a2a3	mobility	moving your knight from b1 to c3, where it covers 6 squares instead of 2
game		r1bqkb1r/pppp1ppp/4p3/4n1N1/2B3n1/1P2P3/P1PP1PPP/RNBQK2R w KQkq - 1 6	b1c3		mobility	moving your knight from b1 to c3, where it covers 6 squares instead of 2
game		r1bqkb1r/pppp1ppp/4p3/4n1N1/2B3n1/1P2P3/P1PP1PPP/RNBQK2R w KQkq - 1 6	b3b4	a2a3	-	-
game		r1bqkb1r/pppp1ppp/4p3/4n1N1/2B3n1/1P2P3/P1PP1PPP/RNBQK2R w KQkq - 1 6	b3b4		-	-
game		r1bqkb1r/pppp1ppp/4p3/4n1N1/2B3n1/1P2P3/P1PP1PPP/RNBQK2R w KQkq - 1 6	c1a3	a2a3	attack	attacking their bishop on f8
game		r1bqkb1r/pppp1ppp/4p3/4n1N1/2B3n1/1P2P3/P1PP1PPP/RNBQK2R w KQkq - 1 6	c1a3		attack	attacking your bishop on f8
game		r1bqkb1r/pppp1ppp/4p3/4n1N1/2B3n1/1P2P3/P1PP1PPP/RNBQK2R w KQkq - 1 6	c1b2	a2a3	attack	attacking their knight on e5
game		r1bqkb1r/pppp1ppp/4p3/4n1N1/2B3n1/1P2P3/P1PP1PPP/RNBQK2R w KQkq - 1 6	c1b2		attack	attacking your knight on e5
game		r1bqkb1r/pppp1ppp/4p3/4n1N1/2B3n1/1P2P3/P1PP1PPP/RNBQK2R w KQkq - 1 6	c2c3	a2a3	-	-
game		r1bqkb1r/pppp1ppp/4p3/4n1N1/2B3n1/1P2P3/P1PP1PPP/RNBQK2R w KQkq - 1 6	c2c3		-	-
game		r1bqkb1r/pppp1ppp/4p3/4n1N1/2B3n1/1P2P3/P1PP1PPP/RNBQK2R w KQkq - 1 6	c4a6	a2a3	-	-
game		r1bqkb1r/pppp1ppp/4p3/4n1N1/2B3n1/1P2P3/P1PP1PPP/RNBQK2R w KQkq - 1 6	c4a6		-	-
game		r1bqkb1r/pppp1ppp/4p3/4n1N1/2B3n1/1P2P3/P1PP1PPP/RNBQK2R w KQkq - 1 6	c4b5	a2a3	escape	moving your bishop off c4 where it was attacked
game		r1bqkb1r/pppp1ppp/4p3/4n1N1/2B3n1/1P2P3/P1PP1PPP/RNBQK2R w KQkq - 1 6	c4b5		escape	moving your bishop off c4 where it was attacked
game		r1bqkb1r/pppp1ppp/4p3/4n1N1/2B3n1/1P2P3/P1PP1PPP/RNBQK2R w KQkq - 1 6	c4d3	a2a3	-	-
game		r1bqkb1r/pppp1ppp/4p3/4n1N1/2B3n1/1P2P3/P1PP1PPP/RNBQK2R w KQkq - 1 6	c4d3		-	-
game		r1bqkb1r/pppp1ppp/4p3/4n1N1/2B3n1/1P2P3/P1PP1PPP/RNBQK2R w KQkq - 1 6	c4d5	a2a3	-	-
game		r1bqkb1r/pppp1ppp/4p3/4n1N1/2B3n1/1P2P3/P1PP1PPP/RNBQK2R w KQkq - 1 6	c4d5		-	-
game		r1bqkb1r/pppp1ppp/4p3/4n1N1/2B3n1/1P2P3/P1PP1PPP/RNBQK2R w KQkq - 1 6	c4e2	a2a3	attack	attacking their knight on g4
game		r1bqkb1r/pppp1ppp/4p3/4n1N1/2B3n1/1P2P3/P1PP1PPP/RNBQK2R w KQkq - 1 6	c4e2		attack	attacking your knight on g4
game		r1bqkb1r/pppp1ppp/4p3/4n1N1/2B3n1/1P2P3/P1PP1PPP/RNBQK2R w KQkq - 1 6	c4e6	a2a3	capture	capturing their pawn on e6
game		r1bqkb1r/pppp1ppp/4p3/4n1N1/2B3n1/1P2P3/P1PP1PPP/RNBQK2R w KQkq - 1 6	c4e6		capture	capturing your pawn on e6
game		r1bqkb1r/pppp1ppp/4p3/4n1N1/2B3n1/1P2P3/P1PP1PPP/RNBQK2R w KQkq - 1 6	c4f1	a2a3	escape	moving your bishop off c4 where it was attacked
game		r1bqkb1r/pppp1ppp/4p3/4n1N1/2B3n1/1P2P3/P1PP1PPP/RNBQK2R w KQkq - 1 6	c4f1		escape	moving your bishop off c4 where it was attacked
game		r1bqkb1r/pppp1ppp/4p3/4n1N1/2B3n1/1P2P3/P1PP1PPP/RNBQK2R w KQkq - 1 6	d1e2	a2a3	attack	attacking their knight on g4
game		r1bqkb1r/pppp1ppp/4p3/4n1N1/2B3n1/1P2P3/P1PP1PPP/RNBQK2R w KQkq - 1 6	d1e2		attack	attacking your knight on g4
game		r1bqkb1r/pppp1ppp/4p3/4n1N1/2B3n1/1P2P3/P1PP1PPP/RNBQK2R w KQkq - 1 6	d1f3	a2a3	attack	attacking their knight on g4
game		r1bqkb1r/pppp1ppp/4p3/4n1N1/2B3n1/1P2P3/P1PP1PPP/RNBQK2R w KQkq - 1 6	d1f3		attack	attacking your knight on g4
game		r1bqkb1r/pppp1ppp/4p3/4n1N1/2B3n1/1P2P3/P1PP1PPP/RNBQK2R w KQkq - 1 6	d1g4	a2a3	capture	capturing their knight on g4
game		r1bqkb1r/pppp1ppp/4p3/4n1N1/2B3n1/1P2P3/P1PP1PPP/RNBQK2R w KQkq - 1 6	d1g4		capture	capturing your knight on g4
game		r1bqkb1r/pppp1ppp/4p3/4n1N1/2B3n1/1P2P3/P1PP1PPP/RNBQK2R w KQkq - 1 6	d2d3	a2a3	extra_defender	adding a defender to your bishop on c4
game		r1bqkb1r/pppp1ppp/4p3/4n1N1/2B3n1/1P2P3/P1PP1PPP/RNBQK2R w KQkq - 1 6	d2d3		extra_defender	adding a defender to your bishop on c4
game		r1bqkb1r/pppp1ppp/4p3/4n1N1/2B3n1/1P2P3/P1PP1PPP/RNBQK2R w KQkq - 1 6	d2d4	a2a3	attack	attacking their knight on e5
game		r1bqkb1r/pppp1ppp/4p3/4n1N1/2B3n1/1P2P3/P1PP1PPP/RNBQK2R w KQkq - 1 6	d2d4		attack	attacking your knight on e5
game		r1bqkb1r/pppp1ppp/4p3/4n1N1/2B3n1/1P2P3/P1PP1PPP/RNBQK2R w KQkq - 1 6	e1e2	a2a3	defend	defending your pawn on f2
game		r1bqkb1r/pppp1ppp/4p3/4n1N1/2B3n1/1P2P3/P1PP1PPP/RNBQK2R w KQkq - 1 6	e1e2		defend	defending your pawn on f2
game		r1bqkb1r/pppp1ppp/4p3/4n1N1/2B3n1/1P2P3/P1PP1PPP/RNBQK2R w KQkq - 1 6	e1f1	a2a3	defend	defending your pawn on f2
game		r1bqkb1r/pppp1ppp/4p3/4n1N1/2B3n1/1P2P3/P1PP1PPP/RNBQK2R w KQkq - 1 6	e1f1		defend	defending your pawn on f2
game		r1bqkb1r/pppp1ppp/4p3/4n1N1/2B3n1/1P2P3/P1PP1PPP/RNBQK2R w KQkq - 1 6	e1g1	a2a3	defend	defending your pawn on h2
game		r1bqkb1r/pppp1ppp/4p3/4n1N1/2B3n1/1P2P3/P1PP1PPP/RNBQK2R w KQkq - 1 6	e1g1		defend	defending your pawn on h2
game		r1bqkb1r/pppp1ppp/4p3/4n1N1/2B3n1/1P2P3/P1PP1PPP/RNBQK2R w KQkq - 1 6	e3e4	a2a3	escape	moving your pawn off e3 where it was attacked
game		r1bqkb1r/pppp1ppp/4p3/4n1N1/2B3n1/1P2P3/P1PP1PPP/RNBQK2R w KQkq - 1 6	e3e4		escape	moving your pawn off e3 where it was attacked
game		r1bqkb1r/pppp1ppp/4p3/4n1N1/2B3n1/1P2P3/P1PP1PPP/RNBQK2R w KQkq - 1 6	f2f3	a2a3	attack	attacking their knight on g4
game		r1bqkb1r/pppp1ppp/4p3/4n1N1/2B3n1/1P2P3/P1PP1PPP/RNBQK2R w KQkq - 1 6	f2f3		attack	attacking your knight on g4
game		r1bqkb1r/pppp1ppp/4p3/4n1N1/2B3n1/1P2P3/P1PP1PPP/RNBQK2R w KQkq - 1 6	f2f4	a2a3	attack	attacking their knight on e5
game		r1bqkb1r/pppp1ppp/4p3/4n1N1/2B3n1/1P2P3/P1PP1PPP/RNBQK2R w KQkq - 1 6	f2f4		attack	attacking your knight on e5
game		r1bqkb1r/pppp1ppp/4p3/4n1N1/2B3n1/1P2P3/P1PP1PPP/RNBQK2R w KQkq - 1 6	g2g3	a2a3	-	-
game		r1bqkb1r/pppp1ppp/4p3/4n1N1/2B3n1/1P2P3/P1PP1PPP/RNBQK2R w KQkq - 1 6	g2g3		-	-
game		r1bqkb1r/pppp1ppp/4p3/4n1N1/2B3n1/1P2P3/P1PP1PPP/RNBQK2R w KQkq - 1 6	g5e4	a2a3	escape	moving your knight off g5 where it was attacked
game		r1bqkb1r/pppp1ppp/4p3/4n1N1/2B3n1/1P2P3/P1PP1PPP/RNBQK2R w KQkq - 1 6	g5e4		escape	moving your knight off g5 where it was attacked
game		r1bqkb1r/pppp1ppp/4p3/4n1N1/2B3n1/1P2P3/P1PP1PPP/RNBQK2R w KQkq - 1 6	g5e6	a2a3	capture	capturing their pawn on e6
game		r1bqkb1r/pppp1ppp/4p3/4n1N1/2B3n1/1P2P3/P1PP1PPP/RNBQK2R w KQkq - 1 6	g5e6		capture	capturing your pawn on e6
game		r1bqkb1r/pppp1ppp/4p3/4n1N1/2B3n1/1P2P3/P1PP1PPP/RNBQK2R w KQkq - 1 6	g5f3	a2a3	attack	attacking their knight on e5
game		r1bqkb1r/pppp1ppp/4p3/4n1N1/2B3n1/1P2P3/P1PP1PPP/RNBQK2R w KQkq - 1 6	g5f3		attack	attacking your knight on e5
game		r1bqkb1r/pppp1ppp/4p3/4n1N1/2B3n1/1P2P3/P1PP1PPP/RNBQK2R w KQkq - 1 6	g5f7	a2a3	capture	capturing their pawn on f7
game		r1bqkb1r/pppp1ppp/4p3/4n1N1/2B3n1/1P2P3/P1PP1PPP/RNBQK2R w KQkq - 1 6	g5f7		capture	capturing your pawn on f7
game		r1bqkb1r/pppp1ppp/4p3/4n1N1/2B3n1/1P2P3/P1PP1PPP/RNBQK2R w KQkq - 1 6	g5h3	a2a3	escape	moving your knight off g5 where it was attacked
game		r1bqkb1r/pppp1ppp/4p3/4n1N1/2B3n1/1P2P3/P1PP1PPP/RNBQK2R w KQkq - 1 6	g5h3		escape	moving your knight off g5 where it was attacked
game		r1bqkb1r/pppp1ppp/4p3/4n1N1/2B3n1/1P2P3/P1PP1PPP/RNBQK2R w KQkq - 1 6	g5h7	a2a3	capture	capturing their pawn on h7
game		r1bqkb1r/pppp1ppp/4p3/4n1N1/2B3n1/1P2P3/P1PP1PPP/RNBQK2R w KQkq - 1 6	g5h7		capture	capturing your pawn on h7
game		r1bqkb1r/pppp1ppp/4p3/4n1N1/2B3n1/1P2P3/P1PP1PPP/RNBQK2R w KQkq - 1 6	h1f1	a2a3	extra_defender	adding a defender to your pawn on f2
game		r1bqkb1r/pppp1ppp/4p3/4n1N1/2B3n1/1P2P3/P1PP1PPP/RNBQK2R w KQkq - 1 6	h1f1		extra_defender	adding a defender to your pawn on f2
game		r1bqkb1r/pppp1ppp/4p3/4n1N1/2B3n1/1P2P3/P1PP1PPP/RNBQK2R w KQkq - 1 6	h1g1	a2a3	-	-
game		r1bqkb1r/pppp1ppp/4p3/4n1N1/2B3n1/1P2P3/P1PP1PPP/RNBQK2R w KQkq - 1 6	h1g1		-	-
game		r1bqkb1r/pppp1ppp/4p3/4n1N1/2B3n1/1P2P3/P1PP1PPP/RNBQK2R w KQkq - 1 6	h2h3	a2a3	attack	attacking their knight on g4
game		r1bqkb1r/pppp1ppp/4p3/4n1N1/2B3n1/1P2P3/P1PP1PPP/RNBQK2R w KQkq - 1 6	h2h3		attack	attacking your knight on g4
game		r1bqkb1r/pppp1ppp/4p3/4n1N1/2B3n1/1P2P3/P1PP1PPP/RNBQK2R w KQkq - 1 6	h2h4	a2a3	escape	moving your pawn off h2 where it was attacked
game		r1bqkb1r/pppp1ppp/4p3/4n1N1/2B3n1/1P2P3/P1PP1PPP/RNBQK2R w KQkq - 1 6	h2h4		escape	moving your pawn off h2 where it was attacked
game		r1bqkb1r/pppp1ppp/4p3/4n1N1/2B2P2/1P2n3/P1PP2PP/RNBQK2R w KQkq - 0 7	a2a3	a2a4	-	-
game		r1bqkb1r/pppp1ppp/4p3/4n1N1/2B2P2/1P2n3/P1PP2PP/RNBQK2R w KQkq - 0 7	a2a3		-	-
game		r1bqkb1r/pppp1ppp/4p3/4n1N1/2B2P2/1P2n3/P1PP2PP/RNBQK2R w KQkq - 0 7	a2a4	a2a3	-	-
game		r1bqkb1r/pppp1ppp/4p3/4n1N1/2B2P2/1P2n3/P1PP2PP/RNBQK2R w KQkq - 0 7	a2a4		-	-
game		r1bqkb1r/pppp1ppp/4p3/4n1N1/2B2P2/1P2n3/P1PP2PP/RNBQK2R w KQkq - 0 7	b1a3	a2a3	extra_defender	adding a defender to your pawn on c2
game		r1bqkb1r/pppp1ppp/4p3/4n1N1/2B2P2/1P2n3/P1PP2PP/RNBQK2R w KQkq - 0 7	b1a3		extra_defender	adding a defender to your pawn on c2
game		r1bqkb1r/pppp1ppp/4p3/4n1N1/2B2P2/1P2n3/P1PP2PP/RNBQK2R w KQkq - 0 7	b1c3	a2a3	mobility	moving your knight from b1 to c3, where it covers 6 squares instead of 2
game		r1bqkb1r/pppp1ppp/4p3/4n1N1/2B2P2/1P2n3/P1PP2PP/RNBQK2R w KQkq - 0 7	b1c3		mobility	moving your knight from b1 to c3, where it covers 6 squares instead of 2
game		r1bqkb1r/pppp1ppp/4p3/4n1N1/2B2P2/1P2n3/P1PP2PP/RNBQK2R w KQkq - 0 7	b3b4	a2a3	-	-
game		r1bqkb1r/pppp1ppp/4p3/4n1N1/2B2P2/1P2n3/P1PP2PP/RNBQK2R w KQkq - 0 7	b3b4		-	-
game		r1bqkb1r/pppp1ppp/4p3/4n1N1/2B2P2/1P2n3/P1PP2PP/RNBQK2R w KQkq - 0 7	c1a3	a2a3	attack	attacking their bishop on f8
game		r1bqkb1r/pppp1ppp/4p3/4n1N1/2B2P2/1P2n3/P1PP2PP/RNBQK2R w KQkq - 0 7	c1a3		attack	attacking your bishop on f8
game		r1bqkb1r/pppp1ppp/4p3/4n1N1/2B2P2/1P2n3/P1PP2PP/RNBQK2R w KQkq - 0 7	c1b2	a2a3	attack	attacking their undefended knight on e5
game		r1bqkb1r/pppp1ppp/4p3/4n1N1/2B2P2/1P2n3/P1PP2PP/RNBQK2R w KQkq - 0 7	c1b2		attack	attacking your undefended knight on e5
game		r1bqkb1r/pppp1ppp/4p3/4n1N1/2B2P2/1P2n3/P1PP2PP/RNBQK2R w KQkq - 0 7	c2c3	a2a3	escape	moving your pawn off c2 where it was attacked
game		r1bqkb1r/pppp1ppp/4p3/4n1N1/2B2P2/1P2n3/P1PP2PP/RNBQK2R w KQkq - 0 7	c2c3		escape	moving your pawn off c2 where it was attacked
game		r1bqkb1r/pppp1ppp/4p3/4n1N1/2B2P2/1P2n3/P1PP2PP/RNBQK2R w KQkq - 0 7	c4a6	a2a3	-	-
game		r1bqkb1r/pppp1ppp/4p3/4n1N1/2B2P2/1P2n3/P1PP2PP/RNBQK2R w KQkq - 0 7	c4a6		-	-
game		r1bqkb1r/pppp1ppp/4p3/4n1N1/2B2P2/1P2n3/P1PP2PP/RNBQK2R w KQkq - 0 7	c4b5	a2a3	escape	moving your bishop off c4 where it was attacked
game		r1bqkb1r/pppp1ppp/4p3/4n1N1/2B2P2/1P2n3/P1PP2PP/RNBQK2R w KQkq - 0 7	c4b5		escape	moving your bishop off c4 where it was attacked
game		r1bqkb1r/pppp1ppp/4p3/4n1N1/2B2P2/1P2n3/P1PP2PP/RNBQK2R w KQkq - 0 7	c4d3	a2a3	extra_defender	adding a defender to your pawn on c2
game		r1bqkb1r/pppp1ppp/4p3/4n1N1/2B2P2/1P2n3/P1PP2PP/RNBQK2R w KQkq - 0 7	c4d3		extra_defender	adding a defender to your pawn on c2
game		r1bqkb1r/pppp1ppp/4p3/4n1N1/2B2P2/1P2n3/P1PP2PP/RNBQK2R w KQkq - 0 7	c4d5	a2a3	defend	defending your pawn on g2
game		r1bqkb1r/pppp1ppp/4p3/4n1N1/2B2P2/1P2n3/P1PP2PP/RNBQK2R w KQkq - 0 7	c4d5		defend	defending your pawn on g2
game		r1bqkb1r/pppp1ppp/4p3/4n1N1/2B2P2/1P2n3/P1PP2PP/RNBQK2R w KQkq - 0 7	c4e2	a2a3	escape	moving your bishop off c4 where it was attacked
game		r1bqkb1r/pppp1ppp/4p3/4n1N1/2B2P2/1P2n3/P1PP2PP/RNBQK2R w KQkq - 0 7	c4e2		escape	moving your bishop off c4 where it was attacked
game		r1bqkb1r/pppp1ppp/4p3/4n1N1/2B2P2/1P2n3/P1PP2PP/RNBQK2R w KQkq - 0 7	c4e6	a2a3	capture	capturing their pawn on e6
game		r1bqkb1r/pppp1ppp/4p3/4n1N1/2B2P2/1P2n3/P1PP2PP/RNBQK2R w KQkq - 0 7	c4e6		capture	capturing your pawn on e6
game		r1bqkb1r/pppp1ppp/4p3/4n1N1/2B2P2/1P2n3/P1PP2PP/RNBQK2R w KQkq - 0 7	c4f1	a2a3	defend	defending your pawn on g2
game		r1bqkb1r/pppp1ppp/4p3/4n1N1/2B2P2/1P2n3/P1PP2PP/RNBQK2R w KQkq - 0 7	c4f1		defend	defending your pawn on g2
game		r1bqkb1r/pppp1ppp/4p3/4n1N1/2B2P2/1P2n3/P1PP2PP/RNBQK2R w KQkq - 0 7	d1e2	a2a3	attack	attacking their undefended knight on e3
game		r1bqkb1r/pppp1ppp/4p3/4n1N1/2B2P2/1P2n3/P1PP2PP/RNBQK2R w KQkq - 0 7	d1e2		attack	attacking your undefended knight on e3
game		r1bqkb1r/pppp1ppp/4p3/4n1N1/2B2P2/1P2n3/P1PP2PP/RNBQK2R w KQkq - 0 7	d1f3	a2a3	attack	attacking their undefended knight on e3
game		r1bqkb1r/pppp1ppp/4p3/4n1N1/2B2P2/1P2n3/P1PP2PP/RNBQK2R w KQkq - 0 7	d1f3		attack	attacking your undefended knight on e3
game		r1bqkb1r/pppp1ppp/4p3/4n1N1/2B2P2/1P2n3/P1PP2PP/RNBQK2R w KQkq - 0 7	d1g4	a2a3	defend	defending your pawn on g2
game		r1bqkb1r/pppp1ppp/4p3/4n1N1/2B2P2/1P2n3/P1PP2PP/RNBQK2R w KQkq - 0 7	d1g4		defend	defending your pawn on g2
game		r1bqkb1r/pppp1ppp/4p3/4n1N1/2B2P2/1P2n3/P1PP2PP/RNBQK2R w KQkq - 0 7	d1h5	a2a3	escape	moving your queen off d1 where it was attacked
game		r1bqkb1r/pppp1ppp/4p3/4n1N1/2B2P2/1P2n3/P1PP2PP/RNBQK2R w KQkq - 0 7	d1h5		escape	moving your queen off d1 where it was attacked
game		r1bqkb1r/pppp1ppp/4p3/4n1N1/2B2P2/1P2n3/P1PP2PP/RNBQK2R w KQkq - 0 7	d2d3	a2a3	extra_defender	adding a defender to your bishop on c4
game		r1bqkb1r/pppp1ppp/4p3/4n1N1/2B2P2/1P2n3/P1PP2PP/RNBQK2R w KQkq - 0 7	d2d3		extra_defender	adding a defender to your bishop on c4
game		r1bqkb1r/pppp1ppp/4p3/4n1N1/2B2P2/1P2n3/P1PP2PP/RNBQK2R w KQkq - 0 7	d2d4	a2a3	attack	attacking their undefended knight on e5
game		r1bqkb1r/pppp1ppp/4p3/4n1N1/2B2P2/1P2n3/P1PP2PP/RNBQK2R w KQkq - 0 7	d2d4		attack	attacking your undefended knight on e5
game		r1bqkb1r/pppp1ppp/4p3/4n1N1/2B2P2/1P2n3/P1PP2PP/RNBQK2R w KQkq - 0 7	d2e3	a2a3	capture	capturing their knight on e3
game		r1bqkb1r/pppp1ppp/4p3/4n1N1/2B2P2/1P2n3/P1PP2PP/RNBQK2R w KQkq - 0 7	d2e3		capture	capturing your knight on e3
game		r1bqkb1r/pppp1ppp/4p3/4n1N1/2B2P2/1P2n3/P1PP2PP/RNBQK2R w KQkq - 0 7	e1e2	a2a3	attack	attacking their undefended knight on e3
game		r1bqkb1r/pppp1ppp/4p3/4n1N1/2B2P2/1P2n3/P1PP2PP/RNBQK2R w KQkq - 0 7	e1e2		attack	attacking your undefended knight on e3
game		r1bqkb1r/pppp1ppp/4p3/4n1N1/2B2P2/1P2n3/P1PP2PP/RNBQK2R w KQkq - 0 7	e1f2	a2a3	attack	attacking their undefended knight on e3
game		r1bqkb1r/pppp1ppp/4p3/4n1N1/2B2P2/1P2n3/P1PP2PP/RNBQK2R w KQkq - 0 7	e1f2		attack	attacking your undefended knight on e3
game		r1bqkb1r/pppp1ppp/4p3/4n1N1/2B2P2/1P2n3/P1PP2PP/RNBQK2R w KQkq - 0 7	f4e5	a2a3	capture	capturing their knight on e5
game		r1bqkb1r/pppp1ppp/4p3/4n1N1/2B2P2/1P2n3/P1PP2PP/RNBQK2R w KQkq - 0 7	f4e5		capture	capturing your knight on e5
game		r1bqkb1r/pppp1ppp/4p3/4n1N1/2B2P2/1P2n3/P1PP2PP/RNBQK2R w KQkq - 0 7	f4f5	a2a3	-	-
game		r1bqkb1r/pppp1ppp/4p3/4n1N1/2B2P2/1P2n3/P1PP2PP/RNBQK2R w KQkq - 0 7	f4f5		-	-
game		r1bqkb1r/pppp1ppp/4p3/4n1N1/2B2P2/1P2n3/P1PP2PP/RNBQK2R w KQkq - 0 7	g2g3	a2a3	escape	moving your pawn off g2 where it was attacked
game		r1bqkb1r/pppp1ppp/4p3/4n1N1/2B2P2/1P2n3/P1PP2PP/RNBQK2R w KQkq - 0 7	g2g3		escape	moving your pawn off g2 where it was attacked
game		r1bqkb1r/pppp1ppp/4p3/4n1N1/2B2P2/1P2n3/P1PP2PP/RNBQK2R w KQkq - 0 7	g2g4	a2a3	-	-
game		r1bqkb1r/pppp1ppp/4p3/4n1N1/2B2P2/1P2n3/P1PP2PP/RNBQK2R w KQkq - 0 7	g2g4		-	-
game		r1bqkb1r/pppp1ppp/4p3/4n1N1/2B2P2/1P2n3/P1PP2PP/RNBQK2R w KQkq - 0 7	g5e4	a2a3	escape	moving your knight off g5 where it was attacked
game		r1bqkb1r/pppp1ppp/4p3/4n1N1/2B2P2/1P2n3/P1PP2PP/RNBQK2R w KQkq - 0 7	g5e4		escape	moving your knight off g5 where it was attacked
game		r1bqkb1r/pppp1ppp/4p3/4n1N1/2B2P2/1P2n3/P1PP2PP/RNBQK2R w KQkq - 0 7	g5e6	a2a3	capture	capturing their pawn on e6
game		r1bqkb1r/pppp1ppp/4p3/4n1N1/2B2P2/1P2n3/P1PP2PP/RNBQK2R w KQkq - 0 7	g5e6		capture	capturing your pawn on e6
game		r1bqkb1r/pppp1ppp/4p3/4n1N1/2B2P2/1P2n3/P1PP2PP/RNBQK2R w KQkq - 0 7	g5f3	a2a3	attack	attacking their undefended knight on e5
game		r1bqkb1r/pppp1ppp/4p3/4n1N1/2B2P2/1P2n3/P1PP2PP/RNBQK2R w KQkq - 0 7	g5f3		attack	attacking your undefended knight on e5
game		r1bqkb1r/pppp1ppp/4p3/4n1N1/2B2P2/1P2n3/P1PP2PP/RNBQK2R w KQkq - 0 7	g5f7	a2a3	capture	capturing their pawn on f7
game		r1bqkb1r/pppp1ppp/4p3/4n1N1/2B2P2/1P2n3/P1PP2PP/RNBQK2R w KQkq - 0 7	g5f7		capture	capturing your pawn on f7
game		r1bqkb1r/pppp1ppp/4p3/4n1N1/2B2P2/1P2n3/P1PP2PP/RNBQK2R w KQkq - 0 7	g5h3	a2a3	escape	moving your knight off g5 where it was attacked
game		r1bqkb1r/pppp1ppp/4p3/4n1N1/2B2P2/1P2n3/P1PP2PP/RNBQK2R w KQkq - 0 7	g5h3		escape	moving your knight off g5 where it was attacked
game		r1bqkb1r/pppp1ppp/4p3/4n1N1/2B2P2/1P2n3/P1PP2PP/RNBQK2R w KQkq - 0 7	g5h7	a2a3	capture	capturing their pawn on h7
game		r1bqkb1r/pppp1ppp/4p3/4n1N1/2B2P2/1P2n3/P1PP2PP/RNBQK2R w KQkq - 0 7	g5h7		capture	capturing your pawn on h7
game		r1bqkb1r/pppp1ppp/4p3/4n1N1/2B2P2/1P2n3/P1PP2PP/RNBQK2R w KQkq - 0 7	h1f1	a2a3	-	-
game		r1bqkb1r/pppp1ppp/4p3/4n1N1/2B2P2/1P2n3/P1PP2PP/RNBQK2R w KQkq - 0 7	h1f1		-	-
game		r1bqkb1r/pppp1ppp/4p3/4n1N1/2B2P2/1P2n3/P1PP2PP/RNBQK2R w KQkq - 0 7	h1g1	a2a3	defend	defending your pawn on g2
game		r1bqkb1r/pppp1ppp/4p3/4n1N1/2B2P2/1P2n3/P1PP2PP/RNBQK2R w KQkq - 0 7	h1g1		defend	defending your pawn on g2
game		r1bqkb1r/pppp1ppp/4p3/4n1N1/2B2P2/1P2n3/P1PP2PP/RNBQK2R w KQkq - 0 7	h2h3	a2a3	-	-
game		r1bqkb1r/pppp1ppp/4p3/4n1N1/2B2P2/1P2n3/P1PP2PP/RNBQK2R w KQkq - 0 7	h2h3		-	-
game		r1bqkb1r/pppp1ppp/4p3/4n1N1/2B2P2/1P2n3/P1PP2PP/RNBQK2R w KQkq - 0 7	h2h4	a2a3	extra_defender	adding a defender to your knight on g5
game		r1bqkb1r/pppp1ppp/4p3/4n1N1/2B2P2/1P2n3/P1PP2PP/RNBQK2R w KQkq - 0 7	h2h4		extra_defender	adding a defender to your knight on g5
game		r1bqk2r/pppp1ppp/4p3/4n1N1/1bB2P2/1P2P3/P1P3PP/RNBQK2R w KQkq - 1 8	b1c3	b1d2	development	developing your knight from b1 to c3 — one more minor piece still sits on its starting square
game		r1bqk2r/pppp1ppp/4p3/4n1N1/1bB2P2/1P2P3/P1P3PP/RNBQK2R w KQkq - 1 8	b1c3		development	developing your knight from b1 to c3 — one more minor piece still sits on its starting square
game		r1bqk2r/pppp1ppp/4p3/4n1N1/1bB2P2/1P2P3/P1P3PP/RNBQK2R w KQkq - 1 8	b1d2	b1c3	extra_defender	adding a defender to your bishop on c4
game		r1bqk2r/pppp1ppp/4p3/4n1N1/1bB2P2/1P2P3/P1P3PP/RNBQK2R w KQkq - 1 8	b1d2		extra_defender	adding a defender to your bishop on c4
game		r1bqk2r/pppp1ppp/4p3/4n1N1/1bB2P2/1P2P3/P1P3PP/RNBQK2R w KQkq - 1 8	c1d2	b1c3	attack	attacking their undefended bishop on b4
game		r1bqk2r/pppp1ppp/4p3/4n1N1/1bB2P2/1P2P3/P1P3PP/RNBQK2R w KQkq - 1 8	c1d2		attack	attacking your undefended bishop on b4
game		r1bqk2r/pppp1ppp/4p3/4n1N1/1bB2P2/1P2P3/P1P3PP/RNBQK2R w KQkq - 1 8	c2c3	b1c3	attack	attacking their undefended bishop on b4
game		r1bqk2r/pppp1ppp/4p3/4n1N1/1bB2P2/1P2P3/P1P3PP/RNBQK2R w KQkq - 1 8	c2c3		attack	attacking your undefended bishop on b4
game		r1bqk2r/pppp1ppp/4p3/4n1N1/1bB2P2/1P2P3/P1P3PP/RNBQK2R w KQkq - 1 8	d1d2	b1c3	attack	attacking their undefended bishop on b4
game		r1bqk2r/pppp1ppp/4p3/4n1N1/1bB2P2/1P2P3/P1P3PP/RNBQK2R w KQkq - 1 8	d1d2		attack	attacking your undefended bishop on b4
game		r1bqk2r/pppp1ppp/4p3/4n1N1/1bB2P2/1P2P3/P1P3PP/RNBQK2R w KQkq - 1 8	e1e2	b1c3	escape	moving your king off e1 where it was attacked
game		r1bqk2r/pppp1ppp/4p3/4n1N1/1bB2P2/1P2P3/P1P3PP/RNBQK2R w KQkq - 1 8	e1e2		escape	moving your king off e1 where it was attacked
game		r1bqk2r/pppp1ppp/4p3/4n1N1/1bB2P2/1P2P3/P1P3PP/RNBQK2R w KQkq - 1 8	e1f1	b1c3	escape	moving your king off e1 where it was attacked
game		r1bqk2r/pppp1ppp/4p3/4n1N1/1bB2P2/1P2P3/P1P3PP/RNBQK2R w KQkq - 1 8	e1f1		escape	moving your king off e1 where it was attacked
game		r1bqk2r/pppp1ppp/4p3/4n1N1/1bB2P2/1P2P3/P1P3PP/RNBQK2R w KQkq - 1 8	e1f2	b1c3	escape	moving your king off e1 where it was attacked
game		r1bqk2r/pppp1ppp/4p3/4n1N1/1bB2P2/1P2P3/P1P3PP/RNBQK2R w KQkq - 1 8	e1f2		escape	moving your king off e1 where it was attacked
game		r1bqk2r/pppp1ppp/4p1n1/6N1/1bB2P2/1P2P3/P1P1K1PP/RNBQ3R w kq - 3 9	a2a3	a2a4	attack	attacking their undefended bishop on b4
game		r1bqk2r/pppp1ppp/4p1n1/6N1/1bB2P2/1P2P3/P1P1K1PP/RNBQ3R w kq - 3 9	a2a3		attack	attacking your undefended bishop on b4
game		r1bqk2r/pppp1ppp/4p1n1/6N1/1bB2P2/1P2P3/P1P1K1PP/RNBQ3R w kq - 3 9	a2a4	a2a3	-	-
game		r1bqk2r/pppp1ppp/4p1n1/6N1/1bB2P2/1P2P3/P1P1K1PP/RNBQ3R w kq - 3 9	a2a4		-	-
game		r1bqk2r/pppp1ppp/4p1n1/6N1/1bB2P2/1P2P3/P1P1K1PP/RNBQ3R w kq - 3 9	b1a3	a2a3	development	developing your knight from b1 to a3 — one more minor piece still sits on its starting square
game		r1bqk2r/pppp1ppp/4p1n1/6N1/1bB2P2/1P2P3/P1P1K1PP/RNBQ3R w kq - 3 9	b1a3		development	developing your knight from b1 to a3 — one more minor piece still sits on its starting square
game		r1bqk2r/pppp1ppp/4p1n1/6N1/1bB2P2/1P2P3/P1P1K1PP/RNBQ3R w kq - 3 9	b1c3	a2a3	development	developing your knight from b1 to c3 — one more minor piece still sits on its starting square
game		r1bqk2r/pppp1ppp/4p1n1/6N1/1bB2P2/1P2P3/P1P1K1PP/RNBQ3R w kq - 3 9	b1c3		development	developing your knight from b1 to c3 — one more minor piece still sits on its starting square
game		r1bqk2r/pppp1ppp/4p1n1/6N1/1bB2P2/1P2P3/P1P1K1PP/RNBQ3R w kq - 3 9	b1d2	a2a3	development	developing your knight from b1 to d2 — one more minor piece still sits on its starting square
game		r1bqk2r/pppp1ppp/4p1n1/6N1/1bB2P2/1P2P3/P1P1K1PP/RNBQ3R w kq - 3 9	b1d2		development	developing your knight from b1 to d2 — one more minor piece still sits on its starting square
game		r1bqk2r/pppp1ppp/4p1n1/6N1/1bB2P2/1P2P3/P1P1K1PP/RNBQ3R w kq - 3 9	c1a3	a2a3	attack	attacking their undefended bishop on b4
game		r1bqk2r/pppp1ppp/4p1n1/6N1/1bB2P2/1P2P3/P1P1K1PP/RNBQ3R w kq - 3 9	c1a3		attack	attacking your undefended bishop on b4
game		r1bqk2r/pppp1ppp/4p1n1/6N1/1bB2P2/1P2P3/P1P1K1PP/RNBQ3R w kq - 3 9	c1b2	a2a3	development	developing your bishop from c1 to b2 — one more minor piece still sits on its starting square
game		r1bqk2r/pppp1ppp/4p1n1/6N1/1bB2P2/1P2P3/P1P1K1PP/RNBQ3R w kq - 3 9	c1b2		development	developing your bishop from c1 to b2 — one more minor piece still sits on its starting square
game		r1bqk2r/pppp1ppp/4p1n1/6N1/1bB2P2/1P2P3/P1P1K1PP/RNBQ3R w kq - 3 9	c1d2	a2a3	attack	attacking their undefended bishop on b4
game		r1bqk2r/pppp1ppp/4p1n1/6N1/1bB2P2/1P2P3/P1P1K1PP/RNBQ3R w kq - 3 9	c1d2		attack	attacking your undefended bishop on b4
game		r1bqk2r/pppp1ppp/4p1n1/6N1/1bB2P2/1P2P3/P1P1K1PP/RNBQ3R w kq - 3 9	c2c3	a2a3	attack	attacking their undefended bishop on b4
game		r1bqk2r/pppp1ppp/4p1n1/6N1/1bB2P2/1P2P3/P1P1K1PP/RNBQ3R w kq - 3 9	c2c3		attack	attacking your undefended bishop on b4
game		r1bqk2r/pppp1ppp/4p1n1/6N1/1bB2P2/1P2P3/P1P1K1PP/RNBQ3R w kq - 3 9	c4a6	a2a3	-	-
game		r1bqk2r/pppp1ppp/4p1n1/6N1/1bB2P2/1P2P3/P1P1K1PP/RNBQ3R w kq - 3 9	c4a6		-	-
game		r1bqk2r/pppp1ppp/4p1n1/6N1/1bB2P2/1P2P3/P1P1K1PP/RNBQ3R w kq - 3 9	c4b5	a2a3	-	-
game		r1bqk2r/pppp1ppp/4p1n1/6N1/1bB2P2/1P2P3/P1P1K1PP/RNBQ3R w kq - 3 9	c4b5		-	-
game		r1bqk2r/pppp1ppp/4p1n1/6N1/1bB2P2/1P2P3/P1P1K1PP/RNBQ3R w kq - 3 9	c4d3	a2a3	attack	attacking their knight on g6
game		r1bqk2r/pppp1ppp/4p1n1/6N1/1bB2P2/1P2P3/P1P1K1PP/RNBQ3R w kq - 3 9	c4d3		attack	attacking your knight on g6
game		r1bqk2r/pppp1ppp/4p1n1/6N1/1bB2P2/1P2P3/P1P1K1PP/RNBQ3R w kq - 3 9	c4d5	a2a3	-	-
game		r1bqk2r/pppp1ppp/4p1n1/6N1/1bB2P2/1P2P3/P1P1K1PP/RNBQ3R w kq - 3 9	c4d5		-	-
game		r1bqk2r/pppp1ppp/4p1n1/6N1/1bB2P2/1P2P3/P1P1K1PP/RNBQ3R w kq - 3 9	c4e6	a2a3	capture	capturing their pawn on e6
game		r1bqk2r/pppp1ppp/4p1n1/6N1/1bB2P2/1P2P3/P1P1K1PP/RNBQ3R w kq - 3 9	c4e6		capture	capturing your pawn on e6
game		r1bqk2r/pppp1ppp/4p1n1/6N1/1bB2P2/1P2P3/P1P1K1PP/RNBQ3R w kq - 3 9	d1d2	a2a3	attack	attacking their undefended bishop on b4
game		r1bqk2r/pppp1ppp/4p1n1/6N1/1bB2P2/1P2P3/P1P1K1PP/RNBQ3R w kq - 3 9	d1d2		attack	attacking your undefended bishop on b4
game		r1bqk2r/pppp1ppp/4p1n1/6N1/1bB2P2/1P2P3/P1P1K1PP/RNBQ3R w kq - 3 9	d1d3	a2a3	attack	attacking their knight on g6
game		r1bqk2r/pppp1ppp/4p1n1/6N1/1bB2P2/1P2P3/P1P1K1PP/RNBQ3R w kq - 3 9	d1d3		attack	attacking your knight on g6
game		r1bqk2r/pppp1ppp/4p1n1/6N1/1bB2P2/1P2P3/P1P1K1PP/RNBQ3R w kq - 3 9	d1d4	a2a3	open_file	moving your queen to d4 on the half-open d-file
game		r1bqk2r/pppp1ppp/4p1n1/6N1/1bB2P2/1P2P3/P1P1K1PP/RNBQ3R w kq - 3 9	d1d4		open_file	moving your queen to d4 on the half-open d-file
game		r1bqk2r/pppp1ppp/4p1n1/6N1/1bB2P2/1P2P3/P1P1K1PP/RNBQ3R w kq - 3 9	d1d5	a2a3	open_file	moving your queen to d5 on the half-open d-file
game		r1bqk2r/pppp1ppp/4p1n1/6N1/1bB2P2/1P2P3/P1P1K1PP/RNBQ3R w kq - 3 9	d1d5		open_file	moving your queen to d5 on the half-open d-file
game		r1bqk2r/pppp1ppp/4p1n1/6N1/1bB2P2/1P2P3/P1P1K1PP/RNBQ3R w kq - 3 9	d1d6	a2a3	attack	attacking their undefended bishop on b4
game		r1bqk2r/pppp1ppp/4p1n1/6N1/1bB2P2/1P2P3/P1P1K1PP/RNBQ3R w kq - 3 9	d1d6		attack	attacking your undefended bishop on b4
game		r1bqk2r/pppp1ppp/4p1n1/6N1/1bB2P2/1P2P3/P1P1K1PP/RNBQ3R w kq - 3 9	d1d7	a2a3	capture	capturing their pawn on d7
game		r1bqk2r/pppp1ppp/4p1n1/6N1/1bB2P2/1P2P3/P1P1K1PP/RNBQ3R w kq - 3 9	d1d7		capture	capturing your pawn on d7
game		r1bqk2r/pppp1ppp/4p1n1/6N1/1bB2P2/1P2P3/P1P1K1PP/RNBQ3R w kq - 3 9	d1e1	a2a3	attack	attacking their undefended bishop on b4
game		r1bqk2r/pppp1ppp/4p1n1/6N1/1bB2P2/1P2P3/P1P1K1PP/RNBQ3R w kq - 3 9	d1e1		attack	attacking your undefended bishop on b4
game		r1bqk2r/pppp1ppp/4p1n1/6N1/1bB2P2/1P2P3/P1P1K1PP/RNBQ3R w kq - 3 9	d1f1	a2a3	extra_defender	adding a defender to your pawn on f4
game		r1bqk2r/pppp1ppp/4p1n1/6N1/1bB2P2/1P2P3/P1P1K1PP/RNBQ3R w kq - 3 9	d1f1		extra_defender	adding a defender to your pawn on f4
game		r1bqk2r/pppp1ppp/4p1n1/6N1/1bB2P2/1P2P3/P1P1K1PP/RNBQ3R w kq - 3 9	d1g1	a2a3	-	-
game		r1bqk2r/pppp1ppp/4p1n1/6N1/1bB2P2/1P2P3/P1P1K1PP/RNBQ3R w kq - 3 9	d1g1		-	-
game		r1bqk2r/pppp1ppp/4p1n1/6N1/1bB2P2/1P2P3/P1P1K1PP/RNBQ3R w kq - 3 9	e2d3	a2a3	-	-
game		r1bqk2r/pppp1ppp/4p1n1/6N1/1bB2P2/1P2P3/P1P1K1PP/RNBQ3R w kq - 3 9	e2d3		-	-
game		r1bqk2r/pppp1ppp/4p1n1/6N1/1bB2P2/1P2P3/P1P1K1PP/RNBQ3R w kq - 3 9	e2f1	a2a3	-	-
game		r1bqk2r/pppp1ppp/4p1n1/6N1/1bB2P2/1P2P3/P1P1K1PP/RNBQ3R w kq - 3 9	e2f1		-	-
game		r1bqk2r/pppp1ppp/4p1n1/6N1/1bB2P2/1P2P3/P1P1K1PP/RNBQ3R w kq - 3 9	e2f2	a2a3	-	-
game		r1bqk2r/pppp1ppp/4p1n1/6N1/1bB2P2/1P2P3/P1P1K1PP/RNBQ3R w kq - 3 9	e2f2		-	-
game		r1bqk2r/pppp1ppp/4p1n1/6N1/1bB2P2/1P2P3/P1P1K1PP/RNBQ3R w kq - 3 9	e2f3	a2a3	extra_defender	adding a defender to your pawn on f4
game		r1bqk2r/pppp1ppp/4p1n1/6N1/1bB2P2/1P2P3/P1P1K1PP/RNBQ3R w kq - 3 9	e2f3		extra_defender	adding a defender to your pawn on f4
game		r1bqk2r/pppp1ppp/4p1n1/6N1/1bB2P2/1P2P3/P1P1K1PP/RNBQ3R w kq - 3 9	e3e4	a2a3	centre_control	putting a pawn on e4, one of the four centre squares
game		r1bqk2r/pppp1ppp/4p1n1/6N1/1bB2P2/1P2P3/P1P1K1PP/RNBQ3R w kq - 3 9	e3e4		centre_control	putting a pawn on e4, one of the four centre squares
game		r1bqk2r/pppp1ppp/4p1n1/6N1/1bB2P2/1P2P3/P1P1K1PP/RNBQ3R w kq - 3 9	f4f5	a2a3	attack	attacking their knight on g6
game		r1bqk2r/pppp1ppp/4p1n1/6N1/1bB2P2/1P2P3/P1P1K1PP/RNBQ3R w kq - 3 9	f4f5		attack	attacking your knight on g6
game		r1bqk2r/pppp1ppp/4p1n1/6N1/1bB2P2/1P2P3/P1P1K1PP/RNBQ3R w kq - 3 9	g2g3	a2a3	extra_defender	adding a defender to your pawn on f4
game		r1bqk2r/pppp1ppp/4p1n1/6N1/1bB2P2/1P2P3/P1P1K1PP/RNBQ3R w kq - 3 9	g2g3		extra_defender	adding a defender to your pawn on f4
game		r1bqk2r/pppp1ppp/4p1n1/6N1/1bB2P2/1P2P3/P1P1K1PP/RNBQ3R w kq - 3 9	g2g4	a2a3	-	-
game		r1bqk2r/pppp1ppp/4p1n1/6N1/1bB2P2/1P2P3/P1P1K1PP/RNBQ3R w kq - 3 9	g2g4		-	-
game		r1bqk2r/pppp1ppp/4p1n1/6N1/1bB2P2/1P2P3/P1P1K1PP/RNBQ3R w kq - 3 9	g5e4	a2a3	escape	moving your knight off g5 where it was attacked
game		r1bqk2r/pppp1ppp/4p1n1/6N1/1bB2P2/1P2P3/P1P1K1PP/RNBQ3R w kq - 3 9	g5e4		escape	moving your knight off g5 where it was attacked
game		r1bqk2r/pppp1ppp/4p1n1/6N1/1bB2P2/1P2P3/P1P1K1PP/RNBQ3R w kq - 3 9	g5e6	a2a3	capture	capturing their pawn on e6
game		r1bqk2r/pppp1ppp/4p1n1/6N1/1bB2P2/1P2P3/P1P1K1PP/RNBQ3R w kq - 3 9	g5e6		capture	capturing your pawn on e6
game		r1bqk2r/pppp1ppp/4p1n1/6N1/1bB2P2/1P2P3/P1P1K1PP/RNBQ3R w kq - 3 9	g5f3	a2a3	escape	moving your knight off g5 where it was attacked
game		r1bqk2r/pppp1ppp/4p1n1/6N1/1bB2P2/1P2P3/P1P1K1PP/RNBQ3R w kq - 3 9	g5f3		escape	moving your knight off g5 where it was attacked
game		r1bqk2r/pppp1ppp/4p1n1/6N1/1bB2P2/1P2P3/P1P1K1PP/RNBQ3R w kq - 3 9	g5f7	a2a3	capture	capturing their pawn on f7
game		r1bqk2r/pppp1ppp/4p1n1/6N1/1bB2P2/1P2P3/P1P1K1PP/RNBQ3R w kq - 3 9	g5f7		capture	capturing your pawn on f7
game		r1bqk2r/pppp1ppp/4p1n1/6N1/1bB2P2/1P2P3/P1P1K1PP/RNBQ3R w kq - 3 9	g5h3	a2a3	escape	moving your knight off g5 where it was attacked
game		r1bqk2r/pppp1ppp/4p1n1/6N1/1bB2P2/1P2P3/P1P1K1PP/RNBQ3R w kq - 3 9	g5h3		escape	moving your knight off g5 where it was attacked
game		r1bqk2r/pppp1ppp/4p1n1/6N1/1bB2P2/1P2P3/P1P1K1PP/RNBQ3R w kq - 3 9	g5h7	a2a3	capture	capturing their pawn on h7
game		r1bqk2r/pppp1ppp/4p1n1/6N1/1bB2P2/1P2P3/P1P1K1PP/RNBQ3R w kq - 3 9	g5h7		capture	capturing your pawn on h7
game		r1bqk2r/pppp1ppp/4p1n1/6N1/1bB2P2/1P2P3/P1P1K1PP/RNBQ3R w kq - 3 9	h1e1	a2a3	-	-
game		r1bqk2r/pppp1ppp/4p1n1/6N1/1bB2P2/1P2P3/P1P1K1PP/RNBQ3R w kq - 3 9	h1e1		-	-
game		r1bqk2r/pppp1ppp/4p1n1/6N1/1bB2P2/1P2P3/P1P1K1PP/RNBQ3R w kq - 3 9	h1f1	a2a3	extra_defender	adding a defender to your pawn on f4
game		r1bqk2r/pppp1ppp/4p1n1/6N1/1bB2P2/1P2P3/P1P1K1PP/RNBQ3R w kq - 3 9	h1f1		extra_defender	adding a defender to your pawn on f4
game		r1bqk2r/pppp1ppp/4p1n1/6N1/1bB2P2/1P2P3/P1P1K1PP/RNBQ3R w kq - 3 9	h1g1	a2a3	-	-
game		r1bqk2r/pppp1ppp/4p1n1/6N1/1bB2P2/1P2P3/P1P1K1PP/RNBQ3R w kq - 3 9	h1g1		-	-
game		r1bqk2r/pppp1ppp/4p1n1/6N1/1bB2P2/1P2P3/P1P1K1PP/RNBQ3R w kq - 3 9	h2h3	a2a3	-	-
game		r1bqk2r/pppp1ppp/4p1n1/6N1/1bB2P2/1P2P3/P1P1K1PP/RNBQ3R w kq - 3 9	h2h3		-	-
game		r1bqk2r/pppp1ppp/4p1n1/6N1/1bB2P2/1P2P3/P1P1K1PP/RNBQ3R w kq - 3 9	h2h4	a2a3	extra_defender	adding a defender to your knight on g5
game		r1bqk2r/pppp1ppp/4p1n1/6N1/1bB2P2/1P2P3/P1P1K1PP/RNBQ3R w kq - 3 9	h2h4		extra_defender	adding a defender to your knight on g5
game		r1b1k2r/pppp1ppp/4pqn1/6N1/1bBQ1P2/1P2P3/P1P1K1PP/RNB4R w kq - 5 10	a2a3	a2a4	attack	attacking their undefended bishop on b4
game		r1b1k2r/pppp1ppp/4pqn1/6N1/1bBQ1P2/1P2P3/P1P1K1PP/RNB4R w kq - 5 10	a2a3		attack	attacking your undefended bishop on b4
game		r1b1k2r/pppp1ppp/4pqn1/6N1/1bBQ1P2/1P2P3/P1P1K1PP/RNB4R w kq - 5 10	a2a4	a2a3	-	-
game		r1b1k2r/pppp1ppp/4pqn1/6N1/1bBQ1P2/1P2P3/P1P1K1PP/RNB4R w kq - 5 10	a2a4		-	-
game		r1b1k2r/pppp1ppp/4pqn1/6N1/1bBQ1P2/1P2P3/P1P1K1PP/RNB4R w kq - 5 10	b1a3	a2a3	development	developing your knight from b1 to a3 — one more minor piece still sits on its starting square
game		r1b1k2r/pppp1ppp/4pqn1/6N1/1bBQ1P2/1P2P3/P1P1K1PP/RNB4R w kq - 5 10	b1a3		development	developing your knight from b1 to a3 — one more minor piece still sits on its starting square
game		r1b1k2r/pppp1ppp/4pqn1/6N1/1bBQ1P2/1P2P3/P1P1K1PP/RNB4R w kq - 5 10	b1c3	a2a3	development	developing your knight from b1 to c3 — one more minor piece still sits on its starting square
game		r1b1k2r/pppp1ppp/4pqn1/6N1/1bBQ1P2/1P2P3/P1P1K1PP/RNB4R w kq - 5 10	b1c3		development	developing your knight from b1 to c3 — one more minor piece still sits on its starting square
game		r1b1k2r/pppp1ppp/4pqn1/6N1/1bBQ1P2/1P2P3/P1P1K1PP/RNB4R w kq - 5 10	b1d2	a2a3	development	developing your knight from b1 to d2 — one more minor piece still sits on its starting square
game		r1b1k2r/pppp1ppp/4pqn1/6N1/1bBQ1P2/1P2P3/P1P1K1PP/RNB4R w kq - 5 10	b1d2		development	developing your knight from b1 to d2 — one more minor piece still sits on its starting square
game		r1b1k2r/pppp1ppp/4pqn1/6N1/1bBQ1P2/1P2P3/P1P1K1PP/RNB4R w kq - 5 10	c1a3	a2a3	attack	attacking their undefended bishop on b4
game		r1b1k2r/pppp1ppp/4pqn1/6N1/1bBQ1P2/1P2P3/P1P1K1PP/RNB4R w kq - 5 10	c1a3		attack	attacking your undefended bishop on b4
game		r1b1k2r/pppp1ppp/4pqn1/6N1/1bBQ1P2/1P2P3/P1P1K1PP/RNB4R w kq - 5 10	c1b2	a2a3	extra_defender	adding a defender to your queen on d4
game		r1b1k2r/pppp1ppp/4pqn1/6N1/1bBQ1P2/1P2P3/P1P1K1PP/RNB4R w kq - 5 10	c1b2		extra_defender	adding a defender to your queen on d4
game		r1b1k2r/pppp1ppp/4pqn1/6N1/1bBQ1P2/1P2P3/P1P1K1PP/RNB4R w kq - 5 10	c1d2	a2a3	attack	attacking their undefended bishop on b4
game		r1b1k2r/pppp1ppp/4pqn1/6N1/1bBQ1P2/1P2P3/P1P1K1PP/RNB4R w kq - 5 10	c1d2		attack	attacking your undefended bishop on b4
game		r1b1k2r/pppp1ppp/4pqn1/6N1/1bBQ1P2/1P2P3/P1P1K1PP/RNB4R w kq - 5 10	c2c3	a2a3	attack	attacking their undefended bishop on b4
game		r1b1k2r/pppp1ppp/4pqn1/6N1/1bBQ1P2/1P2P3/P1P1K1PP/RNB4R w kq - 5 10	c2c3		attack	attacking your undefended bishop on b4
game		r1b1k2r/pppp1ppp/4pqn1/6N1/1bBQ1P2/1P2P3/P1P1K1PP/RNB4R w kq - 5 10	c4a6	a2a3	-	-
game		r1b1k2r/pppp1ppp/4pqn1/6N1/1bBQ1P2/1P2P3/P1P1K1PP/RNB4R w kq - 5 10	c4a6		-	-
game		r1b1k2r/pppp1ppp/4pqn1/6N1/1bBQ1P2/1P2P3/P1P1K1PP/RNB4R w kq - 5 10	c4b5	a2a3	-	-
game		r1b1k2r/pppp1ppp/4pqn1/6N1/1bBQ1P2/1P2P3/P1P1K1PP/RNB4R w kq - 5 10	c4b5		-	-
game		r1b1k2r/pppp1ppp/4pqn1/6N1/1bBQ1P2/1P2P3/P1P1K1PP/RNB4R w kq - 5 10	c4d3	a2a3	attack	attacking their knight on g6
game		r1b1k2r/pppp1ppp/4pqn1/6N1/1bBQ1P2/1P2P3/P1P1K1PP/RNB4R w kq - 5 10	c4d3		attack	attacking your knight on g6
game		r1b1k2r/pppp1ppp/4pqn1/6N1/1bBQ1P2/1P2P3/P1P1K1PP/RNB4R w kq - 5 10	c4d5	a2a3	-	-
game		r1b1k2r/pppp1ppp/4pqn1/6N1/1bBQ1P2/1P2P3/P1P1K1PP/RNB4R w kq - 5 10	c4d5		-	-
game		r1b1k2r/pppp1ppp/4pqn1/6N1/1bBQ1P2/1P2P3/P1P1K1PP/RNB4R w kq - 5 10	c4e6	a2a3	capture	capturing their pawn on e6
game		r1b1k2r/pppp1ppp/4pqn1/6N1/1bBQ1P2/1P2P3/P1P1K1PP/RNB4R w kq - 5 10	c4e6		capture	capturing your pawn on e6
game		r1b1k2r/pppp1ppp/4pqn1/6N1/1bBQ1P2/1P2P3/P1P1K1PP/RNB4R w kq - 5 10	d4a7	a2a3	capture	capturing their pawn on a7
game		r1b1k2r/pppp1ppp/4pqn1/6N1/1bBQ1P2/1P2P3/P1P1K1PP/RNB4R w kq - 5 10	d4a7		capture	capturing your pawn on a7
game		r1b1k2r/pppp1ppp/4pqn1/6N1/1bBQ1P2/1P2P3/P1P1K1PP/RNB4R w kq - 5 10	d4b2	a2a3	attack	attacking their queen on f6
game		r1b1k2r/pppp1ppp/4pqn1/6N1/1bBQ1P2/1P2P3/P1P1K1PP/RNB4R w kq - 5 10	d4b2		attack	attacking your queen on f6
game		r1b1k2r/pppp1ppp/4pqn1/6N1/1bBQ1P2/1P2P3/P1P1K1PP/RNB4R w kq - 5 10	d4b6	a2a3	attack	attacking their undefended bishop on b4
game		r1b1k2r/pppp1ppp/4pqn1/6N1/1bBQ1P2/1P2P3/P1P1K1PP/RNB4R w kq - 5 10	d4b6		attack	attacking your undefended bishop on b4
game		r1b1k2r/pppp1ppp/4pqn1/6N1/1bBQ1P2/1P2P3/P1P1K1PP/RNB4R w kq - 5 10	d4c3	a2a3	fork	hitting their queen on f6 and their bishop on b4
game		r1b1k2r/pppp1ppp/4pqn1/6N1/1bBQ1P2/1P2P3/P1P1K1PP/RNB4R w kq - 5 10	d4c3		fork	hitting your queen on f6 and your bishop on b4
game		r1b1k2r/pppp1ppp/4pqn1/6N1/1bBQ1P2/1P2P3/P1P1K1PP/RNB4R w kq - 5 10	d4c5	a2a3	attack	attacking their undefended bishop on b4
game		r1b1k2r/pppp1ppp/4pqn1/6N1/1bBQ1P2/1P2P3/P1P1K1PP/RNB4R w kq - 5 10	d4c5		attack	attacking your undefended bishop on b4
game		r1b1k2r/pppp1ppp/4pqn1/6N1/1bBQ1P2/1P2P3/P1P1K1PP/RNB4R w kq - 5 10	d4d1	a2a3	escape	moving your queen off d4 where it was attacked
game		r1b1k2r/pppp1ppp/4pqn1/6N1/1bBQ1P2/1P2P3/P1P1K1PP/RNB4R w kq - 5 10	d4d1		escape	moving your queen off d4 where it was attacked
game		r1b1k2r/pppp1ppp/4pqn1/6N1/1bBQ1P2/1P2P3/P1P1K1PP/RNB4R w kq - 5 10	d4d2	a2a3	attack	attacking their undefended bishop on b4
game		r1b1k2r/pppp1ppp/4pqn1/6N1/1bBQ1P2/1P2P3/P1P1K1PP/RNB4R w kq - 5 10	d4d2		attack	attacking your undefended bishop on b4
game		r1b1k2r/pppp1ppp/4pqn1/6N1/1bBQ1P2/1P2P3/P1P1K1PP/RNB4R w kq - 5 10	d4d3	a2a3	attack	attacking their knight on g6
game		r1b1k2r/pppp1ppp/4pqn1/6N1/1bBQ1P2/1P2P3/P1P1K1PP/RNB4R w kq - 5 10	d4d3		attack	attacking your knight on g6
game		r1b1k2r/pppp1ppp/4pqn1/6N1/1bBQ1P2/1P2P3/P1P1K1PP/RNB4R w kq - 5 10	d4d5	a2a3	open_file	moving your queen to d5 on the half-open d-file
game		r1b1k2r/pppp1ppp/4pqn1/6N1/1bBQ1P2/1P2P3/P1P1K1PP/RNB4R w kq - 5 10	d4d5		open_file	moving your queen to d5 on the half-open d-file
game		r1b1k2r/pppp1ppp/4pqn1/6N1/1bBQ1P2/1P2P3/P1P1K1PP/RNB4R w kq - 5 10	d4d6	a2a3	attack	attacking their undefended bishop on b4
game		r1b1k2r/pppp1ppp/4pqn1/6N1/1bBQ1P2/1P2P3/P1P1K1PP/RNB4R w kq - 5 10	d4d6		attack	attacking your undefended bishop on b4
game		r1b1k2r/pppp1ppp/4pqn1/6N1/1bBQ1P2/1P2P3/P1P1K1PP/RNB4R w kq - 5 10	d4d7	a2a3	capture	capturing their pawn on d7
game		r1b1k2r/pppp1ppp/4pqn1/6N1/1bBQ1P2/1P2P3/P1P1K1PP/RNB4R w kq - 5 10	d4d7		capture	capturing your pawn on d7
game		r1b1k2r/pppp1ppp/4pqn1/6N1/1bBQ1P2/1P2P3/P1P1K1PP/RNB4R w kq - 5 10	d4e4	a2a3	attack	attacking their knight on g6
game		r1b1k2r/pppp1ppp/4pqn1/6N1/1bBQ1P2/1P2P3/P1P1K1PP/RNB4R w kq - 5 10	d4e4		attack	attacking your knight on g6
game		r1b1k2r/pppp1ppp/4pqn1/6N1/1bBQ1P2/1P2P3/P1P1K1PP/RNB4R w kq - 5 10	d4e5	a2a3	attack	attacking their queen on f6
game		r1b1k2r/pppp1ppp/4pqn1/6N1/1bBQ1P2/1P2P3/P1P1K1PP/RNB4R w kq - 5 10	d4e5		attack	attacking your queen on f6
game		r1b1k2r/pppp1ppp/4pqn1/6N1/1bBQ1P2/1P2P3/P1P1K1PP/RNB4R w kq - 5 10	d4f6	a2a3	capture	capturing their queen on f6
game		r1b1k2r/pppp1ppp/4pqn1/6N1/1bBQ1P2/1P2P3/P1P1K1PP/RNB4R w kq - 5 10	d4f6		capture	capturing your queen on f6
game		r1b1k2r/pppp1ppp/4pqn1/6N1/1bBQ1P2/1P2P3/P1P1K1PP/RNB4R w kq - 5 10	e2d1	a2a3	-	-
game		r1b1k2r/pppp1ppp/4pqn1/6N1/1bBQ1P2/1P2P3/P1P1K1PP/RNB4R w kq - 5 10	e2d1		-	-
game		r1b1k2r/pppp1ppp/4pqn1/6N1/1bBQ1P2/1P2P3/P1P1K1PP/RNB4R w kq - 5 10	e2d3	a2a3	extra_defender	adding a defender to your queen on d4
game		r1b1k2r/pppp1ppp/4pqn1/6N1/1bBQ1P2/1P2P3/P1P1K1PP/RNB4R w kq - 5 10	e2d3		extra_defender	adding a defender to your queen on d4
game		r1b1k2r/pppp1ppp/4pqn1/6N1/1bBQ1P2/1P2P3/P1P1K1PP/RNB4R w kq - 5 10	e2f1	a2a3	-	-
game		r1b1k2r/pppp1ppp/4pqn1/6N1/1bBQ1P2/1P2P3/P1P1K1PP/RNB4R w kq - 5 10	e2f1		-	-
game		r1b1k2r/pppp1ppp/4pqn1/6N1/1bBQ1P2/1P2P3/P1P1K1PP/RNB4R w kq - 5 10	e2f2	a2a3	-	-
game		r1b1k2r/pppp1ppp/4pqn1/6N1/1bBQ1P2/1P2P3/P1P1K1PP/RNB4R w kq - 5 10	e2f2		-	-
game		r1b1k2r/pppp1ppp/4pqn1/6N1/1bBQ1P2/1P2P3/P1P1K1PP/RNB4R w kq - 5 10	e2f3	a2a3	extra_defender	adding a defender to your pawn on f4
game		r1b1k2r/pppp1ppp/4pqn1/6N1/1bBQ1P2/1P2P3/P1P1K1PP/RNB4R w kq - 5 10	e2f3		extra_defender	adding a defender to your pawn on f4
game		r1b1k2r/pppp1ppp/4pqn1/6N1/1bBQ1P2/1P2P3/P1P1K1PP/RNB4R w kq - 5 10	e3e4	a2a3	centre_control	putting a pawn on e4, one of the four centre squares
game		r1b1k2r/pppp1ppp/4pqn1/6N1/1bBQ1P2/1P2P3/P1P1K1PP/RNB4R w kq - 5 10	e3e4		centre_control	putting a pawn on e4, one of the four centre squares
game		r1b1k2r/pppp1ppp/4pqn1/6N1/1bBQ1P2/1P2P3/P1P1K1PP/RNB4R w kq - 5 10	f4f5	a2a3	attack	attacking their knight on g6
game		r1b1k2r/pppp1ppp/4pqn1/6N1/1bBQ1P2/1P2P3/P1P1K1PP/RNB4R w kq - 5 10	f4f5		attack	attacking your knight on g6
game		r1b1k2r/pppp1ppp/4pqn1/6N1/1bBQ1P2/1P2P3/P1P1K1PP/RNB4R w kq - 5 10	g2g3	a2a3	extra_defender	adding a defender to your pawn on f4
game		r1b1k2r/pppp1ppp/4pqn1/6N1/1bBQ1P2/1P2P3/P1P1K1PP/RNB4R w kq - 5 10	g2g3		extra_defender	adding a defender to your pawn on f4
game		r1b1k2r/pppp1ppp/4pqn1/6N1/1bBQ1P2/1P2P3/P1P1K1PP/RNB4R w kq - 5 10	g2g4	a2a3	-	-
game		r1b1k2r/pppp1ppp/4pqn1/6N1/1bBQ1P2/1P2P3/P1P1K1PP/RNB4R w kq - 5 10	g2g4		-	-
game		r1b1k2r/pppp1ppp/4pqn1/6N1/1bBQ1P2/1P2P3/P1P1K1PP/RNB4R w kq - 5 10	g5e4	a2a3	attack	attacking their queen on f6
game		r1b1k2r/pppp1ppp/4pqn1/6N1/1bBQ1P2/1P2P3/P1P1K1PP/RNB4R w kq - 5 10	g5e4		attack	attacking your queen on f6
game		r1b1k2r/pppp1ppp/4pqn1/6N1/1bBQ1P2/1P2P3/P1P1K1PP/RNB4R w kq - 5 10	g5e6	a2a3	capture	capturing their pawn on e6
game		r1b1k2r/pppp1ppp/4pqn1/6N1/1bBQ1P2/1P2P3/P1P1K1PP/RNB4R w kq - 5 10	g5e6		capture	capturing your pawn on e6
game		r1b1k2r/pppp1ppp/4pqn1/6N1/1bBQ1P2/1P2P3/P1P1K1PP/RNB4R w kq - 5 10	g5f3	a2a3	escape	moving your knight off g5 where it was attacked
game		r1b1k2r/pppp1ppp/4pqn1/6N1/1bBQ1P2/1P2P3/P1P1K1PP/RNB4R w kq - 5 10	g5f3		escape	moving your knight off g5 where it was attacked
game		r1b1k2r/pppp1ppp/4pqn1/6N1/1bBQ1P2/1P2P3/P1P1K1PP/RNB4R w kq - 5 10	g5f7	a2a3	capture	capturing their pawn on f7
game		r1b1k2r/pppp1ppp/4pqn1/6N1/1bBQ1P2/1P2P3/P1P1K1PP/RNB4R w kq - 5 10	g5f7		capture	capturing your pawn on f7
game		r1b1k2r/pppp1ppp/4pqn1/6N1/1bBQ1P2/1P2P3/P1P1K1PP/RNB4R w kq - 5 10	g5h3	a2a3	escape	moving your knight off g5 where it was attacked
game		r1b1k2r/pppp1ppp/4pqn1/6N1/1bBQ1P2/1P2P3/P1P1K1PP/RNB4R w kq - 5 10	g5h3		escape	moving your knight off g5 where it was attacked
game		r1b1k2r/pppp1ppp/4pqn1/6N1/1bBQ1P2/1P2P3/P1P1K1PP/RNB4R w kq - 5 10	g5h7	a2a3	capture	capturing their pawn on h7
game		r1b1k2r/pppp1ppp/4pqn1/6N1/1bBQ1P2/1P2P3/P1P1K1PP/RNB4R w kq - 5 10	g5h7		capture	capturing your pawn on h7
game		r1b1k2r/pppp1ppp/4pqn1/6N1/1bBQ1P2/1P2P3/P1P1K1PP/RNB4R w kq - 5 10	h1d1	a2a3	open_file	moving your rook to d1 on the half-open d-file
game		r1b1k2r/pppp1ppp/4pqn1/6N1/1bBQ1P2/1P2P3/P1P1K1PP/RNB4R w kq - 5 10	h1d1		open_file	moving your rook to d1 on the half-open d-file
game		r1b1k2r/pppp1ppp/4pqn1/6N1/1bBQ1P2/1P2P3/P1P1K1PP/RNB4R w kq - 5 10	h1e1	a2a3	-	-
game		r1b1k2r/pppp1ppp/4pqn1/6N1/1bBQ1P2/1P2P3/P1P1K1PP/RNB4R w kq - 5 10	h1e1		-	-
game		r1b1k2r/pppp1ppp/4pqn1/6N1/1bBQ1P2/1P2P3/P1P1K1PP/RNB4R w kq - 5 10	h1f1	a2a3	extra_defender	adding a defender to your pawn on f4
game		r1b1k2r/pppp1ppp/4pqn1/6N1/1bBQ1P2/1P2P3/P1P1K1PP/RNB4R w kq - 5 10	h1f1		extra_defender	adding a defender to your pawn on f4
game		r1b1k2r/pppp1ppp/4pqn1/6N1/1bBQ1P2/1P2P3/P1P1K1PP/RNB4R w kq - 5 10	h1g1	a2a3	-	-
game		r1b1k2r/pppp1ppp/4pqn1/6N1/1bBQ1P2/1P2P3/P1P1K1PP/RNB4R w kq - 5 10	h1g1		-	-
game		r1b1k2r/pppp1ppp/4pqn1/6N1/1bBQ1P2/1P2P3/P1P1K1PP/RNB4R w kq - 5 10	h2h3	a2a3	-	-
game		r1b1k2r/pppp1ppp/4pqn1/6N1/1bBQ1P2/1P2P3/P1P1K1PP/RNB4R w kq - 5 10	h2h3		-	-
game		r1b1k2r/pppp1ppp/4pqn1/6N1/1bBQ1P2/1P2P3/P1P1K1PP/RNB4R w kq - 5 10	h2h4	a2a3	extra_defender	adding a defender to your knight on g5
game		r1b1k2r/pppp1ppp/4pqn1/6N1/1bBQ1P2/1P2P3/P1P1K1PP/RNB4R w kq - 5 10	h2h4		extra_defender	adding a defender to your knight on g5
game		r1b1k2r/pppp1p1p/4ppn1/6N1/1bB2P2/1P2P3/P1P1K1PP/RNB4R w kq - 0 11	a2a3	a2a4	attack	attacking their undefended bishop on b4
game		r1b1k2r/pppp1p1p/4ppn1/6N1/1bB2P2/1P2P3/P1P1K1PP/RNB4R w kq - 0 11	a2a3		attack	attacking your undefended bishop on b4
game		r1b1k2r/pppp1p1p/4ppn1/6N1/1bB2P2/1P2P3/P1P1K1PP/RNB4R w kq - 0 11	a2a4	a2a3	-	-
game		r1b1k2r/pppp1p1p/4ppn1/6N1/1bB2P2/1P2P3/P1P1K1PP/RNB4R w kq - 0 11	a2a4		-	-
game		r1b1k2r/pppp1p1p/4ppn1/6N1/1bB2P2/1P2P3/P1P1K1PP/RNB4R w kq - 0 11	b1a3	a2a3	development	developing your knight from b1 to a3 — one more minor piece still sits on its starting square
game		r1b1k2r/pppp1p1p/4ppn1/6N1/1bB2P2/1P2P3/P1P1K1PP/RNB4R w kq - 0 11	b1a3		development	developing your knight from b1 to a3 — one more minor piece still sits on its starting square
game		r1b1k2r/pppp1p1p/4ppn1/6N1/1bB2P2/1P2P3/P1P1K1PP/RNB4R w kq - 0 11	b1c3	a2a3	development	developing your knight from b1 to c3 — one more minor piece still sits on its starting square
game		r1b1k2r/pppp1p1p/4ppn1/6N1/1bB2P2/1P2P3/P1P1K1PP/RNB4R w kq - 0 11	b1c3		development	developing your knight from b1 to c3 — one more minor piece still sits on its starting square
game		r1b1k2r/pppp1p1p/4ppn1/6N1/1bB2P2/1P2P3/P1P1K1PP/RNB4R w kq - 0 11	b1d2	a2a3	development	developing your knight from b1 to d2 — one more minor piece still sits on its starting square
game		r1b1k2r/pppp1p1p/4ppn1/6N1/1bB2P2/1P2P3/P1P1K1PP/RNB4R w kq - 0 11	b1d2		development	developing your knight from b1 to d2 — one more minor piece still sits on its starting square
game		r1b1k2r/pppp1p1p/4ppn1/6N1/1bB2P2/1P2P3/P1P1K1PP/RNB4R w kq - 0 11	c1a3	a2a3	attack	attacking their undefended bishop on b4
game		r1b1k2r/pppp1p1p/4ppn1/6N1/1bB2P2/1P2P3/P1P1K1PP/RNB4R w kq - 0 11	c1a3		attack	attacking your undefended bishop on b4
game		r1b1k2r/pppp1p1p/4ppn1/6N1/1bB2P2/1P2P3/P1P1K1PP/RNB4R w kq - 0 11	c1b2	a2a3	development	developing your bishop from c1 to b2 — one more minor piece still sits on its starting square
game		r1b1k2r/pppp1p1p/4ppn1/6N1/1bB2P2/1P2P3/P1P1K1PP/RNB4R w kq - 0 11	c1b2		development	developing your bishop from c1 to b2 — one more minor piece still sits on its starting square
game		r1b1k2r/pppp1p1p/4ppn1/6N1/1bB2P2/1P2P3/P1P1K1PP/RNB4R w kq - 0 11	c1d2	a2a3	attack	attacking their undefended bishop on b4
game		r1b1k2r/pppp1p1p/4ppn1/6N1/1bB2P2/1P2P3/P1P1K1PP/RNB4R w kq - 0 11	c1d2		attack	attacking your undefended bishop on b4
game		r1b1k2r/pppp1p1p/4ppn1/6N1/1bB2P2/1P2P3/P1P1K1PP/RNB4R w kq - 0 11	c2c3	a2a3	attack	attacking their undefended bishop on b4
game		r1b1k2r/pppp1p1p/4ppn1/6N1/1bB2P2/1P2P3/P1P1K1PP/RNB4R w kq - 0 11	c2c3		attack	attacking your undefended bishop on b4
game		r1b1k2r/pppp1p1p/4ppn1/6N1/1bB2P2/1P2P3/P1P1K1PP/RNB4R w kq - 0 11	c4a6	a2a3	-	-
game		r1b1k2r/pppp1p1p/4ppn1/6N1/1bB2P2/1P2P3/P1P1K1PP/RNB4R w kq - 0 11	c4a6		-	-
game		r1b1k2r/pppp1p1p/4ppn1/6N1/1bB2P2/1P2P3/P1P1K1PP/RNB4R w kq - 0 11	c4b5	a2a3	-	-
game		r1b1k2r/pppp1p1p/4ppn1/6N1/1bB2P2/1P2P3/P1P1K1PP/RNB4R w kq - 0 11	c4b5		-	-
game		r1b1k2r/pppp1p1p/4ppn1/6N1/1bB2P2/1P2P3/P1P1K1PP/RNB4R w kq - 0 11	c4d3	a2a3	attack	attacking their knight on g6
game		r1b1k2r/pppp1p1p/4ppn1/6N1/1bB2P2/1P2P3/P1P1K1PP/RNB4R w kq - 0 11	c4d3		attack	attacking your knight on g6
game		r1b1k2r/pppp1p1p/4ppn1/6N1/1bB2P2/1P2P3/P1P1K1PP/RNB4R w kq - 0 11	c4d5	a2a3	-	-
game		r1b1k2r/pppp1p1p/4ppn1/6N1/1bB2P2/1P2P3/P1P1K1PP/RNB4R w kq - 0 11	c4d5		-	-
game		r1b1k2r/pppp1p1p/4ppn1/6N1/1bB2P2/1P2P3/P1P1K1PP/RNB4R w kq - 0 11	c4e6	a2a3	capture	capturing their pawn on e6
game		r1b1k2r/pppp1p1p/4ppn1/6N1/1bB2P2/1P2P3/P1P1K1PP/RNB4R w kq - 0 11	c4e6		capture	capturing your pawn on e6
game		r1b1k2r/pppp1p1p/4ppn1/6N1/1bB2P2/1P2P3/P1P1K1PP/RNB4R w kq - 0 11	e2d1	a2a3	-	-
game		r1b1k2r/pppp1p1p/4ppn1/6N1/1bB2P2/1P2P3/P1P1K1PP/RNB4R w kq - 0 11	e2d1		-	-
game		r1b1k2r/pppp1p1p/4ppn1/6N1/1bB2P2/1P2P3/P1P1K1PP/RNB4R w kq - 0 11	e2d3	a2a3	-	-
game		r1b1k2r/pppp1p1p/4ppn1/6N1/1bB2P2/1P2P3/P1P1K1PP/RNB4R w kq - 0 11	e2d3		-	-
game		r1b1k2r/pppp1p1p/4ppn1/6N1/1bB2P2/1P2P3/P1P1K1PP/RNB4R w kq - 0 11	e2f1	a2a3	-	-
game		r1b1k2r/pppp1p1p/4ppn1/6N1/1bB2P2/1P2P3/P1P1K1PP/RNB4R w kq - 0 11	e2f1		-	-
game		r1b1k2r/pppp1p1p/4ppn1/6N1/1bB2P2/1P2P3/P1P1K1PP/RNB4R w kq - 0 11	e2f2	a2a3	-	-
game		r1b1k2r/pppp1p1p/4ppn1/6N1/1bB2P2/1P2P3/P1P1K1PP/RNB4R w kq - 0 11	e2f2		-	-
game		r1b1k2r/pppp1p1p/4ppn1/6N1/1bB2P2/1P2P3/P1P1K1PP/RNB4R w kq - 0 11	e2f3	a2a3	extra_defender	adding a defender to your pawn on f4
game		r1b1k2r/pppp1p1p/4ppn1/6N1/1bB2P2/1P2P3/P1P1K1PP/RNB4R w kq - 0 11	e2f3		extra_defender	adding a defender to your pawn on f4
game		r1b1k2r/pppp1p1p/4ppn1/6N1/1bB2P2/1P2P3/P1P1K1PP/RNB4R w kq - 0 11	e3e4	a2a3	centre_control	putting a pawn on e4, one of the four centre squares
game		r1b1k2r/pppp1p1p/4ppn1/6N1/1bB2P2/1P2P3/P1P1K1PP/RNB4R w kq - 0 11	e3e4		centre_control	putting a pawn on e4, one of the four centre squares
game		r1b1k2r/pppp1p1p/4ppn1/6N1/1bB2P2/1P2P3/P1P1K1PP/RNB4R w kq - 0 11	f4f5	a2a3	attack	attacking their knight on g6
game		r1b1k2r/pppp1p1p/4ppn1/6N1/1bB2P2/1P2P3/P1P1K1PP/RNB4R w kq - 0 11	f4f5		attack	attacking your knight on g6
game		r1b1k2r/pppp1p1p/4ppn1/6N1/1bB2P2/1P2P3/P1P1K1PP/RNB4R w kq - 0 11	g2g3	a2a3	extra_defender	adding a defender to your pawn on f4
game		r1b1k2r/pppp1p1p/4ppn1/6N1/1bB2P2/1P2P3/P1P1K1PP/RNB4R w kq - 0 11	g2g3		extra_defender	adding a defender to your pawn on f4
game		r1b1k2r/pppp1p1p/4ppn1/6N1/1bB2P2/1P2P3/P1P1K1PP/RNB4R w kq - 0 11	g2g4	a2a3	-	-
game		r1b1k2r/pppp1p1p/4ppn1/6N1/1bB2P2/1P2P3/P1P1K1PP/RNB4R w kq - 0 11	g2g4		-	-
game		r1b1k2r/pppp1p1p/4ppn1/6N1/1bB2P2/1P2P3/P1P1K1PP/RNB4R w kq - 0 11	g5e4	a2a3	escape	moving your knight off g5 where it was attacked
game		r1b1k2r/pppp1p1p/4ppn1/6N1/1bB2P2/1P2P3/P1P1K1PP/RNB4R w kq - 0 11	g5e4		escape	moving your knight off g5 where it was attacked
game		r1b1k2r/pppp1p1p/4ppn1/6N1/1bB2P2/1P2P3/P1P1K1PP/RNB4R w kq - 0 11	g5e6	a2a3	capture	capturing their pawn on e6
game		r1b1k2r/pppp1p1p/4ppn1/6N1/1bB2P2/1P2P3/P1P1K1PP/RNB4R w kq - 0 11	g5e6		capture	capturing your pawn on e6
game		r1b1k2r/pppp1p1p/4ppn1/6N1/1bB2P2/1P2P3/P1P1K1PP/RNB4R w kq - 0 11	g5f3	a2a3	escape	moving your knight off g5 where it was attacked
game		r1b1k2r/pppp1p1p/4ppn1/6N1/1bB2P2/1P2P3/P1P1K1PP/RNB4R w kq - 0 11	g5f3		escape	moving your knight off g5 where it was attacked
game		r1b1k2r/pppp1p1p/4ppn1/6N1/1bB2P2/1P2P3/P1P1K1PP/RNB4R w kq - 0 11	g5f7	a2a3	capture	capturing their pawn on f7
game		r1b1k2r/pppp1p1p/4ppn1/6N1/1bB2P2/1P2P3/P1P1K1PP/RNB4R w kq - 0 11	g5f7		capture	capturing your pawn on f7
game		r1b1k2r/pppp1p1p/4ppn1/6N1/1bB2P2/1P2P3/P1P1K1PP/RNB4R w kq - 0 11	g5h3	a2a3	escape	moving your knight off g5 where it was attacked
game		r1b1k2r/pppp1p1p/4ppn1/6N1/1bB2P2/1P2P3/P1P1K1PP/RNB4R w kq - 0 11	g5h3		escape	moving your knight off g5 where it was attacked
game		r1b1k2r/pppp1p1p/4ppn1/6N1/1bB2P2/1P2P3/P1P1K1PP/RNB4R w kq - 0 11	g5h7	a2a3	capture	capturing their pawn on h7
game		r1b1k2r/pppp1p1p/4ppn1/6N1/1bB2P2/1P2P3/P1P1K1PP/RNB4R w kq - 0 11	g5h7		capture	capturing your pawn on h7
game		r1b1k2r/pppp1p1p/4ppn1/6N1/1bB2P2/1P2P3/P1P1K1PP/RNB4R w kq - 0 11	h1d1	a2a3	open_file	moving your rook to d1 on the half-open d-file
game		r1b1k2r/pppp1p1p/4ppn1/6N1/1bB2P2/1P2P3/P1P1K1PP/RNB4R w kq - 0 11	h1d1		open_file	moving your rook to d1 on the half-open d-file
game		r1b1k2r/pppp1p1p/4ppn1/6N1/1bB2P2/1P2P3/P1P1K1PP/RNB4R w kq - 0 11	h1e1	a2a3	-	-
game		r1b1k2r/pppp1p1p/4ppn1/6N1/1bB2P2/1P2P3/P1P1K1PP/RNB4R w kq - 0 11	h1e1		-	-
game		r1b1k2r/pppp1p1p/4ppn1/6N1/1bB2P2/1P2P3/P1P1K1PP/RNB4R w kq - 0 11	h1f1	a2a3	extra_defender	adding a defender to your pawn on f4
game		r1b1k2r/pppp1p1p/4ppn1/6N1/1bB2P2/1P2P3/P1P1K1PP/RNB4R w kq - 0 11	h1f1		extra_defender	adding a defender to your pawn on f4
game		r1b1k2r/pppp1p1p/4ppn1/6N1/1bB2P2/1P2P3/P1P1K1PP/RNB4R w kq - 0 11	h1g1	a2a3	-	-
game		r1b1k2r/pppp1p1p/4ppn1/6N1/1bB2P2/1P2P3/P1P1K1PP/RNB4R w kq - 0 11	h1g1		-	-
game		r1b1k2r/pppp1p1p/4ppn1/6N1/1bB2P2/1P2P3/P1P1K1PP/RNB4R w kq - 0 11	h2h3	a2a3	-	-
game		r1b1k2r/pppp1p1p/4ppn1/6N1/1bB2P2/1P2P3/P1P1K1PP/RNB4R w kq - 0 11	h2h3		-	-
game		r1b1k2r/pppp1p1p/4ppn1/6N1/1bB2P2/1P2P3/P1P1K1PP/RNB4R w kq - 0 11	h2h4	a2a3	extra_defender	adding a defender to your knight on g5
game		r1b1k2r/pppp1p1p/4ppn1/6N1/1bB2P2/1P2P3/P1P1K1PP/RNB4R w kq - 0 11	h2h4		extra_defender	adding a defender to your knight on g5
game		r1b1k2r/pppp1p1p/4p1n1/6p1/1bB2P2/1P2P3/P1P3PP/RNBK3R w kq - 0 12	a2a3	a2a4	attack	attacking their undefended bishop on b4
game		r1b1k2r/pppp1p1p/4p1n1/6p1/1bB2P2/1P2P3/P1P3PP/RNBK3R w kq - 0 12	a2a3		attack	attacking your undefended bishop on b4
game		r1b1k2r/pppp1p1p/4p1n1/6p1/1bB2P2/1P2P3/P1P3PP/RNBK3R w kq - 0 12	a2a4	a2a3	-	-
game		r1b1k2r/pppp1p1p/4p1n1/6p1/1bB2P2/1P2P3/P1P3PP/RNBK3R w kq - 0 12	a2a4		-	-
game		r1b1k2r/pppp1p1p/4p1n1/6p1/1bB2P2/1P2P3/P1P3PP/RNBK3R w kq - 0 12	b1a3	a2a3	development	developing your knight from b1 to a3 — one more minor piece still sits on its starting square
game		r1b1k2r/pppp1p1p/4p1n1/6p1/1bB2P2/1P2P3/P1P3PP/RNBK3R w kq - 0 12	b1a3		development	developing your knight from b1 to a3 — one more minor piece still sits on its starting square
game		r1b1k2r/pppp1p1p/4p1n1/6p1/1bB2P2/1P2P3/P1P3PP/RNBK3R w kq - 0 12	b1c3	a2a3	development	developing your knight from b1 to c3 — one more minor piece still sits on its starting square
game		r1b1k2r/pppp1p1p/4p1n1/6p1/1bB2P2/1P2P3/P1P3PP/RNBK3R w kq - 0 12	b1c3		development	developing your knight from b1 to c3 — one more minor piece still sits on its starting square
game		r1b1k2r/pppp1p1p/4p1n1/6p1/1bB2P2/1P2P3/P1P3PP/RNBK3R w kq - 0 12	b1d2	a2a3	development	developing your knight from b1 to d2 — one more minor piece still sits on its starting square
game		r1b1k2r/pppp1p1p/4p1n1/6p1/1bB2P2/1P2P3/P1P3PP/RNBK3R w kq - 0 12	b1d2		development	developing your knight from b1 to d2 — one more minor piece still sits on its starting square
game		r1b1k2r/pppp1p1p/4p1n1/6p1/1bB2P2/1P2P3/P1P3PP/RNBK3R w kq - 0 12	c1a3	a2a3	attack	attacking their undefended bishop on b4
game		r1b1k2r/pppp1p1p/4p1n1/6p1/1bB2P2/1P2P3/P1P3PP/RNBK3R w kq - 0 12	c1a3		attack	attacking your undefended bishop on b4
game		r1b1k2r/pppp1p1p/4p1n1/6p1/1bB2P2/1P2P3/P1P3PP/RNBK3R w kq - 0 12	c1b2	a2a3	attack	attacking their rook on h8
game		r1b1k2r/pppp1p1p/4p1n1/6p1/1bB2P2/1P2P3/P1P3PP/RNBK3R w kq - 0 12	c1b2		attack	attacking your rook on h8
game		r1b1k2r/pppp1p1p/4p1n1/6p1/1bB2P2/1P2P3/P1P3PP/RNBK3R w kq - 0 12	c1d2	a2a3	attack	attacking their undefended bishop on b4
game		r1b1k2r/pppp1p1p/4p1n1/6p1/1bB2P2/1P2P3/P1P3PP/RNBK3R w kq - 0 12	c1d2		attack	attacking your undefended bishop on b4
game		r1b1k2r/pppp1p1p/4p1n1/6p1/1bB2P2/1P2P3/P1P3PP/RNBK3R w kq - 0 12	c2c3	a2a3	attack	attacking their undefended bishop on b4
game		r1b1k2r/pppp1p1p/4p1n1/6p1/1bB2P2/1P2P3/P1P3PP/RNBK3R w kq - 0 12	c2c3		attack	attacking your undefended bishop on b4
game		r1b1k2r/pppp1p1p/4p1n1/6p1/1bB2P2/1P2P3/P1P3PP/RNBK3R w kq - 0 12	c4a6	a2a3	-	-
game		r1b1k2r/pppp1p1p/4p1n1/6p1/1bB2P2/1P2P3/P1P3PP/RNBK3R w kq - 0 12	c4a6		-	-
game		r1b1k2r/pppp1p1p/4p1n1/6p1/1bB2P2/1P2P3/P1P3PP/RNBK3R w kq - 0 12	c4b5	a2a3	-	-
game		r1b1k2r/pppp1p1p/4p1n1/6p1/1bB2P2/1P2P3/P1P3PP/RNBK3R w kq - 0 12	c4b5		-	-
game		r1b1k2r/pppp1p1p/4p1n1/6p1/1bB2P2/1P2P3/P1P3PP/RNBK3R w kq - 0 12	c4d3	a2a3	attack	attacking their knight on g6
game		r1b1k2r/pppp1p1p/4p1n1/6p1/1bB2P2/1P2P3/P1P3PP/RNBK3R w kq - 0 12	c4d3		attack	attacking your knight on g6
game		r1b1k2r/pppp1p1p/4p1n1/6p1/1bB2P2/1P2P3/P1P3PP/RNBK3R w kq - 0 12	c4d5	a2a3	-	-
game		r1b1k2r/pppp1p1p/4p1n1/6p1/1bB2P2/1P2P3/P1P3PP/RNBK3R w kq - 0 12	c4d5		-	-
game		r1b1k2r/pppp1p1p/4p1n1/6p1/1bB2P2/1P2P3/P1P3PP/RNBK3R w kq - 0 12	c4e2	a2a3	-	-
game		r1b1k2r/pppp1p1p/4p1n1/6p1/1bB2P2/1P2P3/P1P3PP/RNBK3R w kq - 0 12	c4e2		-	-
game		r1b1k2r/pppp1p1p/4p1n1/6p1/1bB2P2/1P2P3/P1P3PP/RNBK3R w kq - 0 12	c4e6	a2a3	capture	capturing their pawn on e6
game		r1b1k2r/pppp1p1p/4p1n1/6p1/1bB2P2/1P2P3/P1P3PP/RNBK3R w kq - 0 12	c4e6		capture	capturing your pawn on e6
game		r1b1k2r/pppp1p1p/4p1n1/6p1/1bB2P2/1P2P3/P1P3PP/RNBK3R w kq - 0 12	c4f1	a2a3	-	-
game		r1b1k2r/pppp1p1p/4p1n1/6p1/1bB2P2/1P2P3/P1P3PP/RNBK3R w kq - 0 12	c4f1		-	-
game		r1b1k2r/pppp1p1p/4p1n1/6p1/1bB2P2/1P2P3/P1P3PP/RNBK3R w kq - 0 12	d1e2	a2a3	-	-
game		r1b1k2r/pppp1p1p/4p1n1/6p1/1bB2P2/1P2P3/P1P3PP/RNBK3R w kq - 0 12	d1e2		-	-
game		r1b1k2r/pppp1p1p/4p1n1/6p1/1bB2P2/1P2P3/P1P3PP/RNBK3R w kq - 0 12	e3e4	a2a3	centre_control	putting a pawn on e4, one of the four centre squares
game		r1b1k2r/pppp1p1p/4p1n1/6p1/1bB2P2/1P2P3/P1P3PP/RNBK3R w kq - 0 12	e3e4		centre_control	putting a pawn on e4, one of the four centre squares
game		r1b1k2r/pppp1p1p/4p1n1/6p1/1bB2P2/1P2P3/P1P3PP/RNBK3R w kq - 0 12	f4f5	a2a3	attack	attacking their knight on g6
game		r1b1k2r/pppp1p1p/4p1n1/6p1/1bB2P2/1P2P3/P1P3PP/RNBK3R w kq - 0 12	f4f5		attack	attacking your knight on g6
game		r1b1k2r/pppp1p1p/4p1n1/6p1/1bB2P2/1P2P3/P1P3PP/RNBK3R w kq - 0 12	f4g5	a2a3	capture	capturing their pawn on g5
game		r1b1k2r/pppp1p1p/4p1n1/6p1/1bB2P2/1P2P3/P1P3PP/RNBK3R w kq - 0 12	f4g5		capture	capturing your pawn on g5
game		r1b1k2r/pppp1p1p/4p1n1/6p1/1bB2P2/1P2P3/P1P3PP/RNBK3R w kq - 0 12	g2g3	a2a3	extra_defender	adding a defender to your pawn on f4
game		r1b1k2r/pppp1p1p/4p1n1/6p1/1bB2P2/1P2P3/P1P3PP/RNBK3R w kq - 0 12	g2g3		extra_defender	adding a defender to your pawn on f4
game		r1b1k2r/pppp1p1p/4p1n1/6p1/1bB2P2/1P2P3/P1P3PP/RNBK3R w kq - 0 12	g2g4	a2a3	-	-
game		r1b1k2r/pppp1p1p/4p1n1/6p1/1bB2P2/1P2P3/P1P3PP/RNBK3R w kq - 0 12	g2g4		-	-
game		r1b1k2r/pppp1p1p/4p1n1/6p1/1bB2P2/1P2P3/P1P3PP/RNBK3R w kq - 0 12	h1e1	a2a3	-	-
game		r1b1k2r/pppp1p1p/4p1n1/6p1/1bB2P2/1P2P3/P1P3PP/RNBK3R w kq - 0 12	h1e1		-	-
game		r1b1k2r/pppp1p1p/4p1n1/6p1/1bB2P2/1P2P3/P1P3PP/RNBK3R w kq - 0 12	h1f1	a2a3	extra_defender	adding a defender to your pawn on f4
game		r1b1k2r/pppp1p1p/4p1n1/6p1/1bB2P2/1P2P3/P1P3PP/RNBK3R w kq - 0 12	h1f1		extra_defender	adding a defender to your pawn on f4
game		r1b1k2r/pppp1p1p/4p1n1/6p1/1bB2P2/1P2P3/P1P3PP/RNBK3R w kq - 0 12	h1g1	a2a3	-	-
game		r1b1k2r/pppp1p1p/4p1n1/6p1/1bB2P2/1P2P3/P1P3PP/RNBK3R w kq - 0 12	h1g1		-	-
game		r1b1k2r/pppp1p1p/4p1n1/6p1/1bB2P2/1P2P3/P1P3PP/RNBK3R w kq - 0 12	h2h3	a2a3	-	-
game		r1b1k2r/pppp1p1p/4p1n1/6p1/1bB2P2/1P2P3/P1P3PP/RNBK3R w kq - 0 12	h2h3		-	-
game		r1b1k2r/pppp1p1p/4p1n1/6p1/1bB2P2/1P2P3/P1P3PP/RNBK3R w kq - 0 12	h2h4	a2a3	-	-
game		r1b1k2r/pppp1p1p/4p1n1/6p1/1bB2P2/1P2P3/P1P3PP/RNBK3R w kq - 0 12	h2h4		-	-
game		r1b1k1r1/pppp1p1p/4p1n1/6p1/1bB2P2/1P2P3/PBP3PP/RN1K3R w q - 2 13	a2a3	a2a4	attack	attacking their undefended bishop on b4
game		r1b1k1r1/pppp1p1p/4p1n1/6p1/1bB2P2/1P2P3/PBP3PP/RN1K3R w q - 2 13	a2a3		attack	attacking your undefended bishop on b4
game		r1b1k1r1/pppp1p1p/4p1n1/6p1/1bB2P2/1P2P3/PBP3PP/RN1K3R w q - 2 13	a2a4	a2a3	-	-
game		r1b1k1r1/pppp1p1p/4p1n1/6p1/1bB2P2/1P2P3/PBP3PP/RN1K3R w q - 2 13	a2a4		-	-
game		r1b1k1r1/pppp1p1p/4p1n1/6p1/1bB2P2/1P2P3/PBP3PP/RN1K3R w q - 2 13	b1a3	a2a3	development	developing your knight from b1 to a3 — that is every minor piece off its starting square
game		r1b1k1r1/pppp1p1p/4p1n1/6p1/1bB2P2/1P2P3/PBP3PP/RN1K3R w q - 2 13	b1a3		development	developing your knight from b1 to a3 — that is every minor piece off its starting square
game		r1b1k1r1/pppp1p1p/4p1n1/6p1/1bB2P2/1P2P3/PBP3PP/RN1K3R w q - 2 13	b1c3	a2a3	development	developing your knight from b1 to c3 — that is every minor piece off its starting square
game		r1b1k1r1/pppp1p1p/4p1n1/6p1/1bB2P2/1P2P3/PBP3PP/RN1K3R w q - 2 13	b1c3		development	developing your knight from b1 to c3 — that is every minor piece off its starting square
game		r1b1k1r1/pppp1p1p/4p1n1/6p1/1bB2P2/1P2P3/PBP3PP/RN1K3R w q - 2 13	b1d2	a2a3	development	developing your knight from b1 to d2 — that is every minor piece off its starting square
game		r1b1k1r1/pppp1p1p/4p1n1/6p1/1bB2P2/1P2P3/PBP3PP/RN1K3R w q - 2 13	b1d2		development	developing your knight from b1 to d2 — that is every minor piece off its starting square
game		r1b1k1r1/pppp1p1p/4p1n1/6p1/1bB2P2/1P2P3/PBP3PP/RN1K3R w q - 2 13	b2a3	a2a3	attack	attacking their undefended bishop on b4
game		r1b1k1r1/pppp1p1p/4p1n1/6p1/1bB2P2/1P2P3/PBP3PP/RN1K3R w q - 2 13	b2a3		attack	attacking your undefended bishop on b4
game		r1b1k1r1/pppp1p1p/4p1n1/6p1/1bB2P2/1P2P3/PBP3PP/RN1K3R w q - 2 13	b2c1	a2a3	-	-
game		r1b1k1r1/pppp1p1p/4p1n1/6p1/1bB2P2/1P2P3/PBP3PP/RN1K3R w q - 2 13	b2c1		-	-
game		r1b1k1r1/pppp1p1p/4p1n1/6p1/1bB2P2/1P2P3/PBP3PP/RN1K3R w q - 2 13	b2c3	a2a3	attack	attacking their undefended bishop on b4
game		r1b1k1r1/pppp1p1p/4p1n1/6p1/1bB2P2/1P2P3/PBP3PP/RN1K3R w q - 2 13	b2c3		attack	attacking your undefended bishop on b4
game		r1b1k1r1/pppp1p1p/4p1n1/6p1/1bB2P2/1P2P3/PBP3PP/RN1K3R w q - 2 13	b2d4	a2a3	-	-
game		r1b1k1r1/pppp1p1p/4p1n1/6p1/1bB2P2/1P2P3/PBP3PP/RN1K3R w q - 2 13	b2d4		-	-
game		r1b1k1r1/pppp1p1p/4p1n1/6p1/1bB2P2/1P2P3/PBP3PP/RN1K3R w q - 2 13	b2e5	a2a3	extra_defender	adding a defender to your pawn on f4
game		r1b1k1r1/pppp1p1p/4p1n1/6p1/1bB2P2/1P2P3/PBP3PP/RN1K3R w q - 2 13	b2e5		extra_defender	adding a defender to your pawn on f4
game		r1b1k1r1/pppp1p1p/4p1n1/6p1/1bB2P2/1P2P3/PBP3PP/RN1K3R w q - 2 13	b2f6	a2a3	-	-
game		r1b1k1r1/pppp1p1p/4p1n1/6p1/1bB2P2/1P2P3/PBP3PP/RN1K3R w q - 2 13	b2f6		-	-
game		r1b1k1r1/pppp1p1p/4p1n1/6p1/1bB2P2/1P2P3/PBP3PP/RN1K3R w q - 2 13	b2g7	a2a3	-	-
game		r1b1k1r1/pppp1p1p/4p1n1/6p1/1bB2P2/1P2P3/PBP3PP/RN1K3R w q - 2 13	b2g7		-	-
game		r1b1k1r1/pppp1p1p/4p1n1/6p1/1bB2P2/1P2P3/PBP3PP/RN1K3R w q - 2 13	b2h8	a2a3	-	-
game		r1b1k1r1/pppp1p1p/4p1n1/6p1/1bB2P2/1P2P3/PBP3PP/RN1K3R w q - 2 13	b2h8		-	-
game		r1b1k1r1/pppp1p1p/4p1n1/6p1/1bB2P2/1P2P3/PBP3PP/RN1K3R w q - 2 13	c2c3	a2a3	attack	attacking their undefended bishop on b4
game		r1b1k1r1/pppp1p1p/4p1n1/6p1/1bB2P2/1P2P3/PBP3PP/RN1K3R w q - 2 13	c2c3		attack	attacking your undefended bishop on b4
game		r1b1k1r1/pppp1p1p/4p1n1/6p1/1bB2P2/1P2P3/PBP3PP/RN1K3R w q - 2 13	c4a6	a2a3	-	-
game		r1b1k1r1/pppp1p1p/4p1n1/6p1/1bB2P2/1P2P3/PBP3PP/RN1K3R w q - 2 13	c4a6		-	-
game		r1b1k1r1/pppp1p1p/4p1n1/6p1/1bB2P2/1P2P3/PBP3PP/RN1K3R w q - 2 13	c4b5	a2a3	-	-
game		r1b1k1r1/pppp1p1p/4p1n1/6p1/1bB2P2/1P2P3/PBP3PP/RN1K3R w q - 2 13	c4b5		-	-
game		r1b1k1r1/pppp1p1p/4p1n1/6p1/1bB2P2/1P2P3/PBP3PP/RN1K3R w q - 2 13	c4d3	a2a3	attack	attacking their knight on g6
game		r1b1k1r1/pppp1p1p/4p1n1/6p1/1bB2P2/1P2P3/PBP3PP/RN1K3R w q - 2 13	c4d3		attack	attacking your knight on g6
game		r1b1k1r1/pppp1p1p/4p1n1/6p1/1bB2P2/1P2P3/PBP3PP/RN1K3R w q - 2 13	c4d5	a2a3	-	-
game		r1b1k1r1/pppp1p1p/4p1n1/6p1/1bB2P2/1P2P3/PBP3PP/RN1K3R w q - 2 13	c4d5		-	-
game		r1b1k1r1/pppp1p1p/4p1n1/6p1/1bB2P2/1P2P3/PBP3PP/RN1K3R w q - 2 13	c4e2	a2a3	-	-
game		r1b1k1r1/pppp1p1p/4p1n1/6p1/1bB2P2/1P2P3/PBP3PP/RN1K3R w q - 2 13	c4e2		-	-
game		r1b1k1r1/pppp1p1p/4p1n1/6p1/1bB2P2/1P2P3/PBP3PP/RN1K3R w q - 2 13	c4e6	a2a3	capture	capturing their pawn on e6
game		r1b1k1r1/pppp1p1p/4p1n1/6p1/1bB2P2/1P2P3/PBP3PP/RN1K3R w q - 2 13	c4e6		capture	capturing your pawn on e6
game		r1b1k1r1/pppp1p1p/4p1n1/6p1/1bB2P2/1P2P3/PBP3PP/RN1K3R w q - 2 13	c4f1	a2a3	-	-
game		r1b1k1r1/pppp1p1p/4p1n1/6p1/1bB2P2/1P2P3/PBP3PP/RN1K3R w q - 2 13	c4f1		-	-
game		r1b1k1r1/pppp1p1p/4p1n1/6p1/1bB2P2/1P2P3/PBP3PP/RN1K3R w q - 2 13	d1c1	a2a3	-	-
game		r1b1k1r1/pppp1p1p/4p1n1/6p1/1bB2P2/1P2P3/PBP3PP/RN1K3R w q - 2 13	d1c1		-	-
game		r1b1k1r1/pppp1p1p/4p1n1/6p1/1bB2P2/1P2P3/PBP3PP/RN1K3R w q - 2 13	d1e2	a2a3	-	-
game		r1b1k1r1/pppp1p1p/4p1n1/6p1/1bB2P2/1P2P3/PBP3PP/RN1K3R w q - 2 13	d1e2		-	-
game		r1b1k1r1/pppp1p1p/4p1n1/6p1/1bB2P2/1P2P3/PBP3PP/RN1K3R w q - 2 13	e3e4	a2a3	centre_control	putting a pawn on e4, one of the four centre squares
game		r1b1k1r1/pppp1p1p/4p1n1/6p1/1bB2P2/1P2P3/PBP3PP/RN1K3R w q - 2 13	e3e4		centre_control	putting a pawn on e4, one of the four centre squares
game		r1b1k1r1/pppp1p1p/4p1n1/6p1/1bB2P2/1P2P3/PBP3PP/RN1K3R w q - 2 13	f4f5	a2a3	attack	attacking their knight on g6
game		r1b1k1r1/pppp1p1p/4p1n1/6p1/1bB2P2/1P2P3/PBP3PP/RN1K3R w q - 2 13	f4f5		attack	attacking your knight on g6
game		r1b1k1r1/pppp1p1p/4p1n1/6p1/1bB2P2/1P2P3/PBP3PP/RN1K3R w q - 2 13	f4g5	a2a3	capture	capturing their pawn on g5
game		r1b1k1r1/pppp1p1p/4p1n1/6p1/1bB2P2/1P2P3/PBP3PP/RN1K3R w q - 2 13	f4g5		capture	capturing your pawn on g5
game		r1b1k1r1/pppp1p1p/4p1n1/6p1/1bB2P2/1P2P3/PBP3PP/RN1K3R w q - 2 13	g2g3	a2a3	extra_defender	adding a defender to your pawn on f4
game		r1b1k1r1/pppp1p1p/4p1n1/6p1/1bB2P2/1P2P3/PBP3PP/RN1K3R w q - 2 13	g2g3		extra_defender	adding a defender to your pawn on f4
game		r1b1k1r1/pppp1p1p/4p1n1/6p1/1bB2P2/1P2P3/PBP3PP/RN1K3R w q - 2 13	g2g4	a2a3	-	-
game		r1b1k1r1/pppp1p1p/4p1n1/6p1/1bB2P2/1P2P3/PBP3PP/RN1K3R w q - 2 13	g2g4		-	-
game		r1b1k1r1/pppp1p1p/4p1n1/6p1/1bB2P2/1P2P3/PBP3PP/RN1K3R w q - 2 13	h1e1	a2a3	-	-
game		r1b1k1r1/pppp1p1p/4p1n1/6p1/1bB2P2/1P2P3/PBP3PP/RN1K3R w q - 2 13	h1e1		-	-
game		r1b1k1r1/pppp1p1p/4p1n1/6p1/1bB2P2/1P2P3/PBP3PP/RN1K3R w q - 2 13	h1f1	a2a3	extra_defender	adding a defender to your pawn on f4
game		r1b1k1r1/pppp1p1p/4p1n1/6p1/1bB2P2/1P2P3/PBP3PP/RN1K3R w q - 2 13	h1f1		extra_defender	adding a defender to your pawn on f4
game		r1b1k1r1/pppp1p1p/4p1n1/6p1/1bB2P2/1P2P3/PBP3PP/RN1K3R w q - 2 13	h1g1	a2a3	-	-
game		r1b1k1r1/pppp1p1p/4p1n1/6p1/1bB2P2/1P2P3/PBP3PP/RN1K3R w q - 2 13	h1g1		-	-
game		r1b1k1r1/pppp1p1p/4p1n1/6p1/1bB2P2/1P2P3/PBP3PP/RN1K3R w q - 2 13	h2h3	a2a3	-	-
game		r1b1k1r1/pppp1p1p/4p1n1/6p1/1bB2P2/1P2P3/PBP3PP/RN1K3R w q - 2 13	h2h3		-	-
game		r1b1k1r1/pppp1p1p/4p1n1/6p1/1bB2P2/1P2P3/PBP3PP/RN1K3R w q - 2 13	h2h4	a2a3	-	-
game		r1b1k1r1/pppp1p1p/4p1n1/6p1/1bB2P2/1P2P3/PBP3PP/RN1K3R w q - 2 13	h2h4		-	-
game		r1b1k1r1/pppp1p1p/4p3/6P1/1bB4n/1P2P3/PBP3PP/RN1K3R w q - 1 14	a2a3	a2a4	attack	attacking their undefended bishop on b4
game		r1b1k1r1/pppp1p1p/4p3/6P1/1bB4n/1P2P3/PBP3PP/RN1K3R w q - 1 14	a2a3		attack	attacking your undefended bishop on b4
game		r1b1k1r1/pppp1p1p/4p3/6P1/1bB4n/1P2P3/PBP3PP/RN1K3R w q - 1 14	a2a4	a2a3	-	-
game		r1b1k1r1/pppp1p1p/4p3/6P1/1bB4n/1P2P3/PBP3PP/RN1K3R w q - 1 14	a2a4		-	-
game		r1b1k1r1/pppp1p1p/4p3/6P1/1bB4n/1P2P3/PBP3PP/RN1K3R w q - 1 14	b1a3	a2a3	development	developing your knight from b1 to a3 — that is every minor piece off its starting square
game		r1b1k1r1/pppp1p1p/4p3/6P1/1bB4n/1P2P3/PBP3PP/RN1K3R w q - 1 14	b1a3		development	developing your knight from b1 to a3 — that is every minor piece off its starting square
game		r1b1k1r1/pppp1p1p/4p3/6P1/1bB4n/1P2P3/PBP3PP/RN1K3R w q - 1 14	b1c3	a2a3	development	developing your knight from b1 to c3 — that is every minor piece off its starting square
game		r1b1k1r1/pppp1p1p/4p3/6P1/1bB4n/1P2P3/PBP3PP/RN1K3R w q - 1 14	b1c3		development	developing your knight from b1 to c3 — that is every minor piece off its starting square
game		r1b1k1r1/pppp1p1p/4p3/6P1/1bB4n/1P2P3/PBP3PP/RN1K3R w q - 1 14	b1d2	a2a3	development	developing your knight from b1 to d2 — that is every minor piece off its starting square
game		r1b1k1r1/pppp1p1p/4p3/6P1/1bB4n/1P2P3/PBP3PP/RN1K3R w q - 1 14	b1d2		development	developing your knight from b1 to d2 — that is every minor piece off its starting square
game		r1b1k1r1/pppp1p1p/4p3/6P1/1bB4n/1P2P3/PBP3PP/RN1K3R w q - 1 14	b2a3	a2a3	attack	attacking their undefended bishop on b4
game		r1b1k1r1/pppp1p1p/4p3/6P1/1bB4n/1P2P3/PBP3PP/RN1K3R w q - 1 14	b2a3		attack	attacking your undefended bishop on b4
game		r1b1k1r1/pppp1p1p/4p3/6P1/1bB4n/1P2P3/PBP3PP/RN1K3R w q - 1 14	b2c1	a2a3	-	-
game		r1b1k1r1/pppp1p1p/4p3/6P1/1bB4n/1P2P3/PBP3PP/RN1K3R w q - 1 14	b2c1		-	-
game		r1b1k1r1/pppp1p1p/4p3/6P1/1bB4n/1P2P3/PBP3PP/RN1K3R w q - 1 14	b2c3	a2a3	attack	attacking their undefended bishop on b4
game		r1b1k1r1/pppp1p1p/4p3/6P1/1bB4n/1P2P3/PBP3PP/RN1K3R w q - 1 14	b2c3		attack	attacking your undefended bishop on b4
game		r1b1k1r1/pppp1p1p/4p3/6P1/1bB4n/1P2P3/PBP3PP/RN1K3R w q - 1 14	b2d4	a2a3	-	-
game		r1b1k1r1/pppp1p1p/4p3/6P1/1bB4n/1P2P3/PBP3PP/RN1K3R w q - 1 14	b2d4		-	-
game		r1b1k1r1/pppp1p1p/4p3/6P1/1bB4n/1P2P3/PBP3PP/RN1K3R w q - 1 14	b2e5	a2a3	-	-
game		r1b1k1r1/pppp1p1p/4p3/6P1/1bB4n/1P2P3/PBP3PP/RN1K3R w q - 1 14	b2e5		-	-
game		r1b1k1r1/pppp1p1p/4p3/6P1/1bB4n/1P2P3/PBP3PP/RN1K3R w q - 1 14	b2f6	a2a3	defend	defending your pawn on g5
game		r1b1k1r1/pppp1p1p/4p3/6P1/1bB4n/1P2P3/PBP3PP/RN1K3R w q - 1 14	b2f6		defend	defending your pawn on g5
game		r1b1k1r1/pppp1p1p/4p3/6P1/1bB4n/1P2P3/PBP3PP/RN1K3R w q - 1 14	b2g7	a2a3	-	-
game		r1b1k1r1/pppp1p1p/4p3/6P1/1bB4n/1P2P3/PBP3PP/RN1K3R w q - 1 14	b2g7		-	-
game		r1b1k1r1/pppp1p1p/4p3/6P1/1bB4n/1P2P3/PBP3PP/RN1K3R w q - 1 14	b2h8	a2a3	-	-
game		r1b1k1r1/pppp1p1p/4p3/6P1/1bB4n/1P2P3/PBP3PP/RN1K3R w q - 1 14	b2h8		-	-
game		r1b1k1r1/pppp1p1p/4p3/6P1/1bB4n/1P2P3/PBP3PP/RN1K3R w q - 1 14	c2c3	a2a3	attack	attacking their undefended bishop on b4
game		r1b1k1r1/pppp1p1p/4p3/6P1/1bB4n/1P2P3/PBP3PP/RN1K3R w q - 1 14	c2c3		attack	attacking your undefended bishop on b4
game		r1b1k1r1/pppp1p1p/4p3/6P1/1bB4n/1P2P3/PBP3PP/RN1K3R w q - 1 14	c4a6	a2a3	-	-
game		r1b1k1r1/pppp1p1p/4p3/6P1/1bB4n/1P2P3/PBP3PP/RN1K3R w q - 1 14	c4a6		-	-
game		r1b1k1r1/pppp1p1p/4p3/6P1/1bB4n/1P2P3/PBP3PP/RN1K3R w q - 1 14	c4b5	a2a3	-	-
game		r1b1k1r1/pppp1p1p/4p3/6P1/1bB4n/1P2P3/PBP3PP/RN1K3R w q - 1 14	c4b5		-	-
game		r1b1k1r1/pppp1p1p/4p3/6P1/1bB4n/1P2P3/PBP3PP/RN1K3R w q - 1 14	c4d3	a2a3	-	-
game		r1b1k1r1/pppp1p1p/4p3/6P1/1bB4n/1P2P3/PBP3PP/RN1K3R w q - 1 14	c4d3		-	-
game		r1b1k1r1/pppp1p1p/4p3/6P1/1bB4n/1P2P3/PBP3PP/RN1K3R w q - 1 14	c4d5	a2a3	defend	defending your pawn on g2
game		r1b1k1r1/pppp1p1p/4p3/6P1/1bB4n/1P2P3/PBP3PP/RN1K3R w q - 1 14	c4d5		defend	defending your pawn on g2
game		r1b1k1r1/pppp1p1p/4p3/6P1/1bB4n/1P2P3/PBP3PP/RN1K3R w q - 1 14	c4e2	a2a3	-	-
game		r1b1k1r1/pppp1p1p/4p3/6P1/1bB4n/1P2P3/PBP3PP/RN1K3R w q - 1 14	c4e2		-	-
game		r1b1k1r1/pppp1p1p/4p3/6P1/1bB4n/1P2P3/PBP3PP/RN1K3R w q - 1 14	c4e6	a2a3	capture	capturing their pawn on e6
game		r1b1k1r1/pppp1p1p/4p3/6P1/1bB4n/1P2P3/PBP3PP/RN1K3R w q - 1 14	c4e6		capture	capturing your pawn on e6
game		r1b1k1r1/pppp1p1p/4p3/6P1/1bB4n/1P2P3/PBP3PP/RN1K3R w q - 1 14	c4f1	a2a3	defend	defending your pawn on g2
game		r1b1k1r1/pppp1p1p/4p3/6P1/1bB4n/1P2P3/PBP3PP/RN1K3R w q - 1 14	c4f1		defend	defending your pawn on g2
game		r1b1k1r1/pppp1p1p/4p3/6P1/1bB4n/1P2P3/PBP3PP/RN1K3R w q - 1 14	d1c1	a2a3	-	-
game		r1b1k1r1/pppp1p1p/4p3/6P1/1bB4n/1P2P3/PBP3PP/RN1K3R w q - 1 14	d1c1		-	-
game		r1b1k1r1/pppp1p1p/4p3/6P1/1bB4n/1P2P3/PBP3PP/RN1K3R w q - 1 14	d1e2	a2a3	-	-
game		r1b1k1r1/pppp1p1p/4p3/6P1/1bB4n/1P2P3/PBP3PP/RN1K3R w q - 1 14	d1e2		-	-
game		r1b1k1r1/pppp1p1p/4p3/6P1/1bB4n/1P2P3/PBP3PP/RN1K3R w q - 1 14	e3e4	a2a3	centre_control	putting a pawn on e4, one of the four centre squares
game		r1b1k1r1/pppp1p1p/4p3/6P1/1bB4n/1P2P3/PBP3PP/RN1K3R w q - 1 14	e3e4		centre_control	putting a pawn on e4, one of the four centre squares
game		r1b1k1r1/pppp1p1p/4p3/6P1/1bB4n/1P2P3/PBP3PP/RN1K3R w q - 1 14	g2g3	a2a3	attack	attacking their undefended knight on h4
game		r1b1k1r1/pppp1p1p/4p3/6P1/1bB4n/1P2P3/PBP3PP/RN1K3R w q - 1 14	g2g3		attack	attacking your undefended knight on h4
game		r1b1k1r1/pppp1p1p/4p3/6P1/1bB4n/1P2P3/PBP3PP/RN1K3R w q - 1 14	g2g4	a2a3	escape	moving your pawn off g2 where it was attacked
game		r1b1k1r1/pppp1p1p/4p3/6P1/1bB4n/1P2P3/PBP3PP/RN1K3R w q - 1 14	g2g4		escape	moving your pawn off g2 where it was attacked
game		r1b1k1r1/pppp1p1p/4p3/6P1/1bB4n/1P2P3/PBP3PP/RN1K3R w q - 1 14	g5g6	a2a3	-	-
game		r1b1k1r1/pppp1p1p/4p3/6P1/1bB4n/1P2P3/PBP3PP/RN1K3R w q - 1 14	g5g6		-	-
game		r1b1k1r1/pppp1p1p/4p3/6P1/1bB4n/1P2P3/PBP3PP/RN1K3R w q - 1 14	h1e1	a2a3	-	-
game		r1b1k1r1/pppp1p1p/4p3/6P1/1bB4n/1P2P3/PBP3PP/RN1K3R w q - 1 14	h1e1		-	-
game		r1b1k1r1/pppp1p1p/4p3/6P1/1bB4n/1P2P3/PBP3PP/RN1K3R w q - 1 14	h1f1	a2a3	open_file	moving your rook to f1 on the half-open f-file
game		r1b1k1r1/pppp1p1p/4p3/6P1/1bB4n/1P2P3/PBP3PP/RN1K3R w q - 1 14	h1f1		open_file	moving your rook to f1 on the half-open f-file
game		r1b1k1r1/pppp1p1p/4p3/6P1/1bB4n/1P2P3/PBP3PP/RN1K3R w q - 1 14	h1g1	a2a3	defend	defending your pawn on g2
game		r1b1k1r1/pppp1p1p/4p3/6P1/1bB4n/1P2P3/PBP3PP/RN1K3R w q - 1 14	h1g1		defend	defending your pawn on g2
game		r1b1k1r1/pppp1p1p/4p3/6P1/1bB4n/1P2P3/PBP3PP/RN1K3R w q - 1 14	h2h3	a2a3	-	-
game		r1b1k1r1/pppp1p1p/4p3/6P1/1bB4n/1P2P3/PBP3PP/RN1K3R w q - 1 14	h2h3		-	-
game		r1b1k1r1/pppp1p1p/4p3/6P1/1bBB4/1P2P3/P1P3nP/RN1K3R w q - 0 15	a2a3	a2a4	attack	attacking their undefended bishop on b4
game		r1b1k1r1/pppp1p1p/4p3/6P1/1bBB4/1P2P3/P1P3nP/RN1K3R w q - 0 15	a2a3		attack	attacking your undefended bishop on b4
game		r1b1k1r1/pppp1p1p/4p3/6P1/1bBB4/1P2P3/P1P3nP/RN1K3R w q - 0 15	a2a4	a2a3	-	-
game		r1b1k1r1/pppp1p1p/4p3/6P1/1bBB4/1P2P3/P1P3nP/RN1K3R w q - 0 15	a2a4		-	-
game		r1b1k1r1/pppp1p1p/4p3/6P1/1bBB4/1P2P3/P1P3nP/RN1K3R w q - 0 15	b1a3	a2a3	development	developing your knight from b1 to a3 — that is every minor piece off its starting square
game		r1b1k1r1/pppp1p1p/4p3/6P1/1bBB4/1P2P3/P1P3nP/RN1K3R w q - 0 15	b1a3		development	developing your knight from b1 to a3 — that is every minor piece off its starting square
game		r1b1k1r1/pppp1p1p/4p3/6P1/1bBB4/1P2P3/P1P3nP/RN1K3R w q - 0 15	b1c3	a2a3	development	developing your knight from b1 to c3 — that is every minor piece off its starting square
game		r1b1k1r1/pppp1p1p/4p3/6P1/1bBB4/1P2P3/P1P3nP/RN1K3R w q - 0 15	b1c3		development	developing your knight from b1 to c3 — that is every minor piece off its starting square
game		r1b1k1r1/pppp1p1p/4p3/6P1/1bBB4/1P2P3/P1P3nP/RN1K3R w q - 0 15	b1d2	a2a3	development	developing your knight from b1 to d2 — that is every minor piece off its starting square
game		r1b1k1r1/pppp1p1p/4p3/6P1/1bBB4/1P2P3/P1P3nP/RN1K3R w q - 0 15	b1d2		development	developing your knight from b1 to d2 — that is every minor piece off its starting square
game		r1b1k1r1/pppp1p1p/4p3/6P1/1bBB4/1P2P3/P1P3nP/RN1K3R w q - 0 15	c2c3	a2a3	attack	attacking their undefended bishop on b4
game		r1b1k1r1/pppp1p1p/4p3/6P1/1bBB4/1P2P3/P1P3nP/RN1K3R w q - 0 15	c2c3		attack	attacking your undefended bishop on b4
game		r1b1k1r1/pppp1p1p/4p3/6P1/1bBB4/1P2P3/P1P3nP/RN1K3R w q - 0 15	c4a6	a2a3	-	-
game		r1b1k1r1/pppp1p1p/4p3/6P1/1bBB4/1P2P3/P1P3nP/RN1K3R w q - 0 15	c4a6		-	-
game		r1b1k1r1/pppp1p1p/4p3/6P1/1bBB4/1P2P3/P1P3nP/RN1K3R w q - 0 15	c4b5	a2a3	-	-
game		r1b1k1r1/pppp1p1p/4p3/6P1/1bBB4/1P2P3/P1P3nP/RN1K3R w q - 0 15	c4b5		-	-
game		r1b1k1r1/pppp1p1p/4p3/6P1/1bBB4/1P2P3/P1P3nP/RN1K3R w q - 0 15	c4d3	a2a3	-	-
game		r1b1k1r1/pppp1p1p/4p3/6P1/1bBB4/1P2P3/P1P3nP/RN1K3R w q - 0 15	c4d3		-	-
game		r1b1k1r1/pppp1p1p/4p3/6P1/1bBB4/1P2P3/P1P3nP/RN1K3R w q - 0 15	c4d5	a2a3	attack	attacking their undefended knight on g2
game		r1b1k1r1/pppp1p1p/4p3/6P1/1bBB4/1P2P3/P1P3nP/RN1K3R w q - 0 15	c4d5		attack	attacking your undefended knight on g2
game		r1b1k1r1/pppp1p1p/4p3/6P1/1bBB4/1P2P3/P1P3nP/RN1K3R w q - 0 15	c4e2	a2a3	-	-
game		r1b1k1r1/pppp1p1p/4p3/6P1/1bBB4/1P2P3/P1P3nP/RN1K3R w q - 0 15	c4e2		-	-
game		r1b1k1r1/pppp1p1p/4p3/6P1/1bBB4/1P2P3/P1P3nP/RN1K3R w q - 0 15	c4e6	a2a3	capture	capturing their pawn on e6
game		r1b1k1r1/pppp1p1p/4p3/6P1/1bBB4/1P2P3/P1P3nP/RN1K3R w q - 0 15	c4e6		capture	capturing your pawn on e6
game		r1b1k1r1/pppp1p1p/4p3/6P1/1bBB4/1P2P3/P1P3nP/RN1K3R w q - 0 15	c4f1	a2a3	attack	attacking their undefended knight on g2
game		r1b1k1r1/pppp1p1p/4p3/6P1/1bBB4/1P2P3/P1P3nP/RN1K3R w q - 0 15	c4f1		attack	attacking your undefended knight on g2
game		r1b1k1r1/pppp1p1p/4p3/6P1/1bBB4/1P2P3/P1P3nP/RN1K3R w q - 0 15	d1c1	a2a3	-	-
game		r1b1k1r1/pppp1p1p/4p3/6P1/1bBB4/1P2P3/P1P3nP/RN1K3R w q - 0 15	d1c1		-	-
game		r1b1k1r1/pppp1p1p/4p3/6P1/1bBB4/1P2P3/P1P3nP/RN1K3R w q - 0 15	d1e2	a2a3	extra_defender	adding a defender to your pawn on e3
game		r1b1k1r1/pppp1p1p/4p3/6P1/1bBB4/1P2P3/P1P3nP/RN1K3R w q - 0 15	d1e2		extra_defender	adding a defender to your pawn on e3
game		r1b1k1r1/pppp1p1p/4p3/6P1/1bBB4/1P2P3/P1P3nP/RN1K3R w q - 0 15	d4a7	a2a3	capture	capturing their pawn on a7
game		r1b1k1r1/pppp1p1p/4p3/6P1/1bBB4/1P2P3/P1P3nP/RN1K3R w q - 0 15	d4a7		capture	capturing your pawn on a7
game		r1b1k1r1/pppp1p1p/4p3/6P1/1bBB4/1P2P3/P1P3nP/RN1K3R w q - 0 15	d4b2	a2a3	-	-
game		r1b1k1r1/pppp1p1p/4p3/6P1/1bBB4/1P2P3/P1P3nP/RN1K3R w q - 0 15	d4b2		-	-
game		r1b1k1r1/pppp1p1p/4p3/6P1/1bBB4/1P2P3/P1P3nP/RN1K3R w q - 0 15	d4b6	a2a3	defend	defending your pawn on e3
game		r1b1k1r1/pppp1p1p/4p3/6P1/1bBB4/1P2P3/P1P3nP/RN1K3R w q - 0 15	d4b6		defend	defending your pawn on e3
game		r1b1k1r1/pppp1p1p/4p3/6P1/1bBB4/1P2P3/P1P3nP/RN1K3R w q - 0 15	d4c3	a2a3	attack	attacking their undefended bishop on b4
game		r1b1k1r1/pppp1p1p/4p3/6P1/1bBB4/1P2P3/P1P3nP/RN1K3R w q - 0 15	d4c3		attack	attacking your undefended bishop on b4
game		r1b1k1r1/pppp1p1p/4p3/6P1/1bBB4/1P2P3/P1P3nP/RN1K3R w q - 0 15	d4c5	a2a3	attack	attacking their undefended bishop on b4
game		r1b1k1r1/pppp1p1p/4p3/6P1/1bBB4/1P2P3/P1P3nP/RN1K3R w q - 0 15	d4c5		attack	attacking your undefended bishop on b4
game		r1b1k1r1/pppp1p1p/4p3/6P1/1bBB4/1P2P3/P1P3nP/RN1K3R w q - 0 15	d4e5	a2a3	-	-
game		r1b1k1r1/pppp1p1p/4p3/6P1/1bBB4/1P2P3/P1P3nP/RN1K3R w q - 0 15	d4e5		-	-
game		r1b1k1r1/pppp1p1p/4p3/6P1/1bBB4/1P2P3/P1P3nP/RN1K3R w q - 0 15	d4f6	a2a3	defend	defending your pawn on g5
game		r1b1k1r1/pppp1p1p/4p3/6P1/1bBB4/1P2P3/P1P3nP/RN1K3R w q - 0 15	d4f6		defend	defending your pawn on g5
game		r1b1k1r1/pppp1p1p/4p3/6P1/1bBB4/1P2P3/P1P3nP/RN1K3R w q - 0 15	d4g7	a2a3	-	-
game		r1b1k1r1/pppp1p1p/4p3/6P1/1bBB4/1P2P3/P1P3nP/RN1K3R w q - 0 15	d4g7		-	-
game		r1b1k1r1/pppp1p1p/4p3/6P1/1bBB4/1P2P3/P1P3nP/RN1K3R w q - 0 15	d4h8	a2a3	-	-
game		r1b1k1r1/pppp1p1p/4p3/6P1/1bBB4/1P2P3/P1P3nP/RN1K3R w q - 0 15	d4h8		-	-
game		r1b1k1r1/pppp1p1p/4p3/6P1/1bBB4/1P2P3/P1P3nP/RN1K3R w q - 0 15	e3e4	a2a3	escape	moving your pawn off e3 where it was attacked
game		r1b1k1r1/pppp1p1p/4p3/6P1/1bBB4/1P2P3/P1P3nP/RN1K3R w q - 0 15	e3e4		escape	moving your pawn off e3 where it was attacked
game		r1b1k1r1/pppp1p1p/4p3/6P1/1bBB4/1P2P3/P1P3nP/RN1K3R w q - 0 15	g5g6	a2a3	-	-
game		r1b1k1r1/pppp1p1p/4p3/6P1/1bBB4/1P2P3/P1P3nP/RN1K3R w q - 0 15	g5g6		-	-
game		r1b1k1r1/pppp1p1p/4p3/6P1/1bBB4/1P2P3/P1P3nP/RN1K3R w q - 0 15	h1e1	a2a3	extra_defender	adding a defender to your pawn on e3
game		r1b1k1r1/pppp1p1p/4p3/6P1/1bBB4/1P2P3/P1P3nP/RN1K3R w q - 0 15	h1e1		extra_defender	adding a defender to your pawn on e3
game		r1b1k1r1/pppp1p1p/4p3/6P1/1bBB4/1P2P3/P1P3nP/RN1K3R w q - 0 15	h1f1	a2a3	open_file	moving your rook to f1 on the half-open f-file
game		r1b1k1r1/pppp1p1p/4p3/6P1/1bBB4/1P2P3/P1P3nP/RN1K3R w q - 0 15	h1f1		open_file	moving your rook to f1 on the half-open f-file
game		r1b1k1r1/pppp1p1p/4p3/6P1/1bBB4/1P2P3/P1P3nP/RN1K3R w q - 0 15	h1g1	a2a3	attack	attacking their undefended knight on g2
game		r1b1k1r1/pppp1p1p/4p3/6P1/1bBB4/1P2P3/P1P3nP/RN1K3R w q - 0 15	h1g1		attack	attacking your undefended knight on g2
game		r1b1k1r1/pppp1p1p/4p3/6P1/1bBB4/1P2P3/P1P3nP/RN1K3R w q - 0 15	h2h3	a2a3	-	-
game		r1b1k1r1/pppp1p1p/4p3/6P1/1bBB4/1P2P3/P1P3nP/RN1K3R w q - 0 15	h2h3		-	-
game		r1b1k1r1/pppp1p1p/4p3/6P1/1bBB4/1P2P3/P1P3nP/RN1K3R w q - 0 15	h2h4	a2a3	defend	defending your pawn on g5
game		r1b1k1r1/pppp1p1p/4p3/6P1/1bBB4/1P2P3/P1P3nP/RN1K3R w q - 0 15	h2h4		defend	defending your pawn on g5
game		r1b1k1r1/pppp1p1p/8/4p1P1/1b1B4/1P2P3/P1P1B1nP/RN1K3R w q - 0 16	a2a3	a2a4	attack	attacking their undefended bishop on b4
game		r1b1k1r1/pppp1p1p/8/4p1P1/1b1B4/1P2P3/P1P1B1nP/RN1K3R w q - 0 16	a2a3		attack	attacking your undefended bishop on b4
game		r1b1k1r1/pppp1p1p/8/4p1P1/1b1B4/1P2P3/P1P1B1nP/RN1K3R w q - 0 16	a2a4	a2a3	-	-
game		r1b1k1r1/pppp1p1p/8/4p1P1/1b1B4/1P2P3/P1P1B1nP/RN1K3R w q - 0 16	a2a4		-	-
game		r1b1k1r1/pppp1p1p/8/4p1P1/1b1B4/1P2P3/P1P1B1nP/RN1K3R w q - 0 16	b1a3	a2a3	development	developing your knight from b1 to a3 — that is every minor piece off its starting square
game		r1b1k1r1/pppp1p1p/8/4p1P1/1b1B4/1P2P3/P1P1B1nP/RN1K3R w q - 0 16	b1a3		development	developing your knight from b1 to a3 — that is every minor piece off its starting square
game		r1b1k1r1/pppp1p1p/8/4p1P1/1b1B4/1P2P3/P1P1B1nP/RN1K3R w q - 0 16	b1c3	a2a3	development	developing your knight from b1 to c3 — that is every minor piece off its starting square
game		r1b1k1r1/pppp1p1p/8/4p1P1/1b1B4/1P2P3/P1P1B1nP/RN1K3R w q - 0 16	b1c3		development	developing your knight from b1 to c3 — that is every minor piece off its starting square
game		r1b1k1r1/pppp1p1p/8/4p1P1/1b1B4/1P2P3/P1P1B1nP/RN1K3R w q - 0 16	b1d2	a2a3	development	developing your knight from b1 to d2 — that is every minor piece off its starting square
game		r1b1k1r1/pppp1p1p/8/4p1P1/1b1B4/1P2P3/P1P1B1nP/RN1K3R w q - 0 16	b1d2		development	developing your knight from b1 to d2 — that is every minor piece off its starting square
game		r1b1k1r1/pppp1p1p/8/4p1P1/1b1B4/1P2P3/P1P1B1nP/RN1K3R w q - 0 16	c2c3	a2a3	attack	attacking their undefended bishop on b4
game		r1b1k1r1/pppp1p1p/8/4p1P1/1b1B4/1P2P3/P1P1B1nP/RN1K3R w q - 0 16	c2c3		attack	attacking your undefended bishop on b4
game		r1b1k1r1/pppp1p1p/8/4p1P1/1b1B4/1P2P3/P1P1B1nP/RN1K3R w q - 0 16	c2c4	a2a3	-	-
game		r1b1k1r1/pppp1p1p/8/4p1P1/1b1B4/1P2P3/P1P1B1nP/RN1K3R w q - 0 16	c2c4		-	-
game		r1b1k1r1/pppp1p1p/8/4p1P1/1b1B4/1P2P3/P1P1B1nP/RN1K3R w q - 0 16	d1c1	a2a3	-	-
game		r1b1k1r1/pppp1p1p/8/4p1P1/1b1B4/1P2P3/P1P1B1nP/RN1K3R w q - 0 16	d1c1		-	-
game		r1b1k1r1/pppp1p1p/8/4p1P1/1b1B4/1P2P3/P1P1B1nP/RN1K3R w q - 0 16	d4a7	a2a3	capture	capturing their pawn on a7
game		r1b1k1r1/pppp1p1p/8/4p1P1/1b1B4/1P2P3/P1P1B1nP/RN1K3R w q - 0 16	d4a7		capture	capturing your pawn on a7
game		r1b1k1r1/pppp1p1p/8/4p1P1/1b1B4/1P2P3/P1P1B1nP/RN1K3R w q - 0 16	d4b2	a2a3	escape	moving your bishop off d4 where it was attacked
game		r1b1k1r1/pppp1p1p/8/4p1P1/1b1B4/1P2P3/P1P1B1nP/RN1K3R w q - 0 16	d4b2		escape	moving your bishop off d4 where it was attacked
game		r1b1k1r1/pppp1p1p/8/4p1P1/1b1B4/1P2P3/P1P1B1nP/RN1K3R w q - 0 16	d4b6	a2a3	defend	defending your pawn on e3
game		r1b1k1r1/pppp1p1p/8/4p1P1/1b1B4/1P2P3/P1P1B1nP/RN1K3R w q - 0 16	d4b6		defend	defending your pawn on e3
game		r1b1k1r1/pppp1p1p/8/4p1P1/1b1B4/1P2P3/P1P1B1nP/RN1K3R w q - 0 16	d4c3	a2a3	attack	attacking their undefended bishop on b4
game		r1b1k1r1/pppp1p1p/8/4p1P1/1b1B4/1P2P3/P1P1B1nP/RN1K3R w q - 0 16	d4c3		attack	attacking your undefended bishop on b4
game		r1b1k1r1/pppp1p1p/8/4p1P1/1b1B4/1P2P3/P1P1B1nP/RN1K3R w q - 0 16	d4c5	a2a3	attack	attacking their undefended bishop on b4
game		r1b1k1r1/pppp1p1p/8/4p1P1/1b1B4/1P2P3/P1P1B1nP/RN1K3R w q - 0 16	d4c5		attack	attacking your undefended bishop on b4
game		r1b1k1r1/pppp1p1p/8/4p1P1/1b1B4/1P2P3/P1P1B1nP/RN1K3R w q - 0 16	d4e5	a2a3	capture	capturing their pawn on e5
game		r1b1k1r1/pppp1p1p/8/4p1P1/1b1B4/1P2P3/P1P1B1nP/RN1K3R w q - 0 16	d4e5		capture	capturing your pawn on e5
game		r1b1k1r1/pppp1p1p/8/4p1P1/1b1B4/1P2P3/P1P1B1nP/RN1K3R w q - 0 16	e2a6	a2a3	-	-
game		r1b1k1r1/pppp1p1p/8/4p1P1/1b1B4/1P2P3/P1P1B1nP/RN1K3R w q - 0 16	e2a6		-	-
game		r1b1k1r1/pppp1p1p/8/4p1P1/1b1B4/1P2P3/P1P1B1nP/RN1K3R w q - 0 16	e2b5	a2a3	-	-
game		r1b1k1r1/pppp1p1p/8/4p1P1/1b1B4/1P2P3/P1P1B1nP/RN1K3R w q - 0 16	e2b5		-	-
game		r1b1k1r1/pppp1p1p/8/4p1P1/1b1B4/1P2P3/P1P1B1nP/RN1K3R w q - 0 16	e2c4	a2a3	-	-
game		r1b1k1r1/pppp1p1p/8/4p1P1/1b1B4/1P2P3/P1P1B1nP/RN1K3R w q - 0 16	e2c4		-	-
game		r1b1k1r1/pppp1p1p/8/4p1P1/1b1B4/1P2P3/P1P1B1nP/RN1K3R w q - 0 16	e2d3	a2a3	-	-
game		r1b1k1r1/pppp1p1p/8/4p1P1/1b1B4/1P2P3/P1P1B1nP/RN1K3R w q - 0 16	e2d3		-	-
game		r1b1k1r1/pppp1p1p/8/4p1P1/1b1B4/1P2P3/P1P1B1nP/RN1K3R w q - 0 16	e2f1	a2a3	attack	attacking their undefended knight on g2
game		r1b1k1r1/pppp1p1p/8/4p1P1/1b1B4/1P2P3/P1P1B1nP/RN1K3R w q - 0 16	e2f1		attack	attacking your undefended knight on g2
game		r1b1k1r1/pppp1p1p/8/4p1P1/1b1B4/1P2P3/P1P1B1nP/RN1K3R w q - 0 16	e2f3	a2a3	attack	attacking their undefended knight on g2
game		r1b1k1r1/pppp1p1p/8/4p1P1/1b1B4/1P2P3/P1P1B1nP/RN1K3R w q - 0 16	e2f3		attack	attacking your undefended knight on g2
game		r1b1k1r1/pppp1p1p/8/4p1P1/1b1B4/1P2P3/P1P1B1nP/RN1K3R w q - 0 16	e2g4	a2a3	-	-
game		r1b1k1r1/pppp1p1p/8/4p1P1/1b1B4/1P2P3/P1P1B1nP/RN1K3R w q - 0 16	e2g4		-	-
game		r1b1k1r1/pppp1p1p/8/4p1P1/1b1B4/1P2P3/P1P1B1nP/RN1K3R w q - 0 16	e2h5	a2a3	-	-
game		r1b1k1r1/pppp1p1p/8/4p1P1/1b1B4/1P2P3/P1P1B1nP/RN1K3R w q - 0 16	e2h5		-	-
game		r1b1k1r1/pppp1p1p/8/4p1P1/1b1B4/1P2P3/P1P1B1nP/RN1K3R w q - 0 16	e3e4	a2a3	escape	moving your pawn off e3 where it was attacked
game		r1b1k1r1/pppp1p1p/8/4p1P1/1b1B4/1P2P3/P1P1B1nP/RN1K3R w q - 0 16	e3e4		escape	moving your pawn off e3 where it was attacked
game		r1b1k1r1/pppp1p1p/8/4p1P1/1b1B4/1P2P3/P1P1B1nP/RN1K3R w q - 0 16	g5g6	a2a3	-	-
game		r1b1k1r1/pppp1p1p/8/4p1P1/1b1B4/1P2P3/P1P1B1nP/RN1K3R w q - 0 16	g5g6		-	-
game		r1b1k1r1/pppp1p1p/8/4p1P1/1b1B4/1P2P3/P1P1B1nP/RN1K3R w q - 0 16	h1e1	a2a3	-	-
game		r1b1k1r1/pppp1p1p/8/4p1P1/1b1B4/1P2P3/P1P1B1nP/RN1K3R w q - 0 16	h1e1		-	-
game		r1b1k1r1/pppp1p1p/8/4p1P1/1b1B4/1P2P3/P1P1B1nP/RN1K3R w q - 0 16	h1f1	a2a3	open_file	moving your rook to f1 on the half-open f-file
game		r1b1k1r1/pppp1p1p/8/4p1P1/1b1B4/1P2P3/P1P1B1nP/RN1K3R w q - 0 16	h1f1		open_file	moving your rook to f1 on the half-open f-file
game		r1b1k1r1/pppp1p1p/8/4p1P1/1b1B4/1P2P3/P1P1B1nP/RN1K3R w q - 0 16	h1g1	a2a3	attack	attacking their undefended knight on g2
game		r1b1k1r1/pppp1p1p/8/4p1P1/1b1B4/1P2P3/P1P1B1nP/RN1K3R w q - 0 16	h1g1		attack	attacking your undefended knight on g2
game		r1b1k1r1/pppp1p1p/8/4p1P1/1b1B4/1P2P3/P1P1B1nP/RN1K3R w q - 0 16	h2h3	a2a3	-	-
game		r1b1k1r1/pppp1p1p/8/4p1P1/1b1B4/1P2P3/P1P1B1nP/RN1K3R w q - 0 16	h2h3		-	-
game		r1b1k1r1/pppp1p1p/8/4p1P1/1b1B4/1P2P3/P1P1B1nP/RN1K3R w q - 0 16	h2h4	a2a3	defend	defending your pawn on g5
game		r1b1k1r1/pppp1p1p/8/4p1P1/1b1B4/1P2P3/P1P1B1nP/RN1K3R w q - 0 16	h2h4		defend	defending your pawn on g5
game		r1b1k1r1/pppp1p1p/8/6P1/1bBp4/1P2P3/P1P3nP/RN1K3R w q - 0 17	a2a3	a2a4	attack	attacking their undefended bishop on b4
game		r1b1k1r1/pppp1p1p/8/6P1/1bBp4/1P2P3/P1P3nP/RN1K3R w q - 0 17	a2a3		attack	attacking your undefended bishop on b4
game		r1b1k1r1/pppp1p1p/8/6P1/1bBp4/1P2P3/P1P3nP/RN1K3R w q - 0 17	a2a4	a2a3	-	-
game		r1b1k1r1/pppp1p1p/8/6P1/1bBp4/1P2P3/P1P3nP/RN1K3R w q - 0 17	a2a4		-	-
game		r1b1k1r1/pppp1p1p/8/6P1/1bBp4/1P2P3/P1P3nP/RN1K3R w q - 0 17	b1a3	a2a3	development	developing your knight from b1 to a3 — that is every minor piece off its starting square
game		r1b1k1r1/pppp1p1p/8/6P1/1bBp4/1P2P3/P1P3nP/RN1K3R w q - 0 17	b1a3		development	developing your knight from b1 to a3 — that is every minor piece off its starting square
game		r1b1k1r1/pppp1p1p/8/6P1/1bBp4/1P2P3/P1P3nP/RN1K3R w q - 0 17	b1c3	a2a3	development	developing your knight from b1 to c3 — that is every minor piece off its starting square
game		r1b1k1r1/pppp1p1p/8/6P1/1bBp4/1P2P3/P1P3nP/RN1K3R w q - 0 17	b1c3		development	developing your knight from b1 to c3 — that is every minor piece off its starting square
game		r1b1k1r1/pppp1p1p/8/6P1/1bBp4/1P2P3/P1P3nP/RN1K3R w q - 0 17	b1d2	a2a3	development	developing your knight from b1 to d2 — that is every minor piece off its starting square
game		r1b1k1r1/pppp1p1p/8/6P1/1bBp4/1P2P3/P1P3nP/RN1K3R w q - 0 17	b1d2		development	developing your knight from b1 to d2 — that is every minor piece off its starting square
game		r1b1k1r1/pppp1p1p/8/6P1/1bBp4/1P2P3/P1P3nP/RN1K3R w q - 0 17	c2c3	a2a3	attack	attacking their undefended bishop on b4
game		r1b1k1r1/pppp1p1p/8/6P1/1bBp4/1P2P3/P1P3nP/RN1K3R w q - 0 17	c2c3		attack	attacking your undefended bishop on b4
game		r1b1k1r1/pppp1p1p/8/6P1/1bBp4/1P2P3/P1P3nP/RN1K3R w q - 0 17	c4a6	a2a3	-	-
game		r1b1k1r1/pppp1p1p/8/6P1/1bBp4/1P2P3/P1P3nP/RN1K3R w q - 0 17	c4a6		-	-
game		r1b1k1r1/pppp1p1p/8/6P1/1bBp4/1P2P3/P1P3nP/RN1K3R w q - 0 17	c4b5	a2a3	-	-
game		r1b1k1r1/pppp1p1p/8/6P1/1bBp4/1P2P3/P1P3nP/RN1K3R w q - 0 17	c4b5		-	-
game		r1b1k1r1/pppp1p1p/8/6P1/1bBp4/1P2P3/P1P3nP/RN1K3R w q - 0 17	c4d3	a2a3	-	-
game		r1b1k1r1/pppp1p1p/8/6P1/1bBp4/1P2P3/P1P3nP/RN1K3R w q - 0 17	c4d3		-	-
game		r1b1k1r1/pppp1p1p/8/6P1/1bBp4/1P2P3/P1P3nP/RN1K3R w q - 0 17	c4d5	a2a3	attack	attacking their undefended knight on g2
game		r1b1k1r1/pppp1p1p/8/6P1/1bBp4/1P2P3/P1P3nP/RN1K3R w q - 0 17	c4d5		attack	attacking your undefended knight on g2
game		r1b1k1r1/pppp1p1p/8/6P1/1bBp4/1P2P3/P1P3nP/RN1K3R w q - 0 17	c4e2	a2a3	-	-
game		r1b1k1r1/pppp1p1p/8/6P1/1bBp4/1P2P3/P1P3nP/RN1K3R w q - 0 17	c4e2		-	-
game		r1b1k1r1/pppp1p1p/8/6P1/1bBp4/1P2P3/P1P3nP/RN1K3R w q - 0 17	c4e6	a2a3	-	-
game		r1b1k1r1/pppp1p1p/8/6P1/1bBp4/1P2P3/P1P3nP/RN1K3R w q - 0 17	c4e6		-	-
game		r1b1k1r1/pppp1p1p/8/6P1/1bBp4/1P2P3/P1P3nP/RN1K3R w q - 0 17	c4f1	a2a3	attack	attacking their undefended knight on g2
game		r1b1k1r1/pppp1p1p/8/6P1/1bBp4/1P2P3/P1P3nP/RN1K3R w q - 0 17	c4f1		attack	attacking your undefended knight on g2
game		r1b1k1r1/pppp1p1p/8/6P1/1bBp4/1P2P3/P1P3nP/RN1K3R w q - 0 17	c4f7	a2a3	capture	capturing their pawn on f7
game		r1b1k1r1/pppp1p1p/8/6P1/1bBp4/1P2P3/P1P3nP/RN1K3R w q - 0 17	c4f7		capture	capturing your pawn on f7
game		r1b1k1r1/pppp1p1p/8/6P1/1bBp4/1P2P3/P1P3nP/RN1K3R w q - 0 17	d1c1	a2a3	-	-
game		r1b1k1r1/pppp1p1p/8/6P1/1bBp4/1P2P3/P1P3nP/RN1K3R w q - 0 17	d1c1		-	-
game		r1b1k1r1/pppp1p1p/8/6P1/1bBp4/1P2P3/P1P3nP/RN1K3R w q - 0 17	d1e2	a2a3	defend	defending your pawn on e3
game		r1b1k1r1/pppp1p1p/8/6P1/1bBp4/1P2P3/P1P3nP/RN1K3R w q - 0 17	d1e2		defend	defending your pawn on e3
game		r1b1k1r1/pppp1p1p/8/6P1/1bBp4/1P2P3/P1P3nP/RN1K3R w q - 0 17	e3d4	a2a3	capture	capturing their pawn on d4
game		r1b1k1r1/pppp1p1p/8/6P1/1bBp4/1P2P3/P1P3nP/RN1K3R w q - 0 17	e3d4		capture	capturing your pawn on d4
game		r1b1k1r1/pppp1p1p/8/6P1/1bBp4/1P2P3/P1P3nP/RN1K3R w q - 0 17	e3e4	a2a3	escape	moving your pawn off e3 where it was attacked
game		r1b1k1r1/pppp1p1p/8/6P1/1bBp4/1P2P3/P1P3nP/RN1K3R w q - 0 17	e3e4		escape	moving your pawn off e3 where it was attacked
game		r1b1k1r1/pppp1p1p/8/6P1/1bBp4/1P2P3/P1P3nP/RN1K3R w q - 0 17	g5g6	a2a3	-	-
game		r1b1k1r1/pppp1p1p/8/6P1/1bBp4/1P2P3/P1P3nP/RN1K3R w q - 0 17	g5g6		-	-
game		r1b1k1r1/pppp1p1p/8/6P1/1bBp4/1P2P3/P1P3nP/RN1K3R w q - 0 17	h1e1	a2a3	defend	defending your pawn on e3
game		r1b1k1r1/pppp1p1p/8/6P1/1bBp4/1P2P3/P1P3nP/RN1K3R w q - 0 17	h1e1		defend	defending your pawn on e3
game		r1b1k1r1/pppp1p1p/8/6P1/1bBp4/1P2P3/P1P3nP/RN1K3R w q - 0 17	h1f1	a2a3	open_file	moving your rook to f1 on the half-open f-file
game		r1b1k1r1/pppp1p1p/8/6P1/1bBp4/1P2P3/P1P3nP/RN1K3R w q - 0 17	h1f1		open_file	moving your rook to f1 on the half-open f-file
game		r1b1k1r1/pppp1p1p/8/6P1/1bBp4/1P2P3/P1P3nP/RN1K3R w q - 0 17	h1g1	a2a3	attack	attacking their undefended knight on g2
game		r1b1k1r1/pppp1p1p/8/6P1/1bBp4/1P2P3/P1P3nP/RN1K3R w q - 0 17	h1g1		attack	attacking your undefended knight on g2
game		r1b1k1r1/pppp1p1p/8/6P1/1bBp4/1P2P3/P1P3nP/RN1K3R w q - 0 17	h2h3	a2a3	-	-
game		r1b1k1r1/pppp1p1p/8/6P1/1bBp4/1P2P3/P1P3nP/RN1K3R w q - 0 17	h2h3		-	-
game		r1b1k1r1/pppp1p1p/8/6P1/1bBp4/1P2P3/P1P3nP/RN1K3R w q - 0 17	h2h4	a2a3	defend	defending your pawn on g5
game		r1b1k1r1/pppp1p1p/8/6P1/1bBp4/1P2P3/P1P3nP/RN1K3R w q - 0 17	h2h4		defend	defending your pawn on g5
game		r1b1k1r1/pppp1p1p/8/6P1/1bBP4/1P2n3/P1P4P/RN1K3R w q - 1 18	d1c1	d1e2	escape	moving your king off d1 where it was attacked
game		r1b1k1r1/pppp1p1p/8/6P1/1bBP4/1P2n3/P1P4P/RN1K3R w q - 1 18	d1c1		escape	moving your king off d1 where it was attacked
game		r1b1k1r1/pppp1p1p/8/6P1/1bBP4/1P2n3/P1P4P/RN1K3R w q - 1 18	d1e2	d1c1	attack	attacking their undefended knight on e3
game		r1b1k1r1/pppp1p1p/8/6P1/1bBP4/1P2n3/P1P4P/RN1K3R w q - 1 18	d1e2		attack	attacking your undefended knight on e3
game		r1b1k1r1/pppp1p1p/8/6P1/1bnP4/1P6/P1P1K2P/RN5R w q - 0 19	a2a3	a2a4	attack	attacking their undefended bishop on b4
game		r1b1k1r1/pppp1p1p/8/6P1/1bnP4/1P6/P1P1K2P/RN5R w q - 0 19	a2a3		attack	attacking your undefended bishop on b4
game		r1b1k1r1/pppp1p1p/8/6P1/1bnP4/1P6/P1P1K2P/RN5R w q - 0 19	a2a4	a2a3	-	-
game		r1b1k1r1/pppp1p1p/8/6P1/1bnP4/1P6/P1P1K2P/RN5R w q - 0 19	a2a4		-	-
game		r1b1k1r1/pppp1p1p/8/6P1/1bnP4/1P6/P1P1K2P/RN5R w q - 0 19	b1a3	a2a3	attack	attacking their undefended knight on c4
game		r1b1k1r1/pppp1p1p/8/6P1/1bnP4/1P6/P1P1K2P/RN5R w q - 0 19	b1a3		attack	attacking your undefended knight on c4
game		r1b1k1r1/pppp1p1p/8/6P1/1bnP4/1P6/P1P1K2P/RN5R w q - 0 19	b1c3	a2a3	development	developing your knight from b1 to c3 — that is every minor piece off its starting square
game		r1b1k1r1/pppp1p1p/8/6P1/1bnP4/1P6/P1P1K2P/RN5R w q - 0 19	b1c3		development	developing your knight from b1 to c3 — that is every minor piece off its starting square
game		r1b1k1r1/pppp1p1p/8/6P1/1bnP4/1P6/P1P1K2P/RN5R w q - 0 19	b1d2	a2a3	attack	attacking their undefended knight on c4
game		r1b1k1r1/pppp1p1p/8/6P1/1bnP4/1P6/P1P1K2P/RN5R w q - 0 19	b1d2		attack	attacking your undefended knight on c4
game		r1b1k1r1/pppp1p1p/8/6P1/1bnP4/1P6/P1P1K2P/RN5R w q - 0 19	b3c4	a2a3	capture	capturing their knight on c4
game		r1b1k1r1/pppp1p1p/8/6P1/1bnP4/1P6/P1P1K2P/RN5R w q - 0 19	b3c4		capture	capturing your knight on c4
game		r1b1k1r1/pppp1p1p/8/6P1/1bnP4/1P6/P1P1K2P/RN5R w q - 0 19	c2c3	a2a3	attack	attacking their undefended bishop on b4
game		r1b1k1r1/pppp1p1p/8/6P1/1bnP4/1P6/P1P1K2P/RN5R w q - 0 19	c2c3		attack	attacking your undefended bishop on b4
game		r1b1k1r1/pppp1p1p/8/6P1/1bnP4/1P6/P1P1K2P/RN5R w q - 0 19	d4d5	a2a3	centre_control	putting a pawn on d5, one of the four centre squares
game		r1b1k1r1/pppp1p1p/8/6P1/1bnP4/1P6/P1P1K2P/RN5R w q - 0 19	d4d5		centre_control	putting a pawn on d5, one of the four centre squares
game		r1b1k1r1/pppp1p1p/8/6P1/1bnP4/1P6/P1P1K2P/RN5R w q - 0 19	e2d1	a2a3	-	-
game		r1b1k1r1/pppp1p1p/8/6P1/1bnP4/1P6/P1P1K2P/RN5R w q - 0 19	e2d1		-	-
game		r1b1k1r1/pppp1p1p/8/6P1/1bnP4/1P6/P1P1K2P/RN5R w q - 0 19	e2d3	a2a3	attack	attacking their undefended knight on c4
game		r1b1k1r1/pppp1p1p/8/6P1/1bnP4/1P6/P1P1K2P/RN5R w q - 0 19	e2d3		attack	attacking your undefended knight on c4
game		r1b1k1r1/pppp1p1p/8/6P1/1bnP4/1P6/P1P1K2P/RN5R w q - 0 19	e2f1	a2a3	-	-
game		r1b1k1r1/pppp1p1p/8/6P1/1bnP4/1P6/P1P1K2P/RN5R w q - 0 19	e2f1		-	-
game		r1b1k1r1/pppp1p1p/8/6P1/1bnP4/1P6/P1P1K2P/RN5R w q - 0 19	e2f2	a2a3	-	-
game		r1b1k1r1/pppp1p1p/8/6P1/1bnP4/1P6/P1P1K2P/RN5R w q - 0 19	e2f2		-	-
game		r1b1k1r1/pppp1p1p/8/6P1/1bnP4/1P6/P1P1K2P/RN5R w q - 0 19	e2f3	a2a3	-	-
game		r1b1k1r1/pppp1p1p/8/6P1/1bnP4/1P6/P1P1K2P/RN5R w q - 0 19	e2f3		-	-
game		r1b1k1r1/pppp1p1p/8/6P1/1bnP4/1P6/P1P1K2P/RN5R w q - 0 19	g5g6	a2a3	-	-
game		r1b1k1r1/pppp1p1p/8/6P1/1bnP4/1P6/P1P1K2P/RN5R w q - 0 19	g5g6		-	-
game		r1b1k1r1/pppp1p1p/8/6P1/1bnP4/1P6/P1P1K2P/RN5R w q - 0 19	h1c1	a2a3	-	-
game		r1b1k1r1/pppp1p1p/8/6P1/1bnP4/1P6/P1P1K2P/RN5R w q - 0 19	h1c1		-	-
game		r1b1k1r1/pppp1p1p/8/6P1/1bnP4/1P6/P1P1K2P/RN5R w q - 0 19	h1d1	a2a3	-	-
game		r1b1k1r1/pppp1p1p/8/6P1/1bnP4/1P6/P1P1K2P/RN5R w q - 0 19	h1d1		-	-
game		r1b1k1r1/pppp1p1p/8/6P1/1bnP4/1P6/P1P1K2P/RN5R w q - 0 19	h1e1	a2a3	open_file	moving your rook to e1 on the open e-file
game		r1b1k1r1/pppp1p1p/8/6P1/1bnP4/1P6/P1P1K2P/RN5R w q - 0 19	h1e1		open_file	moving your rook to e1 on the open e-file
game		r1b1k1r1/pppp1p1p/8/6P1/1bnP4/1P6/P1P1K2P/RN5R w q - 0 19	h1f1	a2a3	open_file	moving your rook to f1 on the half-open f-file
game		r1b1k1r1/pppp1p1p/8/6P1/1bnP4/1P6/P1P1K2P/RN5R w q - 0 19	h1f1		open_file	moving your rook to f1 on the half-open f-file
game		r1b1k1r1/pppp1p1p/8/6P1/1bnP4/1P6/P1P1K2P/RN5R w q - 0 19	h1g1	a2a3	defend	defending your pawn on g5
game		r1b1k1r1/pppp1p1p/8/6P1/1bnP4/1P6/P1P1K2P/RN5R w q - 0 19	h1g1		defend	defending your pawn on g5
game		r1b1k1r1/pppp1p1p/8/6P1/1bnP4/1P6/P1P1K2P/RN5R w q - 0 19	h2h3	a2a3	-	-
game		r1b1k1r1/pppp1p1p/8/6P1/1bnP4/1P6/P1P1K2P/RN5R w q - 0 19	h2h3		-	-
game		r1b1k1r1/pppp1p1p/8/6P1/1bnP4/1P6/P1P1K2P/RN5R w q - 0 19	h2h4	a2a3	defend	defending your pawn on g5
game		r1b1k1r1/pppp1p1p/8/6P1/1bnP4/1P6/P1P1K2P/RN5R w q - 0 19	h2h4		defend	defending your pawn on g5
game		r1b1k3/pppp1p1p/8/6r1/1bPP4/8/P1P1K2P/RN5R w q - 0 20	a2a3	a2a4	attack	attacking their undefended bishop on b4
game		r1b1k3/pppp1p1p/8/6r1/1bPP4/8/P1P1K2P/RN5R w q - 0 20	a2a3		attack	attacking your undefended bishop on b4
game		r1b1k3/pppp1p1p/8/6r1/1bPP4/8/P1P1K2P/RN5R w q - 0 20	a2a4	a2a3	-	-
game		r1b1k3/pppp1p1p/8/6r1/1bPP4/8/P1P1K2P/RN5R w q - 0 20	a2a4		-	-
game		r1b1k3/pppp1p1p/8/6r1/1bPP4/8/P1P1K2P/RN5R w q - 0 20	b1a3	a2a3	development	developing your knight from b1 to a3 — that is every minor piece off its starting square
game		r1b1k3/pppp1p1p/8/6r1/1bPP4/8/P1P1K2P/RN5R w q - 0 20	b1a3		development	developing your knight from b1 to a3 — that is every minor piece off its starting square
game		r1b1k3/pppp1p1p/8/6r1/1bPP4/8/P1P1K2P/RN5R w q - 0 20	b1c3	a2a3	development	developing your knight from b1 to c3 — that is every minor piece off its starting square
game		r1b1k3/pppp1p1p/8/6r1/1bPP4/8/P1P1K2P/RN5R w q - 0 20	b1c3		development	developing your knight from b1 to c3 — that is every minor piece off its starting square
game		r1b1k3/pppp1p1p/8/6r1/1bPP4/8/P1P1K2P/RN5R w q - 0 20	b1d2	a2a3	development	developing your knight from b1 to d2 — that is every minor piece off its starting square
game		r1b1k3/pppp1p1p/8/6r1/1bPP4/8/P1P1K2P/RN5R w q - 0 20	b1d2		development	developing your knight from b1 to d2 — that is every minor piece off its starting square
game		r1b1k3/pppp1p1p/8/6r1/1bPP4/8/P1P1K2P/RN5R w q - 0 20	c2c3	a2a3	attack	attacking their undefended bishop on b4
game		r1b1k3/pppp1p1p/8/6r1/1bPP4/8/P1P1K2P/RN5R w q - 0 20	c2c3		attack	attacking your undefended bishop on b4
game		r1b1k3/pppp1p1p/8/6r1/1bPP4/8/P1P1K2P/RN5R w q - 0 20	c4c5	a2a3	-	-
game		r1b1k3/pppp1p1p/8/6r1/1bPP4/8/P1P1K2P/RN5R w q - 0 20	c4c5		-	-
game		r1b1k3/pppp1p1p/8/6r1/1bPP4/8/P1P1K2P/RN5R w q - 0 20	d4d5	a2a3	centre_control	putting a pawn on d5, one of the four centre squares
game		r1b1k3/pppp1p1p/8/6r1/1bPP4/8/P1P1K2P/RN5R w q - 0 20	d4d5		centre_control	putting a pawn on d5, one of the four centre squares
game		r1b1k3/pppp1p1p/8/6r1/1bPP4/8/P1P1K2P/RN5R w q - 0 20	e2d1	a2a3	-	-
game		r1b1k3/pppp1p1p/8/6r1/1bPP4/8/P1P1K2P/RN5R w q - 0 20	e2d1		-	-
game		r1b1k3/pppp1p1p/8/6r1/1bPP4/8/P1P1K2P/RN5R w q - 0 20	e2d3	a2a3	-	-
game		r1b1k3/pppp1p1p/8/6r1/1bPP4/8/P1P1K2P/RN5R w q - 0 20	e2d3		-	-
game		r1b1k3/pppp1p1p/8/6r1/1bPP4/8/P1P1K2P/RN5R w q - 0 20	e2e3	a2a3	-	-
game		r1b1k3/pppp1p1p/8/6r1/1bPP4/8/P1P1K2P/RN5R w q - 0 20	e2e3		-	-
game		r1b1k3/pppp1p1p/8/6r1/1bPP4/8/P1P1K2P/RN5R w q - 0 20	e2f1	a2a3	-	-
game		r1b1k3/pppp1p1p/8/6r1/1bPP4/8/P1P1K2P/RN5R w q - 0 20	e2f1		-	-
game		r1b1k3/pppp1p1p/8/6r1/1bPP4/8/P1P1K2P/RN5R w q - 0 20	e2f2	a2a3	-	-
game		r1b1k3/pppp1p1p/8/6r1/1bPP4/8/P1P1K2P/RN5R w q - 0 20	e2f2		-	-
game		r1b1k3/pppp1p1p/8/6r1/1bPP4/8/P1P1K2P/RN5R w q - 0 20	e2f3	a2a3	-	-
game		r1b1k3/pppp1p1p/8/6r1/1bPP4/8/P1P1K2P/RN5R w q - 0 20	e2f3		-	-
game		r1b1k3/pppp1p1p/8/6r1/1bPP4/8/P1P1K2P/RN5R w q - 0 20	h1c1	a2a3	-	-
game		r1b1k3/pppp1p1p/8/6r1/1bPP4/8/P1P1K2P/RN5R w q - 0 20	h1c1		-	-
game		r1b1k3/pppp1p1p/8/6r1/1bPP4/8/P1P1K2P/RN5R w q - 0 20	h1d1	a2a3	-	-
game		r1b1k3/pppp1p1p/8/6r1/1bPP4/8/P1P1K2P/RN5R w q - 0 20	h1d1		-	-
game		r1b1k3/pppp1p1p/8/6r1/1bPP4/8/P1P1K2P/RN5R w q - 0 20	h1e1	a2a3	open_file	moving your rook to e1 on the open e-file
game		r1b1k3/pppp1p1p/8/6r1/1bPP4/8/P1P1K2P/RN5R w q - 0 20	h1e1		open_file	moving your rook to e1 on the open e-file
game		r1b1k3/pppp1p1p/8/6r1/1bPP4/8/P1P1K2P/RN5R w q - 0 20	h1f1	a2a3	open_file	moving your rook to f1 on the half-open f-file
game		r1b1k3/pppp1p1p/8/6r1/1bPP4/8/P1P1K2P/RN5R w q - 0 20	h1f1		open_file	moving your rook to f1 on the half-open f-file
game		r1b1k3/pppp1p1p/8/6r1/1bPP4/8/P1P1K2P/RN5R w q - 0 20	h1g1	a2a3	attack	attacking their undefended rook on g5
game		r1b1k3/pppp1p1p/8/6r1/1bPP4/8/P1P1K2P/RN5R w q - 0 20	h1g1		attack	attacking your undefended rook on g5
game		r1b1k3/pppp1p1p/8/6r1/1bPP4/8/P1P1K2P/RN5R w q - 0 20	h2h3	a2a3	-	-
game		r1b1k3/pppp1p1p/8/6r1/1bPP4/8/P1P1K2P/RN5R w q - 0 20	h2h3		-	-
game		r1b1k3/pppp1p1p/8/6r1/1bPP4/8/P1P1K2P/RN5R w q - 0 20	h2h4	a2a3	attack	attacking their undefended rook on g5
game		r1b1k3/pppp1p1p/8/6r1/1bPP4/8/P1P1K2P/RN5R w q - 0 20	h2h4		attack	attacking your undefended rook on g5
game		r1b1k3/pppp1p1p/8/8/1bPP3P/8/P1P1K1r1/RN5R w q - 1 21	e2d1	e2d3	escape	moving your king off e2 where it was attacked
game		r1b1k3/pppp1p1p/8/8/1bPP3P/8/P1P1K1r1/RN5R w q - 1 21	e2d1		escape	moving your king off e2 where it was attacked
game		r1b1k3/pppp1p1p/8/8/1bPP3P/8/P1P1K1r1/RN5R w q - 1 21	e2d3	e2d1	escape	moving your king off e2 where it was attacked
game		r1b1k3/pppp1p1p/8/8/1bPP3P/8/P1P1K1r1/RN5R w q - 1 21	e2d3		escape	moving your king off e2 where it was attacked
game		r1b1k3/pppp1p1p/8/8/1bPP3P/8/P1P1K1r1/RN5R w q - 1 21	e2e3	e2d1	escape	moving your king off e2 where it was attacked
game		r1b1k3/pppp1p1p/8/8/1bPP3P/8/P1P1K1r1/RN5R w q - 1 21	e2e3		escape	moving your king off e2 where it was attacked
game		r1b1k3/pppp1p1p/8/8/1bPP3P/8/P1P1K1r1/RN5R w q - 1 21	e2f1	e2d1	attack	attacking their undefended rook on g2
game		r1b1k3/pppp1p1p/8/8/1bPP3P/8/P1P1K1r1/RN5R w q - 1 21	e2f1		attack	attacking your undefended rook on g2
game		r1b1k3/pppp1p1p/8/8/1bPP3P/8/P1P1K1r1/RN5R w q - 1 21	e2f3	e2d1	attack	attacking their undefended rook on g2
game		r1b1k3/pppp1p1p/8/8/1bPP3P/8/P1P1K1r1/RN5R w q - 1 21	e2f3		attack	attacking your undefended rook on g2
game		r1b1k3/pppp1p1p/8/8/1bPP3P/5K2/P1r5/RN5R w q - 0 22	a2a3	a2a4	attack	attacking their undefended bishop on b4
game		r1b1k3/pppp1p1p/8/8/1bPP3P/5K2/P1r5/RN5R w q - 0 22	a2a3		attack	attacking your undefended bishop on b4
game		r1b1k3/pppp1p1p/8/8/1bPP3P/5K2/P1r5/RN5R w q - 0 22	a2a4	a2a3	escape	moving your pawn off a2 where it was attacked
game		r1b1k3/pppp1p1p/8/8/1bPP3P/5K2/P1r5/RN5R w q - 0 22	a2a4		escape	moving your pawn off a2 where it was attacked
game		r1b1k3/pppp1p1p/8/8/1bPP3P/5K2/P1r5/RN5R w q - 0 22	b1a3	a2a3	attack	attacking their undefended rook on c2
game		r1b1k3/pppp1p1p/8/8/1bPP3P/5K2/P1r5/RN5R w q - 0 22	b1a3		attack	attacking your undefended rook on c2
game		r1b1k3/pppp1p1p/8/8/1bPP3P/5K2/P1r5/RN5R w q - 0 22	b1c3	a2a3	extra_defender	adding a defender to your pawn on a2
game		r1b1k3/pppp1p1p/8/8/1bPP3P/5K2/P1r5/RN5R w q - 0 22	b1c3		extra_defender	adding a defender to your pawn on a2
game		r1b1k3/pppp1p1p/8/8/1bPP3P/5K2/P1r5/RN5R w q - 0 22	b1d2	a2a3	defend	defending your pawn on c4
game		r1b1k3/pppp1p1p/8/8/1bPP3P/5K2/P1r5/RN5R w q - 0 22	b1d2		defend	defending your pawn on c4
game		r1b1k3/pppp1p1p/8/8/1bPP3P/5K2/P1r5/RN5R w q - 0 22	c4c5	a2a3	-	-
game		r1b1k3/pppp1p1p/8/8/1bPP3P/5K2/P1r5/RN5R w q - 0 22	c4c5		-	-
game		r1b1k3/pppp1p1p/8/8/1bPP3P/5K2/P1r5/RN5R w q - 0 22	d4d5	a2a3	centre_control	putting a pawn on d5, one of the four centre squares
game		r1b1k3/pppp1p1p/8/8/1bPP3P/5K2/P1r5/RN5R w q - 0 22	d4d5		centre_control	putting a pawn on d5, one of the four centre squares
game		r1b1k3/pppp1p1p/8/8/1bPP3P/5K2/P1r5/RN5R w q - 0 22	f3e3	a2a3	-	-
game		r1b1k3/pppp1p1p/8/8/1bPP3P/5K2/P1r5/RN5R w q - 0 22	f3e3		-	-
game		r1b1k3/pppp1p1p/8/8/1bPP3P/5K2/P1r5/RN5R w q - 0 22	f3e4	a2a3	-	-
game		r1b1k3/pppp1p1p/8/8/1bPP3P/5K2/P1r5/RN5R w q - 0 22	f3e4		-	-
game		r1b1k3/pppp1p1p/8/8/1bPP3P/5K2/P1r5/RN5R w q - 0 22	f3f4	a2a3	-	-
game		r1b1k3/pppp1p1p/8/8/1bPP3P/5K2/P1r5/RN5R w q - 0 22	f3f4		-	-
game		r1b1k3/pppp1p1p/8/8/1bPP3P/5K2/P1r5/RN5R w q - 0 22	f3g3	a2a3	-	-
game		r1b1k3/pppp1p1p/8/8/1bPP3P/5K2/P1r5/RN5R w q - 0 22	f3g3		-	-
game		r1b1k3/pppp1p1p/8/8/1bPP3P/5K2/P1r5/RN5R w q - 0 22	f3g4	a2a3	-	-
game		r1b1k3/pppp1p1p/8/8/1bPP3P/5K2/P1r5/RN5R w q - 0 22	f3g4		-	-
game		r1b1k3/pppp1p1p/8/8/1bPP3P/5K2/P1r5/RN5R w q - 0 22	h1c1	a2a3	attack	attacking their undefended rook on c2
game		r1b1k3/pppp1p1p/8/8/1bPP3P/5K2/P1r5/RN5R w q - 0 22	h1c1		attack	attacking your undefended rook on c2
game		r1b1k3/pppp1p1p/8/8/1bPP3P/5K2/P1r5/RN5R w q - 0 22	h1d1	a2a3	-	-
game		r1b1k3/pppp1p1p/8/8/1bPP3P/5K2/P1r5/RN5R w q - 0 22	h1d1		-	-
game		r1b1k3/pppp1p1p/8/8/1bPP3P/5K2/P1r5/RN5R w q - 0 22	h1e1	a2a3	check	giving check
game		r1b1k3/pppp1p1p/8/8/1bPP3P/5K2/P1r5/RN5R w q - 0 22	h1e1		check	giving check
game		r1b1k3/pppp1p1p/8/8/1bPP3P/5K2/P1r5/RN5R w q - 0 22	h1f1	a2a3	open_file	moving your rook to f1 on the half-open f-file
game		r1b1k3/pppp1p1p/8/8/1bPP3P/5K2/P1r5/RN5R w q - 0 22	h1f1		open_file	moving your rook to f1 on the half-open f-file
game		r1b1k3/pppp1p1p/8/8/1bPP3P/5K2/P1r5/RN5R w q - 0 22	h1g1	a2a3	open_file	moving your rook to g1 on the open g-file
game		r1b1k3/pppp1p1p/8/8/1bPP3P/5K2/P1r5/RN5R w q - 0 22	h1g1		open_file	moving your rook to g1 on the open g-file
game		r1b1k3/pppp1p1p/8/8/1bPP3P/5K2/P1r5/RN5R w q - 0 22	h1h2	a2a3	attack	attacking their undefended rook on c2
game		r1b1k3/pppp1p1p/8/8/1bPP3P/5K2/P1r5/RN5R w q - 0 22	h1h2		attack	attacking your undefended rook on c2
game		r1b1k3/pppp1p1p/8/8/1bPP3P/5K2/P1r5/RN5R w q - 0 22	h1h3	a2a3	-	-
game		r1b1k3/pppp1p1p/8/8/1bPP3P/5K2/P1r5/RN5R w q - 0 22	h1h3		-	-
game		r1b1k3/pppp1p1p/8/8/1bPP3P/5K2/P1r5/RN5R w q - 0 22	h4h5	a2a3	-	-
game		r1b1k3/pppp1p1p/8/8/1bPP3P/5K2/P1r5/RN5R w q - 0 22	h4h5		-	-
game		r1b5/ppppkp1p/8/8/1bPP3P/5K2/P1r5/RN4R1 w - - 2 23	a2a3	a2a4	attack	attacking their undefended bishop on b4
game		r1b5/ppppkp1p/8/8/1bPP3P/5K2/P1r5/RN4R1 w - - 2 23	a2a3		attack	attacking your undefended bishop on b4
game		r1b5/ppppkp1p/8/8/1bPP3P/5K2/P1r5/RN4R1 w - - 2 23	a2a4	a2a3	escape	moving your pawn off a2 where it was attacked
game		r1b5/ppppkp1p/8/8/1bPP3P/5K2/P1r5/RN4R1 w - - 2 23	a2a4		escape	moving your pawn off a2 where it was attacked
game		r1b5/ppppkp1p/8/8/1bPP3P/5K2/P1r5/RN4R1 w - - 2 23	b1a3	a2a3	attack	attacking their undefended rook on c2
game		r1b5/ppppkp1p/8/8/1bPP3P/5K2/P1r5/RN4R1 w - - 2 23	b1a3		attack	attacking your undefended rook on c2
game		r1b5/ppppkp1p/8/8/1bPP3P/5K2/P1r5/RN4R1 w - - 2 23	b1c3	a2a3	extra_defender	adding a defender to your pawn on a2
game		r1b5/ppppkp1p/8/8/1bPP3P/5K2/P1r5/RN4R1 w - - 2 23	b1c3		extra_defender	adding a defender to your pawn on a2
game		r1b5/ppppkp1p/8/8/1bPP3P/5K2/P1r5/RN4R1 w - - 2 23	b1d2	a2a3	defend	defending your pawn on c4
game		r1b5/ppppkp1p/8/8/1bPP3P/5K2/P1r5/RN4R1 w - - 2 23	b1d2		defend	defending your pawn on c4
game		r1b5/ppppkp1p/8/8/1bPP3P/5K2/P1r5/RN4R1 w - - 2 23	c4c5	a2a3	-	-
game		r1b5/ppppkp1p/8/8/1bPP3P/5K2/P1r5/RN4R1 w - - 2 23	c4c5		-	-
game		r1b5/ppppkp1p/8/8/1bPP3P/5K2/P1r5/RN4R1 w - - 2 23	d4d5	a2a3	centre_control	putting a pawn on d5, one of the four centre squares
game		r1b5/ppppkp1p/8/8/1bPP3P/5K2/P1r5/RN4R1 w - - 2 23	d4d5		centre_control	putting a pawn on d5, one of the four centre squares
game		r1b5/ppppkp1p/8/8/1bPP3P/5K2/P1r5/RN4R1 w - - 2 23	f3e3	a2a3	-	-
game		r1b5/ppppkp1p/8/8/1bPP3P/5K2/P1r5/RN4R1 w - - 2 23	f3e3		-	-
game		r1b5/ppppkp1p/8/8/1bPP3P/5K2/P1r5/RN4R1 w - - 2 23	f3e4	a2a3	-	-
game		r1b5/ppppkp1p/8/8/1bPP3P/5K2/P1r5/RN4R1 w - - 2 23	f3e4		-	-
game		r1b5/ppppkp1p/8/8/1bPP3P/5K2/P1r5/RN4R1 w - - 2 23	f3f4	a2a3	-	-
game		r1b5/ppppkp1p/8/8/1bPP3P/5K2/P1r5/RN4R1 w - - 2 23	f3f4		-	-
game		r1b5/ppppkp1p/8/8/1bPP3P/5K2/P1r5/RN4R1 w - - 2 23	f3g3	a2a3	-	-
game		r1b5/ppppkp1p/8/8/1bPP3P/5K2/P1r5/RN4R1 w - - 2 23	f3g3		-	-
game		r1b5/ppppkp1p/8/8/1bPP3P/5K2/P1r5/RN4R1 w - - 2 23	f3g4	a2a3	-	-
game		r1b5/ppppkp1p/8/8/1bPP3P/5K2/P1r5/RN4R1 w - - 2 23	f3g4		-	-
game		r1b5/ppppkp1p/8/8/1bPP3P/5K2/P1r5/RN4R1 w - - 2 23	g1c1	a2a3	attack	attacking their undefended rook on c2
game		r1b5/ppppkp1p/8/8/1bPP3P/5K2/P1r5/RN4R1 w - - 2 23	g1c1		attack	attacking your undefended rook on c2
game		r1b5/ppppkp1p/8/8/1bPP3P/5K2/P1r5/RN4R1 w - - 2 23	g1d1	a2a3	-	-
game		r1b5/ppppkp1p/8/8/1bPP3P/5K2/P1r5/RN4R1 w - - 2 23	g1d1		-	-
game		r1b5/ppppkp1p/8/8/1bPP3P/5K2/P1r5/RN4R1 w - - 2 23	g1e1	a2a3	check	giving check
game		r1b5/ppppkp1p/8/8/1bPP3P/5K2/P1r5/RN4R1 w - - 2 23	g1e1		check	giving check
game		r1b5/ppppkp1p/8/8/1bPP3P/5K2/P1r5/RN4R1 w - - 2 23	g1f1	a2a3	open_file	moving your rook to f1 on the half-open f-file
game		r1b5/ppppkp1p/8/8/1bPP3P/5K2/P1r5/RN4R1 w - - 2 23	g1f1		open_file	moving your rook to f1 on the half-open f-file
game		r1b5/ppppkp1p/8/8/1bPP3P/5K2/P1r5/RN4R1 w - - 2 23	g1g2	a2a3	attack	attacking their undefended rook on c2
game		r1b5/ppppkp1p/8/8/1bPP3P/5K2/P1r5/RN4R1 w - - 2 23	g1g2		attack	attacking your undefended rook on c2
game		r1b5/ppppkp1p/8/8/1bPP3P/5K2/P1r5/RN4R1 w - - 2 23	g1g3	a2a3	open_file	moving your rook to g3 on the open g-file
game		r1b5/ppppkp1p/8/8/1bPP3P/5K2/P1r5/RN4R1 w - - 2 23	g1g3		open_file	moving your rook to g3 on the open g-file
game		r1b5/ppppkp1p/8/8/1bPP3P/5K2/P1r5/RN4R1 w - - 2 23	g1g4	a2a3	open_file	moving your rook to g4 on the open g-file
game		r1b5/ppppkp1p/8/8/1bPP3P/5K2/P1r5/RN4R1 w - - 2 23	g1g4		open_file	moving your rook to g4 on the open g-file
game		r1b5/ppppkp1p/8/8/1bPP3P/5K2/P1r5/RN4R1 w - - 2 23	g1g5	a2a3	open_file	moving your rook to g5 on the open g-file
game		r1b5/ppppkp1p/8/8/1bPP3P/5K2/P1r5/RN4R1 w - - 2 23	g1g5		open_file	moving your rook to g5 on the open g-file
game		r1b5/ppppkp1p/8/8/1bPP3P/5K2/P1r5/RN4R1 w - - 2 23	g1g6	a2a3	open_file	moving your rook to g6 on the open g-file
game		r1b5/ppppkp1p/8/8/1bPP3P/5K2/P1r5/RN4R1 w - - 2 23	g1g6		open_file	moving your rook to g6 on the open g-file
game		r1b5/ppppkp1p/8/8/1bPP3P/5K2/P1r5/RN4R1 w - - 2 23	g1g7	a2a3	open_file	moving your rook to g7 on the open g-file
game		r1b5/ppppkp1p/8/8/1bPP3P/5K2/P1r5/RN4R1 w - - 2 23	g1g7		open_file	moving your rook to g7 on the open g-file
game		r1b5/ppppkp1p/8/8/1bPP3P/5K2/P1r5/RN4R1 w - - 2 23	g1g8	a2a3	attack	attacking their bishop on c8
game		r1b5/ppppkp1p/8/8/1bPP3P/5K2/P1r5/RN4R1 w - - 2 23	g1g8		attack	attacking your bishop on c8
game		r1b5/ppppkp1p/8/8/1bPP3P/5K2/P1r5/RN4R1 w - - 2 23	g1h1	a2a3	-	-
game		r1b5/ppppkp1p/8/8/1bPP3P/5K2/P1r5/RN4R1 w - - 2 23	g1h1		-	-
game		r1b5/ppppkp1p/8/8/1bPP3P/5K2/P1r5/RN4R1 w - - 2 23	h4h5	a2a3	-	-
game		r1b5/ppppkp1p/8/8/1bPP3P/5K2/P1r5/RN4R1 w - - 2 23	h4h5		-	-
game		r1b5/p1ppkp1p/1p6/2P5/1b1P3P/5K2/P1r5/RN4R1 w - - 0 24	a2a3	a2a4	attack	attacking their undefended bishop on b4
game		r1b5/p1ppkp1p/1p6/2P5/1b1P3P/5K2/P1r5/RN4R1 w - - 0 24	a2a3		attack	attacking your undefended bishop on b4
game		r1b5/p1ppkp1p/1p6/2P5/1b1P3P/5K2/P1r5/RN4R1 w - - 0 24	a2a4	a2a3	escape	moving your pawn off a2 where it was attacked
game		r1b5/p1ppkp1p/1p6/2P5/1b1P3P/5K2/P1r5/RN4R1 w - - 0 24	a2a4		escape	moving your pawn off a2 where it was attacked
game		r1b5/p1ppkp1p/1p6/2P5/1b1P3P/5K2/P1r5/RN4R1 w - - 0 24	b1a3	a2a3	attack	attacking their undefended rook on c2
game		r1b5/p1ppkp1p/1p6/2P5/1b1P3P/5K2/P1r5/RN4R1 w - - 0 24	b1a3		attack	attacking your undefended rook on c2
game		r1b5/p1ppkp1p/1p6/2P5/1b1P3P/5K2/P1r5/RN4R1 w - - 0 24	b1c3	a2a3	extra_defender	adding a defender to your pawn on a2
game		r1b5/p1ppkp1p/1p6/2P5/1b1P3P/5K2/P1r5/RN4R1 w - - 0 24	b1c3		extra_defender	adding a defender to your pawn on a2
game		r1b5/p1ppkp1p/1p6/2P5/1b1P3P/5K2/P1r5/RN4R1 w - - 0 24	b1d2	a2a3	development	developing your knight from b1 to d2 — that is every minor piece off its starting square
game		r1b5/p1ppkp1p/1p6/2P5/1b1P3P/5K2/P1r5/RN4R1 w - - 0 24	b1d2		development	developing your knight from b1 to d2 — that is every minor piece off its starting square
game		r1b5/p1ppkp1p/1p6/2P5/1b1P3P/5K2/P1r5/RN4R1 w - - 0 24	c5b6	a2a3	capture	capturing their pawn on b6
game		r1b5/p1ppkp1p/1p6/2P5/1b1P3P/5K2/P1r5/RN4R1 w - - 0 24	c5b6		capture	capturing your pawn on b6
game		r1b5/p1ppkp1p/1p6/2P5/1b1P3P/5K2/P1r5/RN4R1 w - - 0 24	c5c6	a2a3	-	-
game		r1b5/p1ppkp1p/1p6/2P5/1b1P3P/5K2/P1r5/RN4R1 w - - 0 24	c5c6		-	-
game		r1b5/p1ppkp1p/1p6/2P5/1b1P3P/5K2/P1r5/RN4R1 w - - 0 24	d4d5	a2a3	centre_control	putting a pawn on d5, one of the four centre squares
game		r1b5/p1ppkp1p/1p6/2P5/1b1P3P/5K2/P1r5/RN4R1 w - - 0 24	d4d5		centre_control	putting a pawn on d5, one of the four centre squares
game		r1b5/p1ppkp1p/1p6/2P5/1b1P3P/5K2/P1r5/RN4R1 w - - 0 24	f3e3	a2a3	-	-
game		r1b5/p1ppkp1p/1p6/2P5/1b1P3P/5K2/P1r5/RN4R1 w - - 0 24	f3e3		-	-
game		r1b5/p1ppkp1p/1p6/2P5/1b1P3P/5K2/P1r5/RN4R1 w - - 0 24	f3e4	a2a3	-	-
game		r1b5/p1ppkp1p/1p6/2P5/1b1P3P/5K2/P1r5/RN4R1 w - - 0 24	f3e4		-	-
game		r1b5/p1ppkp1p/1p6/2P5/1b1P3P/5K2/P1r5/RN4R1 w - - 0 24	f3f4	a2a3	-	-
game		r1b5/p1ppkp1p/1p6/2P5/1b1P3P/5K2/P1r5/RN4R1 w - - 0 24	f3f4		-	-
game		r1b5/p1ppkp1p/1p6/2P5/1b1P3P/5K2/P1r5/RN4R1 w - - 0 24	f3g3	a2a3	-	-
game		r1b5/p1ppkp1p/1p6/2P5/1b1P3P/5K2/P1r5/RN4R1 w - - 0 24	f3g3		-	-
game		r1b5/p1ppkp1p/1p6/2P5/1b1P3P/5K2/P1r5/RN4R1 w - - 0 24	f3g4	a2a3	-	-
game		r1b5/p1ppkp1p/1p6/2P5/1b1P3P/5K2/P1r5/RN4R1 w - - 0 24	f3g4		-	-
game		r1b5/p1ppkp1p/1p6/2P5/1b1P3P/5K2/P1r5/RN4R1 w - - 0 24	g1c1	a2a3	attack	attacking their undefended rook on c2
game		r1b5/p1ppkp1p/1p6/2P5/1b1P3P/5K2/P1r5/RN4R1 w - - 0 24	g1c1		attack	attacking your undefended rook on c2
game		r1b5/p1ppkp1p/1p6/2P5/1b1P3P/5K2/P1r5/RN4R1 w - - 0 24	g1d1	a2a3	-	-
game		r1b5/p1ppkp1p/1p6/2P5/1b1P3P/5K2/P1r5/RN4R1 w - - 0 24	g1d1		-	-
game		r1b5/p1ppkp1p/1p6/2P5/1b1P3P/5K2/P1r5/RN4R1 w - - 0 24	g1e1	a2a3	check	giving check
game		r1b5/p1ppkp1p/1p6/2P5/1b1P3P/5K2/P1r5/RN4R1 w - - 0 24	g1e1		check	giving check
game		r1b5/p1ppkp1p/1p6/2P5/1b1P3P/5K2/P1r5/RN4R1 w - - 0 24	g1f1	a2a3	open_file	moving your rook to f1 on the half-open f-file
game		r1b5/p1ppkp1p/1p6/2P5/1b1P3P/5K2/P1r5/RN4R1 w - - 0 24	g1f1		open_file	moving your rook to f1 on the half-open f-file
game		r1b5/p1ppkp1p/1p6/2P5/1b1P3P/5K2/P1r5/RN4R1 w - - 0 24	g1g2	a2a3	attack	attacking their undefended rook on c2
game		r1b5/p1ppkp1p/1p6/2P5/1b1P3P/5K2/P1r5/RN4R1 w - - 0 24	g1g2		attack	attacking your undefended rook on c2
game		r1b5/p1ppkp1p/1p6/2P5/1b1P3P/5K2/P1r5/RN4R1 w - - 0 24	g1g3	a2a3	open_file	moving your rook to g3 on the open g-file
game		r1b5/p1ppkp1p/1p6/2P5/1b1P3P/5K2/P1r5/RN4R1 w - - 0 24	g1g3		open_file	moving your rook to g3 on the open g-file
game		r1b5/p1ppkp1p/1p6/2P5/1b1P3P/5K2/P1r5/RN4R1 w - - 0 24	g1g4	a2a3	open_file	moving your rook to g4 on the open g-file
game		r1b5/p1ppkp1p/1p6/2P5/1b1P3P/5K2/P1r5/RN4R1 w - - 0 24	g1g4		open_file	moving your rook to g4 on the open g-file
game		r1b5/p1ppkp1p/1p6/2P5/1b1P3P/5K2/P1r5/RN4R1 w - - 0 24	g1g5	a2a3	open_file	moving your rook to g5 on the open g-file
game		r1b5/p1ppkp1p/1p6/2P5/1b1P3P/5K2/P1r5/RN4R1 w - - 0 24	g1g5		open_file	moving your rook to g5 on the open g-file
game		r1b5/p1ppkp1p/1p6/2P5/1b1P3P/5K2/P1r5/RN4R1 w - - 0 24	g1g6	a2a3	open_file	moving your rook to g6 on the open g-file
game		r1b5/p1ppkp1p/1p6/2P5/1b1P3P/5K2/P1r5/RN4R1 w - - 0 24	g1g6		open_file	moving your rook to g6 on the open g-file
game		r1b5/p1ppkp1p/1p6/2P5/1b1P3P/5K2/P1r5/RN4R1 w - - 0 24	g1g7	a2a3	open_file	moving your rook to g7 on the open g-file
game		r1b5/p1ppkp1p/1p6/2P5/1b1P3P/5K2/P1r5/RN4R1 w - - 0 24	g1g7		open_file	moving your rook to g7 on the open g-file
game		r1b5/p1ppkp1p/1p6/2P5/1b1P3P/5K2/P1r5/RN4R1 w - - 0 24	g1g8	a2a3	attack	attacking their bishop on c8
game		r1b5/p1ppkp1p/1p6/2P5/1b1P3P/5K2/P1r5/RN4R1 w - - 0 24	g1g8		attack	attacking your bishop on c8
game		r1b5/p1ppkp1p/1p6/2P5/1b1P3P/5K2/P1r5/RN4R1 w - - 0 24	g1h1	a2a3	-	-
game		r1b5/p1ppkp1p/1p6/2P5/1b1P3P/5K2/P1r5/RN4R1 w - - 0 24	g1h1		-	-
game		r1b5/p1ppkp1p/1p6/2P5/1b1P3P/5K2/P1r5/RN4R1 w - - 0 24	h4h5	a2a3	-	-
game		r1b5/p1ppkp1p/1p6/2P5/1b1P3P/5K2/P1r5/RN4R1 w - - 0 24	h4h5		-	-
game		r1b5/p1p1kp1p/1pp5/8/1b1P3P/5K2/P1r5/RN4R1 w - - 0 25	a2a3	a2a4	attack	attacking their undefended bishop on b4
game		r1b5/p1p1kp1p/1pp5/8/1b1P3P/5K2/P1r5/RN4R1 w - - 0 25	a2a3		attack	attacking your undefended bishop on b4
game		r1b5/p1p1kp1p/1pp5/8/1b1P3P/5K2/P1r5/RN4R1 w - - 0 25	a2a4	a2a3	escape	moving your pawn off a2 where it was attacked
game		r1b5/p1p1kp1p/1pp5/8/1b1P3P/5K2/P1r5/RN4R1 w - - 0 25	a2a4		escape	moving your pawn off a2 where it was attacked
game		r1b5/p1p1kp1p/1pp5/8/1b1P3P/5K2/P1r5/RN4R1 w - - 0 25	b1a3	a2a3	attack	attacking their undefended rook on c2
game		r1b5/p1p1kp1p/1pp5/8/1b1P3P/5K2/P1r5/RN4R1 w - - 0 25	b1a3		attack	attacking your undefended rook on c2
game		r1b5/p1p1kp1p/1pp5/8/1b1P3P/5K2/P1r5/RN4R1 w - - 0 25	b1c3	a2a3	extra_defender	adding a defender to your pawn on a2
game		r1b5/p1p1kp1p/1pp5/8/1b1P3P/5K2/P1r5/RN4R1 w - - 0 25	b1c3		extra_defender	adding a defender to your pawn on a2
game		r1b5/p1p1kp1p/1pp5/8/1b1P3P/5K2/P1r5/RN4R1 w - - 0 25	b1d2	a2a3	development	developing your knight from b1 to d2 — that is every minor piece off its starting square
game		r1b5/p1p1kp1p/1pp5/8/1b1P3P/5K2/P1r5/RN4R1 w - - 0 25	b1d2		development	developing your knight from b1 to d2 — that is every minor piece off its starting square
game		r1b5/p1p1kp1p/1pp5/8/1b1P3P/5K2/P1r5/RN4R1 w - - 0 25	d4d5	a2a3	centre_control	putting a pawn on d5, one of the four centre squares
game		r1b5/p1p1kp1p/1pp5/8/1b1P3P/5K2/P1r5/RN4R1 w - - 0 25	d4d5		centre_control	putting a pawn on d5, one of the four centre squares
game		r1b5/p1p1kp1p/1pp5/8/1b1P3P/5K2/P1r5/RN4R1 w - - 0 25	f3e3	a2a3	-	-
game		r1b5/p1p1kp1p/1pp5/8/1b1P3P/5K2/P1r5/RN4R1 w - - 0 25	f3e3		-	-
game		r1b5/p1p1kp1p/1pp5/8/1b1P3P/5K2/P1r5/RN4R1 w - - 0 25	f3e4	a2a3	-	-
game		r1b5/p1p1kp1p/1pp5/8/1b1P3P/5K2/P1r5/RN4R1 w - - 0 25	f3e4		-	-
game		r1b5/p1p1kp1p/1pp5/8/1b1P3P/5K2/P1r5/RN4R1 w - - 0 25	f3f4	a2a3	-	-
game		r1b5/p1p1kp1p/1pp5/8/1b1P3P/5K2/P1r5/RN4R1 w - - 0 25	f3f4		-	-
game		r1b5/p1p1kp1p/1pp5/8/1b1P3P/5K2/P1r5/RN4R1 w - - 0 25	f3g3	a2a3	-	-
game		r1b5/p1p1kp1p/1pp5/8/1b1P3P/5K2/P1r5/RN4R1 w - - 0 25	f3g3		-	-
game		r1b5/p1p1kp1p/1pp5/8/1b1P3P/5K2/P1r5/RN4R1 w - - 0 25	g1c1	a2a3	attack	attacking their undefended rook on c2
game		r1b5/p1p1kp1p/1pp5/8/1b1P3P/5K2/P1r5/RN4R1 w - - 0 25	g1c1		attack	attacking your undefended rook on c2
game		r1b5/p1p1kp1p/1pp5/8/1b1P3P/5K2/P1r5/RN4R1 w - - 0 25	g1d1	a2a3	-	-
game		r1b5/p1p1kp1p/1pp5/8/1b1P3P/5K2/P1r5/RN4R1 w - - 0 25	g1d1		-	-
game		r1b5/p1p1kp1p/1pp5/8/1b1P3P/5K2/P1r5/RN4R1 w - - 0 25	g1e1	a2a3	check	giving check
game		r1b5/p1p1kp1p/1pp5/8/1b1P3P/5K2/P1r5/RN4R1 w - - 0 25	g1e1		check	giving check
game		r1b5/p1p1kp1p/1pp5/8/1b1P3P/5K2/P1r5/RN4R1 w - - 0 25	g1f1	a2a3	open_file	moving your rook to f1 on the half-open f-file
game		r1b5/p1p1kp1p/1pp5/8/1b1P3P/5K2/P1r5/RN4R1 w - - 0 25	g1f1		open_file	moving your rook to f1 on the half-open f-file
game		r1b5/p1p1kp1p/1pp5/8/1b1P3P/5K2/P1r5/RN4R1 w - - 0 25	g1g2	a2a3	attack	attacking their undefended rook on c2
game		r1b5/p1p1kp1p/1pp5/8/1b1P3P/5K2/P1r5/RN4R1 w - - 0 25	g1g2		attack	attacking your undefended rook on c2
game		r1b5/p1p1kp1p/1pp5/8/1b1P3P/5K2/P1r5/RN4R1 w - - 0 25	g1g3	a2a3	open_file	moving your rook to g3 on the open g-file
game		r1b5/p1p1kp1p/1pp5/8/1b1P3P/5K2/P1r5/RN4R1 w - - 0 25	g1g3		open_file	moving your rook to g3 on the open g-file
game		r1b5/p1p1kp1p/1pp5/8/1b1P3P/5K2/P1r5/RN4R1 w - - 0 25	g1g4	a2a3	open_file	moving your rook to g4 on the open g-file
game		r1b5/p1p1kp1p/1pp5/8/1b1P3P/5K2/P1r5/RN4R1 w - - 0 25	g1g4		open_file	moving your rook to g4 on the open g-file
game		r1b5/p1p1kp1p/1pp5/8/1b1P3P/5K2/P1r5/RN4R1 w - - 0 25	g1g5	a2a3	open_file	moving your rook to g5 on the open g-file
game		r1b5/p1p1kp1p/1pp5/8/1b1P3P/5K2/P1r5/RN4R1 w - - 0 25	g1g5		open_file	moving your rook to g5 on the open g-file
game		r1b5/p1p1kp1p/1pp5/8/1b1P3P/5K2/P1r5/RN4R1 w - - 0 25	g1g6	a2a3	open_file	moving your rook to g6 on the open g-file
game		r1b5/p1p1kp1p/1pp5/8/1b1P3P/5K2/P1r5/RN4R1 w - - 0 25	g1g6		open_file	moving your rook to g6 on the open g-file
game		r1b5/p1p1kp1p/1pp5/8/1b1P3P/5K2/P1r5/RN4R1 w - - 0 25	g1g7	a2a3	open_file	moving your rook to g7 on the open g-file
game		r1b5/p1p1kp1p/1pp5/8/1b1P3P/5K2/P1r5/RN4R1 w - - 0 25	g1g7		open_file	moving your rook to g7 on the open g-file
game		r1b5/p1p1kp1p/1pp5/8/1b1P3P/5K2/P1r5/RN4R1 w - - 0 25	g1g8	a2a3	attack	attacking their bishop on c8
game		r1b5/p1p1kp1p/1pp5/8/1b1P3P/5K2/P1r5/RN4R1 w - - 0 25	g1g8		attack	attacking your bishop on c8
game		r1b5/p1p1kp1p/1pp5/8/1b1P3P/5K2/P1r5/RN4R1 w - - 0 25	g1h1	a2a3	-	-
game		r1b5/p1p1kp1p/1pp5/8/1b1P3P/5K2/P1r5/RN4R1 w - - 0 25	g1h1		-	-
game		r1b5/p1p1kp1p/1pp5/8/1b1P3P/5K2/P1r5/RN4R1 w - - 0 25	h4h5	a2a3	-	-
game		r1b5/p1p1kp1p/1pp5/8/1b1P3P/5K2/P1r5/RN4R1 w - - 0 25	h4h5		-	-
game		r1b5/p1p1kp1p/1pp5/8/1b1P3P/P4K2/7r/RN4R1 w - - 1 26	a1a2	a3a4	attack	attacking their undefended rook on h2
game		r1b5/p1p1kp1p/1pp5/8/1b1P3P/P4K2/7r/RN4R1 w - - 1 26	a1a2		attack	attacking your undefended rook on h2
game		r1b5/p1p1kp1p/1pp5/8/1b1P3P/P4K2/7r/RN4R1 w - - 1 26	a3a4	a1a2	escape	moving your pawn off a3 where it was attacked
game		r1b5/p1p1kp1p/1pp5/8/1b1P3P/P4K2/7r/RN4R1 w - - 1 26	a3a4		escape	moving your pawn off a3 where it was attacked
game		r1b5/p1p1kp1p/1pp5/8/1b1P3P/P4K2/7r/RN4R1 w - - 1 26	a3b4	a1a2	capture	capturing their bishop on b4
game		r1b5/p1p1kp1p/1pp5/8/1b1P3P/P4K2/7r/RN4R1 w - - 1 26	a3b4		capture	capturing your bishop on b4
game		r1b5/p1p1kp1p/1pp5/8/1b1P3P/P4K2/7r/RN4R1 w - - 1 26	b1c3	a1a2	mobility	moving your knight from b1 to c3, where it covers 8 squares instead of 2
game		r1b5/p1p1kp1p/1pp5/8/1b1P3P/P4K2/7r/RN4R1 w - - 1 26	b1c3		mobility	moving your knight from b1 to c3, where it covers 8 squares instead of 2
game		r1b5/p1p1kp1p/1pp5/8/1b1P3P/P4K2/7r/RN4R1 w - - 1 26	b1d2	a1a2	mobility	moving your knight from b1 to d2, where it covers 5 squares instead of 2
game		r1b5/p1p1kp1p/1pp5/8/1b1P3P/P4K2/7r/RN4R1 w - - 1 26	b1d2		mobility	moving your knight from b1 to d2, where it covers 5 squares instead of 2
game		r1b5/p1p1kp1p/1pp5/8/1b1P3P/P4K2/7r/RN4R1 w - - 1 26	d4d5	a1a2	centre_control	putting a pawn on d5, one of the four centre squares
game		r1b5/p1p1kp1p/1pp5/8/1b1P3P/P4K2/7r/RN4R1 w - - 1 26	d4d5		centre_control	putting a pawn on d5, one of the four centre squares
game		r1b5/p1p1kp1p/1pp5/8/1b1P3P/P4K2/7r/RN4R1 w - - 1 26	f3e3	a1a2	-	-
game		r1b5/p1p1kp1p/1pp5/8/1b1P3P/P4K2/7r/RN4R1 w - - 1 26	f3e3		-	-
game		r1b5/p1p1kp1p/1pp5/8/1b1P3P/P4K2/7r/RN4R1 w - - 1 26	f3e4	a1a2	-	-
game		r1b5/p1p1kp1p/1pp5/8/1b1P3P/P4K2/7r/RN4R1 w - - 1 26	f3e4		-	-
game		r1b5/p1p1kp1p/1pp5/8/1b1P3P/P4K2/7r/RN4R1 w - - 1 26	f3f4	a1a2	-	-
game		r1b5/p1p1kp1p/1pp5/8/1b1P3P/P4K2/7r/RN4R1 w - - 1 26	f3f4		-	-
game		r1b5/p1p1kp1p/1pp5/8/1b1P3P/P4K2/7r/RN4R1 w - - 1 26	f3g3	a1a2	attack	attacking their undefended rook on h2
game		r1b5/p1p1kp1p/1pp5/8/1b1P3P/P4K2/7r/RN4R1 w - - 1 26	f3g3		attack	attacking your undefended rook on h2
game		r1b5/p1p1kp1p/1pp5/8/1b1P3P/P4K2/7r/RN4R1 w - - 1 26	g1c1	a1a2	open_file	moving your rook to c1 on the half-open c-file
game		r1b5/p1p1kp1p/1pp5/8/1b1P3P/P4K2/7r/RN4R1 w - - 1 26	g1c1		open_file	moving your rook to c1 on the half-open c-file
game		r1b5/p1p1kp1p/1pp5/8/1b1P3P/P4K2/7r/RN4R1 w - - 1 26	g1d1	a1a2	-	-
game		r1b5/p1p1kp1p/1pp5/8/1b1P3P/P4K2/7r/RN4R1 w - - 1 26	g1d1		-	-
game		r1b5/p1p1kp1p/1pp5/8/1b1P3P/P4K2/7r/RN4R1 w - - 1 26	g1e1	a1a2	check	giving check
game		r1b5/p1p1kp1p/1pp5/8/1b1P3P/P4K2/7r/RN4R1 w - - 1 26	g1e1		check	giving check
game		r1b5/p1p1kp1p/1pp5/8/1b1P3P/P4K2/7r/RN4R1 w - - 1 26	g1f1	a1a2	open_file	moving your rook to f1 on the half-open f-file
game		r1b5/p1p1kp1p/1pp5/8/1b1P3P/P4K2/7r/RN4R1 w - - 1 26	g1f1		open_file	moving your rook to f1 on the half-open f-file
game		r1b5/p1p1kp1p/1pp5/8/1b1P3P/P4K2/7r/RN4R1 w - - 1 26	g1g2	a1a2	attack	attacking their undefended rook on h2
game		r1b5/p1p1kp1p/1pp5/8/1b1P3P/P4K2/7r/RN4R1 w - - 1 26	g1g2		attack	attacking your undefended rook on h2
game		r1b5/p1p1kp1p/1pp5/8/1b1P3P/P4K2/7r/RN4R1 w - - 1 26	g1g3	a1a2	open_file	moving your rook to g3 on the open g-file
game		r1b5/p1p1kp1p/1pp5/8/1b1P3P/P4K2/7r/RN4R1 w - - 1 26	g1g3		open_file	moving your rook to g3 on the open g-file
game		r1b5/p1p1kp1p/1pp5/8/1b1P3P/P4K2/7r/RN4R1 w - - 1 26	g1g4	a1a2	defend	defending your pawn on h4
game		r1b5/p1p1kp1p/1pp5/8/1b1P3P/P4K2/7r/RN4R1 w - - 1 26	g1g4		defend	defending your pawn on h4
game		r1b5/p1p1kp1p/1pp5/8/1b1P3P/P4K2/7r/RN4R1 w - - 1 26	g1g5	a1a2	open_file	moving your rook to g5 on the open g-file
game		r1b5/p1p1kp1p/1pp5/8/1b1P3P/P4K2/7r/RN4R1 w - - 1 26	g1g5		open_file	moving your rook to g5 on the open g-file
game		r1b5/p1p1kp1p/1pp5/8/1b1P3P/P4K2/7r/RN4R1 w - - 1 26	g1g6	a1a2	open_file	moving your rook to g6 on the open g-file
game		r1b5/p1p1kp1p/1pp5/8/1b1P3P/P4K2/7r/RN4R1 w - - 1 26	g1g6		open_file	moving your rook to g6 on the open g-file
game		r1b5/p1p1kp1p/1pp5/8/1b1P3P/P4K2/7r/RN4R1 w - - 1 26	g1g7	a1a2	open_file	moving your rook to g7 on the open g-file
game		r1b5/p1p1kp1p/1pp5/8/1b1P3P/P4K2/7r/RN4R1 w - - 1 26	g1g7		open_file	moving your rook to g7 on the open g-file
game		r1b5/p1p1kp1p/1pp5/8/1b1P3P/P4K2/7r/RN4R1 w - - 1 26	g1g8	a1a2	attack	attacking their bishop on c8
game		r1b5/p1p1kp1p/1pp5/8/1b1P3P/P4K2/7r/RN4R1 w - - 1 26	g1g8		attack	attacking your bishop on c8
game		r1b5/p1p1kp1p/1pp5/8/1b1P3P/P4K2/7r/RN4R1 w - - 1 26	g1h1	a1a2	attack	attacking their undefended rook on h2
game		r1b5/p1p1kp1p/1pp5/8/1b1P3P/P4K2/7r/RN4R1 w - - 1 26	g1h1		attack	attacking your undefended rook on h2
game		r1b5/p1p1kp1p/1pp5/8/1b1P3P/P4K2/7r/RN4R1 w - - 1 26	h4h5	a1a2	-	-
game		r1b5/p1p1kp1p/1pp5/8/1b1P3P/P4K2/7r/RN4R1 w - - 1 26	h4h5		-	-
game		r1b5/p1p1kp1p/1pp5/8/1P1P3r/5K2/8/RN4R1 w - - 0 27	a1a2	a1a3	open_file	moving your rook to a2 on the half-open a-file
game		r1b5/p1p1kp1p/1pp5/8/1P1P3r/5K2/8/RN4R1 w - - 0 27	a1a2		open_file	moving your rook to a2 on the half-open a-file
game		r1b5/p1p1kp1p/1pp5/8/1P1P3r/5K2/8/RN4R1 w - - 0 27	a1a3	a1a2	open_file	moving your rook to a3 on the half-open a-file
game		r1b5/p1p1kp1p/1pp5/8/1P1P3r/5K2/8/RN4R1 w - - 0 27	a1a3		open_file	moving your rook to a3 on the half-open a-file
game		r1b5/p1p1kp1p/1pp5/8/1P1P3r/5K2/8/RN4R1 w - - 0 27	a1a4	a1a2	open_file	moving your rook to a4 on the half-open a-file
game		r1b5/p1p1kp1p/1pp5/8/1P1P3r/5K2/8/RN4R1 w - - 0 27	a1a4		open_file	moving your rook to a4 on the half-open a-file
game		r1b5/p1p1kp1p/1pp5/8/1P1P3r/5K2/8/RN4R1 w - - 0 27	a1a5	a1a2	open_file	moving your rook to a5 on the half-open a-file
game		r1b5/p1p1kp1p/1pp5/8/1P1P3r/5K2/8/RN4R1 w - - 0 27	a1a5		open_file	moving your rook to a5 on the half-open a-file
game		r1b5/p1p1kp1p/1pp5/8/1P1P3r/5K2/8/RN4R1 w - - 0 27	a1a6	a1a2	open_file	moving your rook to a6 on the half-open a-file
game		r1b5/p1p1kp1p/1pp5/8/1P1P3r/5K2/8/RN4R1 w - - 0 27	a1a6		open_file	moving your rook to a6 on the half-open a-file
game		r1b5/p1p1kp1p/1pp5/8/1P1P3r/5K2/8/RN4R1 w - - 0 27	a1a7	a1a2	capture	capturing their pawn on a7
game		r1b5/p1p1kp1p/1pp5/8/1P1P3r/5K2/8/RN4R1 w - - 0 27	a1a7		capture	capturing your pawn on a7
game		r1b5/p1p1kp1p/1pp5/8/1P1P3r/5K2/8/RN4R1 w - - 0 27	b1a3	a1a2	-	-
game		r1b5/p1p1kp1p/1pp5/8/1P1P3r/5K2/8/RN4R1 w - - 0 27	b1a3		-	-
game		r1b5/p1p1kp1p/1pp5/8/1P1P3r/5K2/8/RN4R1 w - - 0 27	b1c3	a1a2	-	-
game		r1b5/p1p1kp1p/1pp5/8/1P1P3r/5K2/8/RN4R1 w - - 0 27	b1c3		-	-
game		r1b5/p1p1kp1p/1pp5/8/1P1P3r/5K2/8/RN4R1 w - - 0 27	b1d2	a1a2	-	-
game		r1b5/p1p1kp1p/1pp5/8/1P1P3r/5K2/8/RN4R1 w - - 0 27	b1d2		-	-
game		r1b5/p1p1kp1p/1pp5/8/1P1P3r/5K2/8/RN4R1 w - - 0 27	b4b5	a1a2	-	-
game		r1b5/p1p1kp1p/1pp5/8/1P1P3r/5K2/8/RN4R1 w - - 0 27	b4b5		-	-
game		r1b5/p1p1kp1p/1pp5/8/1P1P3r/5K2/8/RN4R1 w - - 0 27	d4d5	a1a2	-	-
game		r1b5/p1p1kp1p/1pp5/8/1P1P3r/5K2/8/RN4R1 w - - 0 27	d4d5		-	-
game		r1b5/p1p1kp1p/1pp5/8/1P1P3r/5K2/8/RN4R1 w - - 0 27	f3e2	a1a2	-	-
game		r1b5/p1p1kp1p/1pp5/8/1P1P3r/5K2/8/RN4R1 w - - 0 27	f3e2		-	-
game		r1b5/p1p1kp1p/1pp5/8/1P1P3r/5K2/8/RN4R1 w - - 0 27	f3e3	a1a2	defend	defending your pawn on d4
game		r1b5/p1p1kp1p/1pp5/8/1P1P3r/5K2/8/RN4R1 w - - 0 27	f3e3		defend	defending your pawn on d4
game		r1b5/p1p1kp1p/1pp5/8/1P1P3r/5K2/8/RN4R1 w - - 0 27	f3f2	a1a2	-	-
game		r1b5/p1p1kp1p/1pp5/8/1P1P3r/5K2/8/RN4R1 w - - 0 27	f3f2		-	-
game		r1b5/p1p1kp1p/1pp5/8/1P1P3r/5K2/8/RN4R1 w - - 0 27	f3g2	a1a2	-	-
game		r1b5/p1p1kp1p/1pp5/8/1P1P3r/5K2/8/RN4R1 w - - 0 27	f3g2		-	-
game		r1b5/p1p1kp1p/1pp5/8/1P1P3r/5K2/8/RN4R1 w - - 0 27	f3g3	a1a2	attack	attacking their undefended rook on h4
game		r1b5/p1p1kp1p/1pp5/8/1P1P3r/5K2/8/RN4R1 w - - 0 27	f3g3		attack	attacking your undefended rook on h4
game		r1b5/p1p1kp1p/1pp5/8/1P1P3r/5K2/8/RN4R1 w - - 0 27	g1c1	a1a2	open_file	moving your rook to c1 on the half-open c-file
game		r1b5/p1p1kp1p/1pp5/8/1P1P3r/5K2/8/RN4R1 w - - 0 27	g1c1		open_file	moving your rook to c1 on the half-open c-file
game		r1b5/p1p1kp1p/1pp5/8/1P1P3r/5K2/8/RN4R1 w - - 0 27	g1d1	a1a2	defend	defending your pawn on d4
game		r1b5/p1p1kp1p/1pp5/8/1P1P3r/5K2/8/RN4R1 w - - 0 27	g1d1		defend	defending your pawn on d4
game		r1b5/p1p1kp1p/1pp5/8/1P1P3r/5K2/8/RN4R1 w - - 0 27	g1e1	a1a2	check	giving check
game		r1b5/p1p1kp1p/1pp5/8/1P1P3r/5K2/8/RN4R1 w - - 0 27	g1e1		check	giving check
game		r1b5/p1p1kp1p/1pp5/8/1P1P3r/5K2/8/RN4R1 w - - 0 27	g1f1	a1a2	open_file	moving your rook to f1 on the half-open f-file
game		r1b5/p1p1kp1p/1pp5/8/1P1P3r/5K2/8/RN4R1 w - - 0 27	g1f1		open_file	moving your rook to f1 on the half-open f-file
game		r1b5/p1p1kp1p/1pp5/8/1P1P3r/5K2/8/RN4R1 w - - 0 27	g1g2	a1a2	open_file	moving your rook to g2 on the open g-file
game		r1b5/p1p1kp1p/1pp5/8/1P1P3r/5K2/8/RN4R1 w - - 0 27	g1g2		open_file	moving your rook to g2 on the open g-file
game		r1b5/p1p1kp1p/1pp5/8/1P1P3r/5K2/8/RN4R1 w - - 0 27	g1g3	a1a2	open_file	moving your rook to g3 on the open g-file
game		r1b5/p1p1kp1p/1pp5/8/1P1P3r/5K2/8/RN4R1 w - - 0 27	g1g3		open_file	moving your rook to g3 on the open g-file
game		r1b5/p1p1kp1p/1pp5/8/1P1P3r/5K2/8/RN4R1 w - - 0 27	g1g4	a1a2	attack	attacking their undefended rook on h4
game		r1b5/p1p1kp1p/1pp5/8/1P1P3r/5K2/8/RN4R1 w - - 0 27	g1g4		attack	attacking your undefended rook on h4
game		r1b5/p1p1kp1p/1pp5/8/1P1P3r/5K2/8/RN4R1 w - - 0 27	g1g5	a1a2	open_file	moving your rook to g5 on the open g-file
game		r1b5/p1p1kp1p/1pp5/8/1P1P3r/5K2/8/RN4R1 w - - 0 27	g1g5		open_file	moving your rook to g5 on the open g-file
game		r1b5/p1p1kp1p/1pp5/8/1P1P3r/5K2/8/RN4R1 w - - 0 27	g1g6	a1a2	open_file	moving your rook to g6 on the open g-file
game		r1b5/p1p1kp1p/1pp5/8/1P1P3r/5K2/8/RN4R1 w - - 0 27	g1g6		open_file	moving your rook to g6 on the open g-file
game		r1b5/p1p1kp1p/1pp5/8/1P1P3r/5K2/8/RN4R1 w - - 0 27	g1g7	a1a2	open_file	moving your rook to g7 on the open g-file
game		r1b5/p1p1kp1p/1pp5/8/1P1P3r/5K2/8/RN4R1 w - - 0 27	g1g7		open_file	moving your rook to g7 on the open g-file
game		r1b5/p1p1kp1p/1pp5/8/1P1P3r/5K2/8/RN4R1 w - - 0 27	g1g8	a1a2	attack	attacking their bishop on c8
game		r1b5/p1p1kp1p/1pp5/8/1P1P3r/5K2/8/RN4R1 w - - 0 27	g1g8		attack	attacking your bishop on c8
game		r1b5/p1p1kp1p/1pp5/8/1P1P3r/5K2/8/RN4R1 w - - 0 27	g1h1	a1a2	attack	attacking their undefended rook on h4
game		r1b5/p1p1kp1p/1pp5/8/1P1P3r/5K2/8/RN4R1 w - - 0 27	g1h1		attack	attacking your undefended rook on h4
game		r1b5/p1p1kp1p/1pp5/8/1P1r4/2N2K2/8/R5R1 w - - 0 28	a1a2	a1a3	open_file	moving your rook to a2 on the half-open a-file
game		r1b5/p1p1kp1p/1pp5/8/1P1r4/2N2K2/8/R5R1 w - - 0 28	a1a2		open_file	moving your rook to a2 on the half-open a-file
game		r1b5/p1p1kp1p/1pp5/8/1P1r4/2N2K2/8/R5R1 w - - 0 28	a1a3	a1a2	open_file	moving your rook to a3 on the half-open a-file
game		r1b5/p1p1kp1p/1pp5/8/1P1r4/2N2K2/8/R5R1 w - - 0 28	a1a3		open_file	moving your rook to a3 on the half-open a-file
game		r1b5/p1p1kp1p/1pp5/8/1P1r4/2N2K2/8/R5R1 w - - 0 28	a1a4	a1a2	defend	defending your pawn on b4
game		r1b5/p1p1kp1p/1pp5/8/1P1r4/2N2K2/8/R5R1 w - - 0 28	a1a4		defend	defending your pawn on b4
game		r1b5/p1p1kp1p/1pp5/8/1P1r4/2N2K2/8/R5R1 w - - 0 28	a1a5	a1a2	open_file	moving your rook to a5 on the half-open a-file
game		r1b5/p1p1kp1p/1pp5/8/1P1r4/2N2K2/8/R5R1 w - - 0 28	a1a5		open_file	moving your rook to a5 on the half-open a-file
game		r1b5/p1p1kp1p/1pp5/8/1P1r4/2N2K2/8/R5R1 w - - 0 28	a1a6	a1a2	open_file	moving your rook to a6 on the half-open a-file
game		r1b5/p1p1kp1p/1pp5/8/1P1r4/2N2K2/8/R5R1 w - - 0 28	a1a6		open_file	moving your rook to a6 on the half-open a-file
game		r1b5/p1p1kp1p/1pp5/8/1P1r4/2N2K2/8/R5R1 w - - 0 28	a1a7	a1a2	capture	capturing their pawn on a7
game		r1b5/p1p1kp1p/1pp5/8/1P1r4/2N2K2/8/R5R1 w - - 0 28	a1a7		capture	capturing your pawn on a7
game		r1b5/p1p1kp1p/1pp5/8/1P1r4/2N2K2/8/R5R1 w - - 0 28	a1b1	a1a2	defend	defending your pawn on b4
game		r1b5/p1p1kp1p/1pp5/8/1P1r4/2N2K2/8/R5R1 w - - 0 28	a1b1		defend	defending your pawn on b4
game		r1b5/p1p1kp1p/1pp5/8/1P1r4/2N2K2/8/R5R1 w - - 0 28	a1c1	a1a2	open_file	moving your rook to c1 on the half-open c-file
game		r1b5/p1p1kp1p/1pp5/8/1P1r4/2N2K2/8/R5R1 w - - 0 28	a1c1		open_file	moving your rook to c1 on the half-open c-file
game		r1b5/p1p1kp1p/1pp5/8/1P1r4/2N2K2/8/R5R1 w - - 0 28	a1d1	a1a2	attack	attacking their undefended rook on d4
game		r1b5/p1p1kp1p/1pp5/8/1P1r4/2N2K2/8/R5R1 w - - 0 28	a1d1		attack	attacking your undefended rook on d4
game		r1b5/p1p1kp1p/1pp5/8/1P1r4/2N2K2/8/R5R1 w - - 0 28	a1e1	a1a2	check	giving check
game		r1b5/p1p1kp1p/1pp5/8/1P1r4/2N2K2/8/R5R1 w - - 0 28	a1e1		check	giving check
game		r1b5/p1p1kp1p/1pp5/8/1P1r4/2N2K2/8/R5R1 w - - 0 28	a1f1	a1a2	open_file	moving your rook to f1 on the half-open f-file
game		r1b5/p1p1kp1p/1pp5/8/1P1r4/2N2K2/8/R5R1 w - - 0 28	a1f1		open_file	moving your rook to f1 on the half-open f-file
game		r1b5/p1p1kp1p/1pp5/8/1P1r4/2N2K2/8/R5R1 w - - 0 28	b4b5	a1a2	-	-
game		r1b5/p1p1kp1p/1pp5/8/1P1r4/2N2K2/8/R5R1 w - - 0 28	b4b5		-	-
game		r1b5/p1p1kp1p/1pp5/8/1P1r4/2N2K2/8/R5R1 w - - 0 28	c3a2	a1a2	defend	defending your pawn on b4
game		r1b5/p1p1kp1p/1pp5/8/1P1r4/2N2K2/8/R5R1 w - - 0 28	c3a2		defend	defending your pawn on b4
game		r1b5/p1p1kp1p/1pp5/8/1P1r4/2N2K2/8/R5R1 w - - 0 28	c3a4	a1a2	-	-
game		r1b5/p1p1kp1p/1pp5/8/1P1r4/2N2K2/8/R5R1 w - - 0 28	c3a4		-	-
game		r1b5/p1p1kp1p/1pp5/8/1P1r4/2N2K2/8/R5R1 w - - 0 28	c3b1	a1a2	-	-
game		r1b5/p1p1kp1p/1pp5/8/1P1r4/2N2K2/8/R5R1 w - - 0 28	c3b1		-	-
game		r1b5/p1p1kp1p/1pp5/8/1P1r4/2N2K2/8/R5R1 w - - 0 28	c3b5	a1a2	attack	attacking their undefended rook on d4
game		r1b5/p1p1kp1p/1pp5/8/1P1r4/2N2K2/8/R5R1 w - - 0 28	c3b5		attack	attacking your undefended rook on d4
game		r1b5/p1p1kp1p/1pp5/8/1P1r4/2N2K2/8/R5R1 w - - 0 28	c3d1	a1a2	-	-
game		r1b5/p1p1kp1p/1pp5/8/1P1r4/2N2K2/8/R5R1 w - - 0 28	c3d1		-	-
game		r1b5/p1p1kp1p/1pp5/8/1P1r4/2N2K2/8/R5R1 w - - 0 28	c3d5	a1a2	check	giving check
game		r1b5/p1p1kp1p/1pp5/8/1P1r4/2N2K2/8/R5R1 w - - 0 28	c3d5		check	giving check
game		r1b5/p1p1kp1p/1pp5/8/1P1r4/2N2K2/8/R5R1 w - - 0 28	c3e2	a1a2	attack	attacking their undefended rook on d4
game		r1b5/p1p1kp1p/1pp5/8/1P1r4/2N2K2/8/R5R1 w - - 0 28	c3e2		attack	attacking your undefended rook on d4
game		r1b5/p1p1kp1p/1pp5/8/1P1r4/2N2K2/8/R5R1 w - - 0 28	c3e4	a1a2	-	-
game		r1b5/p1p1kp1p/1pp5/8/1P1r4/2N2K2/8/R5R1 w - - 0 28	c3e4		-	-
game		r1b5/p1p1kp1p/1pp5/8/1P1r4/2N2K2/8/R5R1 w - - 0 28	f3e2	a1a2	-	-
game		r1b5/p1p1kp1p/1pp5/8/1P1r4/2N2K2/8/R5R1 w - - 0 28	f3e2		-	-
game		r1b5/p1p1kp1p/1pp5/8/1P1r4/2N2K2/8/R5R1 w - - 0 28	f3e3	a1a2	attack	attacking their undefended rook on d4
game		r1b5/p1p1kp1p/1pp5/8/1P1r4/2N2K2/8/R5R1 w - - 0 28	f3e3		attack	attacking your undefended rook on d4
game		r1b5/p1p1kp1p/1pp5/8/1P1r4/2N2K2/8/R5R1 w - - 0 28	f3f2	a1a2	-	-
game		r1b5/p1p1kp1p/1pp5/8/1P1r4/2N2K2/8/R5R1 w - - 0 28	f3f2		-	-
game		r1b5/p1p1kp1p/1pp5/8/1P1r4/2N2K2/8/R5R1 w - - 0 28	f3g2	a1a2	-	-
game		r1b5/p1p1kp1p/1pp5/8/1P1r4/2N2K2/8/R5R1 w - - 0 28	f3g2		-	-
game		r1b5/p1p1kp1p/1pp5/8/1P1r4/2N2K2/8/R5R1 w - - 0 28	f3g3	a1a2	-	-
game		r1b5/p1p1kp1p/1pp5/8/1P1r4/2N2K2/8/R5R1 w - - 0 28	f3g3		-	-
game		r1b5/p1p1kp1p/1pp5/8/1P1r4/2N2K2/8/R5R1 w - - 0 28	g1b1	a1a2	defend	defending your pawn on b4
game		r1b5/p1p1kp1p/1pp5/8/1P1r4/2N2K2/8/R5R1 w - - 0 28	g1b1		defend	defending your pawn on b4
game		r1b5/p1p1kp1p/1pp5/8/1P1r4/2N2K2/8/R5R1 w - - 0 28	g1c1	a1a2	open_file	moving your rook to c1 on the half-open c-file
game		r1b5/p1p1kp1p/1pp5/8/1P1r4/2N2K2/8/R5R1 w - - 0 28	g1c1		open_file	moving your rook to c1 on the half-open c-file
game		r1b5/p1p1kp1p/1pp5/8/1P1r4/2N2K2/8/R5R1 w - - 0 28	g1d1	a1a2	attack	attacking their undefended rook on d4
game		r1b5/p1p1kp1p/1pp5/8/1P1r4/2N2K2/8/R5R1 w - - 0 28	g1d1		attack	attacking your undefended rook on d4
game		r1b5/p1p1kp1p/1pp5/8/1P1r4/2N2K2/8/R5R1 w - - 0 28	g1e1	a1a2	check	giving check
game		r1b5/p1p1kp1p/1pp5/8/1P1r4/2N2K2/8/R5R1 w - - 0 28	g1e1		check	giving check
game		r1b5/p1p1kp1p/1pp5/8/1P1r4/2N2K2/8/R5R1 w - - 0 28	g1f1	a1a2	open_file	moving your rook to f1 on the half-open f-file
game		r1b5/p1p1kp1p/1pp5/8/1P1r4/2N2K2/8/R5R1 w - - 0 28	g1f1		open_file	moving your rook to f1 on the half-open f-file
game		r1b5/p1p1kp1p/1pp5/8/1P1r4/2N2K2/8/R5R1 w - - 0 28	g1g2	a1a2	open_file	moving your rook to g2 on the open g-file
game		r1b5/p1p1kp1p/1pp5/8/1P1r4/2N2K2/8/R5R1 w - - 0 28	g1g2		open_file	moving your rook to g2 on the open g-file
game		r1b5/p1p1kp1p/1pp5/8/1P1r4/2N2K2/8/R5R1 w - - 0 28	g1g3	a1a2	open_file	moving your rook to g3 on the open g-file
game		r1b5/p1p1kp1p/1pp5/8/1P1r4/2N2K2/8/R5R1 w - - 0 28	g1g3		open_file	moving your rook to g3 on the open g-file
game		r1b5/p1p1kp1p/1pp5/8/1P1r4/2N2K2/8/R5R1 w - - 0 28	g1g4	a1a2	attack	attacking their undefended rook on d4
game		r1b5/p1p1kp1p/1pp5/8/1P1r4/2N2K2/8/R5R1 w - - 0 28	g1g4		attack	attacking your undefended rook on d4
game		r1b5/p1p1kp1p/1pp5/8/1P1r4/2N2K2/8/R5R1 w - - 0 28	g1g5	a1a2	open_file	moving your rook to g5 on the open g-file
game		r1b5/p1p1kp1p/1pp5/8/1P1r4/2N2K2/8/R5R1 w - - 0 28	g1g5		open_file	moving your rook to g5 on the open g-file
game		r1b5/p1p1kp1p/1pp5/8/1P1r4/2N2K2/8/R5R1 w - - 0 28	g1g6	a1a2	open_file	moving your rook to g6 on the open g-file
game		r1b5/p1p1kp1p/1pp5/8/1P1r4/2N2K2/8/R5R1 w - - 0 28	g1g6		open_file	moving your rook to g6 on the open g-file
game		r1b5/p1p1kp1p/1pp5/8/1P1r4/2N2K2/8/R5R1 w - - 0 28	g1g7	a1a2	open_file	moving your rook to g7 on the open g-file
game		r1b5/p1p1kp1p/1pp5/8/1P1r4/2N2K2/8/R5R1 w - - 0 28	g1g7		open_file	moving your rook to g7 on the open g-file
game		r1b5/p1p1kp1p/1pp5/8/1P1r4/2N2K2/8/R5R1 w - - 0 28	g1g8	a1a2	attack	attacking their bishop on c8
game		r1b5/p1p1kp1p/1pp5/8/1P1r4/2N2K2/8/R5R1 w - - 0 28	g1g8		attack	attacking your bishop on c8
game		r1b5/p1p1kp1p/1pp5/8/1P1r4/2N2K2/8/R5R1 w - - 0 28	g1h1	a1a2	open_file	moving your rook to h1 on the half-open h-file
game		r1b5/p1p1kp1p/1pp5/8/1P1r4/2N2K2/8/R5R1 w - - 0 28	g1h1		open_file	moving your rook to h1 on the half-open h-file
game		r7/p1p1kp1p/1pp1b3/8/1P1r4/2N2K2/8/4R1R1 w - - 2 29	b4b5	c3a2	-	-
game		r7/p1p1kp1p/1pp1b3/8/1P1r4/2N2K2/8/4R1R1 w - - 2 29	b4b5		-	-
game		r7/p1p1kp1p/1pp1b3/8/1P1r4/2N2K2/8/4R1R1 w - - 2 29	c3a2	b4b5	defend	defending your pawn on b4
game		r7/p1p1kp1p/1pp1b3/8/1P1r4/2N2K2/8/4R1R1 w - - 2 29	c3a2		defend	defending your pawn on b4
game		r7/p1p1kp1p/1pp1b3/8/1P1r4/2N2K2/8/4R1R1 w - - 2 29	c3a4	b4b5	-	-
game		r7/p1p1kp1p/1pp1b3/8/1P1r4/2N2K2/8/4R1R1 w - - 2 29	c3a4		-	-
game		r7/p1p1kp1p/1pp1b3/8/1P1r4/2N2K2/8/4R1R1 w - - 2 29	c3b1	b4b5	-	-
game		r7/p1p1kp1p/1pp1b3/8/1P1r4/2N2K2/8/4R1R1 w - - 2 29	c3b1		-	-
game		r7/p1p1kp1p/1pp1b3/8/1P1r4/2N2K2/8/4R1R1 w - - 2 29	c3b5	b4b5	attack	attacking their undefended rook on d4
game		r7/p1p1kp1p/1pp1b3/8/1P1r4/2N2K2/8/4R1R1 w - - 2 29	c3b5		attack	attacking your undefended rook on d4
game		r7/p1p1kp1p/1pp1b3/8/1P1r4/2N2K2/8/4R1R1 w - - 2 29	c3d1	b4b5	-	-
game		r7/p1p1kp1p/1pp1b3/8/1P1r4/2N2K2/8/4R1R1 w - - 2 29	c3d1		-	-
game		r7/p1p1kp1p/1pp1b3/8/1P1r4/2N2K2/8/4R1R1 w - - 2 29	c3d5	b4b5	check	giving check
game		r7/p1p1kp1p/1pp1b3/8/1P1r4/2N2K2/8/4R1R1 w - - 2 29	c3d5		check	giving check
game		r7/p1p1kp1p/1pp1b3/8/1P1r4/2N2K2/8/4R1R1 w - - 2 29	c3e2	b4b5	attack	attacking their undefended rook on d4
game		r7/p1p1kp1p/1pp1b3/8/1P1r4/2N2K2/8/4R1R1 w - - 2 29	c3e2		attack	attacking your undefended rook on d4
game		r7/p1p1kp1p/1pp1b3/8/1P1r4/2N2K2/8/4R1R1 w - - 2 29	c3e4	b4b5	-	-
game		r7/p1p1kp1p/1pp1b3/8/1P1r4/2N2K2/8/4R1R1 w - - 2 29	c3e4		-	-
game		r7/p1p1kp1p/1pp1b3/8/1P1r4/2N2K2/8/4R1R1 w - - 2 29	e1a1	b4b5	open_file	moving your rook to a1 on the half-open a-file
game		r7/p1p1kp1p/1pp1b3/8/1P1r4/2N2K2/8/4R1R1 w - - 2 29	e1a1		open_file	moving your rook to a1 on the half-open a-file
game		r7/p1p1kp1p/1pp1b3/8/1P1r4/2N2K2/8/4R1R1 w - - 2 29	e1b1	b4b5	defend	defending your pawn on b4
game		r7/p1p1kp1p/1pp1b3/8/1P1r4/2N2K2/8/4R1R1 w - - 2 29	e1b1		defend	defending your pawn on b4
game		r7/p1p1kp1p/1pp1b3/8/1P1r4/2N2K2/8/4R1R1 w - - 2 29	e1c1	b4b5	open_file	moving your rook to c1 on the half-open c-file
game		r7/p1p1kp1p/1pp1b3/8/1P1r4/2N2K2/8/4R1R1 w - - 2 29	e1c1		open_file	moving your rook to c1 on the half-open c-file
game		r7/p1p1kp1p/1pp1b3/8/1P1r4/2N2K2/8/4R1R1 w - - 2 29	e1d1	b4b5	attack	attacking their undefended rook on d4
game		r7/p1p1kp1p/1pp1b3/8/1P1r4/2N2K2/8/4R1R1 w - - 2 29	e1d1		attack	attacking your undefended rook on d4
game		r7/p1p1kp1p/1pp1b3/8/1P1r4/2N2K2/8/4R1R1 w - - 2 29	e1e2	b4b5	attack	attacking their bishop on e6
game		r7/p1p1kp1p/1pp1b3/8/1P1r4/2N2K2/8/4R1R1 w - - 2 29	e1e2		attack	attacking your bishop on e6
game		r7/p1p1kp1p/1pp1b3/8/1P1r4/2N2K2/8/4R1R1 w - - 2 29	e1e3	b4b5	attack	attacking their bishop on e6
game		r7/p1p1kp1p/1pp1b3/8/1P1r4/2N2K2/8/4R1R1 w - - 2 29	e1e3		attack	attacking your bishop on e6
game		r7/p1p1kp1p/1pp1b3/8/1P1r4/2N2K2/8/4R1R1 w - - 2 29	e1e4	b4b5	fork	hitting their rook on d4 and their bishop on e6
game		r7/p1p1kp1p/1pp1b3/8/1P1r4/2N2K2/8/4R1R1 w - - 2 29	e1e4		fork	hitting your rook on d4 and your bishop on e6
game		r7/p1p1kp1p/1pp1b3/8/1P1r4/2N2K2/8/4R1R1 w - - 2 29	e1e5	b4b5	attack	attacking their bishop on e6
game		r7/p1p1kp1p/1pp1b3/8/1P1r4/2N2K2/8/4R1R1 w - - 2 29	e1e5		attack	attacking your bishop on e6
game		r7/p1p1kp1p/1pp1b3/8/1P1r4/2N2K2/8/4R1R1 w - - 2 29	e1e6	b4b5	capture	capturing their bishop on e6
game		r7/p1p1kp1p/1pp1b3/8/1P1r4/2N2K2/8/4R1R1 w - - 2 29	e1e6		capture	capturing your bishop on e6
game		r7/p1p1kp1p/1pp1b3/8/1P1r4/2N2K2/8/4R1R1 w - - 2 29	e1f1	b4b5	open_file	moving your rook to f1 on the half-open f-file
game		r7/p1p1kp1p/1pp1b3/8/1P1r4/2N2K2/8/4R1R1 w - - 2 29	e1f1		open_file	moving your rook to f1 on the half-open f-file
game		r7/p1p1kp1p/1pp1b3/8/1P1r4/2N2K2/8/4R1R1 w - - 2 29	f3e2	b4b5	-	-
game		r7/p1p1kp1p/1pp1b3/8/1P1r4/2N2K2/8/4R1R1 w - - 2 29	f3e2		-	-
game		r7/p1p1kp1p/1pp1b3/8/1P1r4/2N2K2/8/4R1R1 w - - 2 29	f3e3	b4b5	attack	attacking their undefended rook on d4
game		r7/p1p1kp1p/1pp1b3/8/1P1r4/2N2K2/8/4R1R1 w - - 2 29	f3e3		attack	attacking your undefended rook on d4
game		r7/p1p1kp1p/1pp1b3/8/1P1r4/2N2K2/8/4R1R1 w - - 2 29	f3f2	b4b5	-	-
game		r7/p1p1kp1p/1pp1b3/8/1P1r4/2N2K2/8/4R1R1 w - - 2 29	f3f2		-	-
game		r7/p1p1kp1p/1pp1b3/8/1P1r4/2N2K2/8/4R1R1 w - - 2 29	f3g2	b4b5	-	-
game		r7/p1p1kp1p/1pp1b3/8/1P1r4/2N2K2/8/4R1R1 w - - 2 29	f3g2		-	-
game		r7/p1p1kp1p/1pp1b3/8/1P1r4/2N2K2/8/4R1R1 w - - 2 29	f3g3	b4b5	-	-
game		r7/p1p1kp1p/1pp1b3/8/1P1r4/2N2K2/8/4R1R1 w - - 2 29	f3g3		-	-
game		r7/p1p1kp1p/1pp1b3/8/1P1r4/2N2K2/8/4R1R1 w - - 2 29	g1f1	b4b5	open_file	moving your rook to f1 on the half-open f-file
game		r7/p1p1kp1p/1pp1b3/8/1P1r4/2N2K2/8/4R1R1 w - - 2 29	g1f1		open_file	moving your rook to f1 on the half-open f-file
game		r7/p1p1kp1p/1pp1b3/8/1P1r4/2N2K2/8/4R1R1 w - - 2 29	g1g2	b4b5	open_file	moving your rook to g2 on the open g-file
game		r7/p1p1kp1p/1pp1b3/8/1P1r4/2N2K2/8/4R1R1 w - - 2 29	g1g2		open_file	moving your rook to g2 on the open g-file
game		r7/p1p1kp1p/1pp1b3/8/1P1r4/2N2K2/8/4R1R1 w - - 2 29	g1g3	b4b5	open_file	moving your rook to g3 on the open g-file
game		r7/p1p1kp1p/1pp1b3/8/1P1r4/2N2K2/8/4R1R1 w - - 2 29	g1g3		open_file	moving your rook to g3 on the open g-file
game		r7/p1p1kp1p/1pp1b3/8/1P1r4/2N2K2/8/4R1R1 w - - 2 29	g1g4	b4b5	attack	attacking their undefended rook on d4
game		r7/p1p1kp1p/1pp1b3/8/1P1r4/2N2K2/8/4R1R1 w - - 2 29	g1g4		attack	attacking your undefended rook on d4
game		r7/p1p1kp1p/1pp1b3/8/1P1r4/2N2K2/8/4R1R1 w - - 2 29	g1g5	b4b5	open_file	moving your rook to g5 on the open g-file
game		r7/p1p1kp1p/1pp1b3/8/1P1r4/2N2K2/8/4R1R1 w - - 2 29	g1g5		open_file	moving your rook to g5 on the open g-file
game		r7/p1p1kp1p/1pp1b3/8/1P1r4/2N2K2/8/4R1R1 w - - 2 29	g1g6	b4b5	attack	attacking their bishop on e6
game		r7/p1p1kp1p/1pp1b3/8/1P1r4/2N2K2/8/4R1R1 w - - 2 29	g1g6		attack	attacking your bishop on e6
game		r7/p1p1kp1p/1pp1b3/8/1P1r4/2N2K2/8/4R1R1 w - - 2 29	g1g7	b4b5	open_file	moving your rook to g7 on the open g-file
game		r7/p1p1kp1p/1pp1b3/8/1P1r4/2N2K2/8/4R1R1 w - - 2 29	g1g7		open_file	moving your rook to g7 on the open g-file
game		r7/p1p1kp1p/1pp1b3/8/1P1r4/2N2K2/8/4R1R1 w - - 2 29	g1g8	b4b5	attack	attacking their undefended rook on a8
game		r7/p1p1kp1p/1pp1b3/8/1P1r4/2N2K2/8/4R1R1 w - - 2 29	g1g8		attack	attacking your undefended rook on a8
game		r7/p1p1kp1p/1pp1b3/8/1P1r4/2N2K2/8/4R1R1 w - - 2 29	g1h1	b4b5	open_file	moving your rook to h1 on the half-open h-file
game		r7/p1p1kp1p/1pp1b3/8/1P1r4/2N2K2/8/4R1R1 w - - 2 29	g1h1		open_file	moving your rook to h1 on the half-open h-file
game		4r3/p1p1kpRp/1pp1b3/8/1P1r4/2N2K2/8/4R3 w - - 4 30	b4b5	c3a2	-	-
game		4r3/p1p1kpRp/1pp1b3/8/1P1r4/2N2K2/8/4R3 w - - 4 30	b4b5		-	-
game		4r3/p1p1kpRp/1pp1b3/8/1P1r4/2N2K2/8/4R3 w - - 4 30	c3a2	b4b5	defend	defending your pawn on b4
game		4r3/p1p1kpRp/1pp1b3/8/1P1r4/2N2K2/8/4R3 w - - 4 30	c3a2		defend	defending your pawn on b4
game		4r3/p1p1kpRp/1pp1b3/8/1P1r4/2N2K2/8/4R3 w - - 4 30	c3a4	b4b5	-	-
game		4r3/p1p1kpRp/1pp1b3/8/1P1r4/2N2K2/8/4R3 w - - 4 30	c3a4		-	-
game		4r3/p1p1kpRp/1pp1b3/8/1P1r4/2N2K2/8/4R3 w - - 4 30	c3b1	b4b5	-	-
game		4r3/p1p1kpRp/1pp1b3/8/1P1r4/2N2K2/8/4R3 w - - 4 30	c3b1		-	-
game		4r3/p1p1kpRp/1pp1b3/8/1P1r4/2N2K2/8/4R3 w - - 4 30	c3b5	b4b5	attack	attacking their undefended rook on d4
game		4r3/p1p1kpRp/1pp1b3/8/1P1r4/2N2K2/8/4R3 w - - 4 30	c3b5		attack	attacking your undefended rook on d4
game		4r3/p1p1kpRp/1pp1b3/8/1P1r4/2N2K2/8/4R3 w - - 4 30	c3d1	b4b5	-	-
game		4r3/p1p1kpRp/1pp1b3/8/1P1r4/2N2K2/8/4R3 w - - 4 30	c3d1		-	-
game		4r3/p1p1kpRp/1pp1b3/8/1P1r4/2N2K2/8/4R3 w - - 4 30	c3d5	b4b5	check	giving check
game		4r3/p1p1kpRp/1pp1b3/8/1P1r4/2N2K2/8/4R3 w - - 4 30	c3d5		check	giving check
game		4r3/p1p1kpRp/1pp1b3/8/1P1r4/2N2K2/8/4R3 w - - 4 30	c3e2	b4b5	attack	attacking their undefended rook on d4
game		4r3/p1p1kpRp/1pp1b3/8/1P1r4/2N2K2/8/4R3 w - - 4 30	c3e2		attack	attacking your undefended rook on d4
game		4r3/p1p1kpRp/1pp1b3/8/1P1r4/2N2K2/8/4R3 w - - 4 30	c3e4	b4b5	-	-
game		4r3/p1p1kpRp/1pp1b3/8/1P1r4/2N2K2/8/4R3 w - - 4 30	c3e4		-	-
game		4r3/p1p1kpRp/1pp1b3/8/1P1r4/2N2K2/8/4R3 w - - 4 30	e1a1	b4b5	open_file	moving your rook to a1 on the half-open a-file
game		4r3/p1p1kpRp/1pp1b3/8/1P1r4/2N2K2/8/4R3 w - - 4 30	e1a1		open_file	moving your rook to a1 on the half-open a-file
game		4r3/p1p1kpRp/1pp1b3/8/1P1r4/2N2K2/8/4R3 w - - 4 30	e1b1	b4b5	defend	defending your pawn on b4
game		4r3/p1p1kpRp/1pp1b3/8/1P1r4/2N2K2/8/4R3 w - - 4 30	e1b1		defend	defending your pawn on b4
game		4r3/p1p1kpRp/1pp1b3/8/1P1r4/2N2K2/8/4R3 w - - 4 30	e1c1	b4b5	open_file	moving your rook to c1 on the half-open c-file
game		4r3/p1p1kpRp/1pp1b3/8/1P1r4/2N2K2/8/4R3 w - - 4 30	e1c1		open_file	moving your rook to c1 on the half-open c-file
game		4r3/p1p1kpRp/1pp1b3/8/1P1r4/2N2K2/8/4R3 w - - 4 30	e1d1	b4b5	attack	attacking their undefended rook on d4
game		4r3/p1p1kpRp/1pp1b3/8/1P1r4/2N2K2/8/4R3 w - - 4 30	e1d1		attack	attacking your undefended rook on d4
game		4r3/p1p1kpRp/1pp1b3/8/1P1r4/2N2K2/8/4R3 w - - 4 30	e1e2	b4b5	attack	attacking their bishop on e6
game		4r3/p1p1kpRp/1pp1b3/8/1P1r4/2N2K2/8/4R3 w - - 4 30	e1e2		attack	attacking your bishop on e6
game		4r3/p1p1kpRp/1pp1b3/8/1P1r4/2N2K2/8/4R3 w - - 4 30	e1e3	b4b5	attack	attacking their bishop on e6
game		4r3/p1p1kpRp/1pp1b3/8/1P1r4/2N2K2/8/4R3 w - - 4 30	e1e3		attack	attacking your bishop on e6
game		4r3/p1p1kpRp/1pp1b3/8/1P1r4/2N2K2/8/4R3 w - - 4 30	e1e4	b4b5	fork	hitting their rook on d4 and their bishop on e6
game		4r3/p1p1kpRp/1pp1b3/8/1P1r4/2N2K2/8/4R3 w - - 4 30	e1e4		fork	hitting your rook on d4 and your bishop on e6
game		4r3/p1p1kpRp/1pp1b3/8/1P1r4/2N2K2/8/4R3 w - - 4 30	e1e5	b4b5	attack	attacking their bishop on e6
game		4r3/p1p1kpRp/1pp1b3/8/1P1r4/2N2K2/8/4R3 w - - 4 30	e1e5		attack	attacking your bishop on e6
game		4r3/p1p1kpRp/1pp1b3/8/1P1r4/2N2K2/8/4R3 w - - 4 30	e1e6	b4b5	capture	capturing their bishop on e6
game		4r3/p1p1kpRp/1pp1b3/8/1P1r4/2N2K2/8/4R3 w - - 4 30	e1e6		capture	capturing your bishop on e6
game		4r3/p1p1kpRp/1pp1b3/8/1P1r4/2N2K2/8/4R3 w - - 4 30	e1f1	b4b5	open_file	moving your rook to f1 on the half-open f-file
game		4r3/p1p1kpRp/1pp1b3/8/1P1r4/2N2K2/8/4R3 w - - 4 30	e1f1		open_file	moving your rook to f1 on the half-open f-file
game		4r3/p1p1kpRp/1pp1b3/8/1P1r4/2N2K2/8/4R3 w - - 4 30	e1g1	b4b5	open_file	moving your rook to g1 on the open g-file
game		4r3/p1p1kpRp/1pp1b3/8/1P1r4/2N2K2/8/4R3 w - - 4 30	e1g1		open_file	moving your rook to g1 on the open g-file
game		4r3/p1p1kpRp/1pp1b3/8/1P1r4/2N2K2/8/4R3 w - - 4 30	e1h1	b4b5	open_file	moving your rook to h1 on the half-open h-file
game		4r3/p1p1kpRp/1pp1b3/8/1P1r4/2N2K2/8/4R3 w - - 4 30	e1h1		open_file	moving your rook to h1 on the half-open h-file
game		4r3/p1p1kpRp/1pp1b3/8/1P1r4/2N2K2/8/4R3 w - - 4 30	f3e2	b4b5	-	-
game		4r3/p1p1kpRp/1pp1b3/8/1P1r4/2N2K2/8/4R3 w - - 4 30	f3e2		-	-
game		4r3/p1p1kpRp/1pp1b3/8/1P1r4/2N2K2/8/4R3 w - - 4 30	f3e3	b4b5	attack	attacking their undefended rook on d4
game		4r3/p1p1kpRp/1pp1b3/8/1P1r4/2N2K2/8/4R3 w - - 4 30	f3e3		attack	attacking your undefended rook on d4
game		4r3/p1p1kpRp/1pp1b3/8/1P1r4/2N2K2/8/4R3 w - - 4 30	f3f2	b4b5	-	-
game		4r3/p1p1kpRp/1pp1b3/8/1P1r4/2N2K2/8/4R3 w - - 4 30	f3f2		-	-
game		4r3/p1p1kpRp/1pp1b3/8/1P1r4/2N2K2/8/4R3 w - - 4 30	f3g2	b4b5	-	-
game		4r3/p1p1kpRp/1pp1b3/8/1P1r4/2N2K2/8/4R3 w - - 4 30	f3g2		-	-
game		4r3/p1p1kpRp/1pp1b3/8/1P1r4/2N2K2/8/4R3 w - - 4 30	f3g3	b4b5	-	-
game		4r3/p1p1kpRp/1pp1b3/8/1P1r4/2N2K2/8/4R3 w - - 4 30	f3g3		-	-
game		4r3/p1p1kpRp/1pp1b3/8/1P1r4/2N2K2/8/4R3 w - - 4 30	g7f7	b4b5	capture	capturing their pawn on f7
game		4r3/p1p1kpRp/1pp1b3/8/1P1r4/2N2K2/8/4R3 w - - 4 30	g7f7		capture	capturing your pawn on f7
game		4r3/p1p1kpRp/1pp1b3/8/1P1r4/2N2K2/8/4R3 w - - 4 30	g7g1	b4b5	open_file	moving your rook to g1 on the open g-file
game		4r3/p1p1kpRp/1pp1b3/8/1P1r4/2N2K2/8/4R3 w - - 4 30	g7g1		open_file	moving your rook to g1 on the open g-file
game		4r3/p1p1kpRp/1pp1b3/8/1P1r4/2N2K2/8/4R3 w - - 4 30	g7g2	b4b5	open_file	moving your rook to g2 on the open g-file
game		4r3/p1p1kpRp/1pp1b3/8/1P1r4/2N2K2/8/4R3 w - - 4 30	g7g2		open_file	moving your rook to g2 on the open g-file
game		4r3/p1p1kpRp/1pp1b3/8/1P1r4/2N2K2/8/4R3 w - - 4 30	g7g3	b4b5	open_file	moving your rook to g3 on the open g-file
game		4r3/p1p1kpRp/1pp1b3/8/1P1r4/2N2K2/8/4R3 w - - 4 30	g7g3		open_file	moving your rook to g3 on the open g-file
game		4r3/p1p1kpRp/1pp1b3/8/1P1r4/2N2K2/8/4R3 w - - 4 30	g7g4	b4b5	attack	attacking their undefended rook on d4
game		4r3/p1p1kpRp/1pp1b3/8/1P1r4/2N2K2/8/4R3 w - - 4 30	g7g4		attack	attacking your undefended rook on d4
game		4r3/p1p1kpRp/1pp1b3/8/1P1r4/2N2K2/8/4R3 w - - 4 30	g7g5	b4b5	open_file	moving your rook to g5 on the open g-file
game		4r3/p1p1kpRp/1pp1b3/8/1P1r4/2N2K2/8/4R3 w - - 4 30	g7g5		open_file	moving your rook to g5 on the open g-file
game		4r3/p1p1kpRp/1pp1b3/8/1P1r4/2N2K2/8/4R3 w - - 4 30	g7g6	b4b5	attack	attacking their bishop on e6
game		4r3/p1p1kpRp/1pp1b3/8/1P1r4/2N2K2/8/4R3 w - - 4 30	g7g6		attack	attacking your bishop on e6
game		4r3/p1p1kpRp/1pp1b3/8/1P1r4/2N2K2/8/4R3 w - - 4 30	g7g8	b4b5	attack	attacking their rook on e8
game		4r3/p1p1kpRp/1pp1b3/8/1P1r4/2N2K2/8/4R3 w - - 4 30	g7g8		attack	attacking your rook on e8
game		4r3/p1p1kpRp/1pp1b3/8/1P1r4/2N2K2/8/4R3 w - - 4 30	g7h7	b4b5	capture	capturing their pawn on h7
game		4r3/p1p1kpRp/1pp1b3/8/1P1r4/2N2K2/8/4R3 w - - 4 30	g7h7		capture	capturing your pawn on h7
game		4r3/p1p1kpRp/1pp1b3/8/1r6/2N5/5K2/4R3 w - - 0 31	c3a2	c3a4	attack	attacking their undefended rook on b4
game		4r3/p1p1kpRp/1pp1b3/8/1r6/2N5/5K2/4R3 w - - 0 31	c3a2		attack	attacking your undefended rook on b4
game		4r3/p1p1kpRp/1pp1b3/8/1r6/2N5/5K2/4R3 w - - 0 31	c3a4	c3a2	-	-
game		4r3/p1p1kpRp/1pp1b3/8/1r6/2N5/5K2/4R3 w - - 0 31	c3a4		-	-
game		4r3/p1p1kpRp/1pp1b3/8/1r6/2N5/5K2/4R3 w - - 0 31	c3b1	c3a2	-	-
game		4r3/p1p1kpRp/1pp1b3/8/1r6/2N5/5K2/4R3 w - - 0 31	c3b1		-	-
game		4r3/p1p1kpRp/1pp1b3/8/1r6/2N5/5K2/4R3 w - - 0 31	c3b5	c3a2	-	-
game		4r3/p1p1kpRp/1pp1b3/8/1r6/2N5/5K2/4R3 w - - 0 31	c3b5		-	-
game		4r3/p1p1kpRp/1pp1b3/8/1r6/2N5/5K2/4R3 w - - 0 31	c3d1	c3a2	-	-
game		4r3/p1p1kpRp/1pp1b3/8/1r6/2N5/5K2/4R3 w - - 0 31	c3d1		-	-
game		4r3/p1p1kpRp/1pp1b3/8/1r6/2N5/5K2/4R3 w - - 0 31	c3d5	c3a2	attack	giving check and attacking their undefended rook on b4
game		4r3/p1p1kpRp/1pp1b3/8/1r6/2N5/5K2/4R3 w - - 0 31	c3d5		attack	giving check and attacking your undefended rook on b4
game		4r3/p1p1kpRp/1pp1b3/8/1r6/2N5/5K2/4R3 w - - 0 31	c3e2	c3a2	-	-
game		4r3/p1p1kpRp/1pp1b3/8/1r6/2N5/5K2/4R3 w - - 0 31	c3e2		-	-
game		4r3/p1p1kpRp/1pp1b3/8/1r6/2N5/5K2/4R3 w - - 0 31	c3e4	c3a2	-	-
game		4r3/p1p1kpRp/1pp1b3/8/1r6/2N5/5K2/4R3 w - - 0 31	c3e4		-	-
game		4r3/p1p1kpRp/1pp1b3/8/1r6/2N5/5K2/4R3 w - - 0 31	e1a1	c3a2	open_file	moving your rook to a1 on the half-open a-file
game		4r3/p1p1kpRp/1pp1b3/8/1r6/2N5/5K2/4R3 w - - 0 31	e1a1		open_file	moving your rook to a1 on the half-open a-file
game		4r3/p1p1kpRp/1pp1b3/8/1r6/2N5/5K2/4R3 w - - 0 31	e1b1	c3a2	attack	attacking their undefended rook on b4
game		4r3/p1p1kpRp/1pp1b3/8/1r6/2N5/5K2/4R3 w - - 0 31	e1b1		attack	attacking your undefended rook on b4
game		4r3/p1p1kpRp/1pp1b3/8/1r6/2N5/5K2/4R3 w - - 0 31	e1c1	c3a2	open_file	moving your rook to c1 on the half-open c-file
game		4r3/p1p1kpRp/1pp1b3/8/1r6/2N5/5K2/4R3 w - - 0 31	e1c1		open_file	moving your rook to c1 on the half-open c-file
game		4r3/p1p1kpRp/1pp1b3/8/1r6/2N5/5K2/4R3 w - - 0 31	e1d1	c3a2	open_file	moving your rook to d1 on the open d-file
game		4r3/p1p1kpRp/1pp1b3/8/1r6/2N5/5K2/4R3 w - - 0 31	e1d1		open_file	moving your rook to d1 on the open d-file
game		4r3/p1p1kpRp/1pp1b3/8/1r6/2N5/5K2/4R3 w - - 0 31	e1e2	c3a2	attack	attacking their bishop on e6
game		4r3/p1p1kpRp/1pp1b3/8/1r6/2N5/5K2/4R3 w - - 0 31	e1e2		attack	attacking your bishop on e6
game		4r3/p1p1kpRp/1pp1b3/8/1r6/2N5/5K2/4R3 w - - 0 31	e1e3	c3a2	attack	attacking their bishop on e6
game		4r3/p1p1kpRp/1pp1b3/8/1r6/2N5/5K2/4R3 w - - 0 31	e1e3		attack	attacking your bishop on e6
game		4r3/p1p1kpRp/1pp1b3/8/1r6/2N5/5K2/4R3 w - - 0 31	e1e4	c3a2	fork	hitting their rook on b4 and their bishop on e6
game		4r3/p1p1kpRp/1pp1b3/8/1r6/2N5/5K2/4R3 w - - 0 31	e1e4		fork	hitting your rook on b4 and your bishop on e6
game		4r3/p1p1kpRp/1pp1b3/8/1r6/2N5/5K2/4R3 w - - 0 31	e1e5	c3a2	attack	attacking their bishop on e6
game		4r3/p1p1kpRp/1pp1b3/8/1r6/2N5/5K2/4R3 w - - 0 31	e1e5		attack	attacking your bishop on e6
game		4r3/p1p1kpRp/1pp1b3/8/1r6/2N5/5K2/4R3 w - - 0 31	e1e6	c3a2	capture	capturing their bishop on e6
game		4r3/p1p1kpRp/1pp1b3/8/1r6/2N5/5K2/4R3 w - - 0 31	e1e6		capture	capturing your bishop on e6
game		4r3/p1p1kpRp/1pp1b3/8/1r6/2N5/5K2/4R3 w - - 0 31	e1f1	c3a2	open_file	moving your rook to f1 on the half-open f-file
game		4r3/p1p1kpRp/1pp1b3/8/1r6/2N5/5K2/4R3 w - - 0 31	e1f1		open_file	moving your rook to f1 on the half-open f-file
game		4r3/p1p1kpRp/1pp1b3/8/1r6/2N5/5K2/4R3 w - - 0 31	e1g1	c3a2	open_file	moving your rook to g1 on the open g-file
game		4r3/p1p1kpRp/1pp1b3/8/1r6/2N5/5K2/4R3 w - - 0 31	e1g1		open_file	moving your rook to g1 on the open g-file
game		4r3/p1p1kpRp/1pp1b3/8/1r6/2N5/5K2/4R3 w - - 0 31	e1h1	c3a2	open_file	moving your rook to h1 on the half-open h-file
game		4r3/p1p1kpRp/1pp1b3/8/1r6/2N5/5K2/4R3 w - - 0 31	e1h1		open_file	moving your rook to h1 on the half-open h-file
game		4r3/p1p1kpRp/1pp1b3/8/1r6/2N5/5K2/4R3 w - - 0 31	f2e2	c3a2	-	-
game		4r3/p1p1kpRp/1pp1b3/8/1r6/2N5/5K2/4R3 w - - 0 31	f2e2		-	-
game		4r3/p1p1kpRp/1pp1b3/8/1r6/2N5/5K2/4R3 w - - 0 31	f2e3	c3a2	king_activity	walking your king from f2 to e3, closer to the centre
game		4r3/p1p1kpRp/1pp1b3/8/1r6/2N5/5K2/4R3 w - - 0 31	f2e3		king_activity	walking your king from f2 to e3, closer to the centre
game		4r3/p1p1kpRp/1pp1b3/8/1r6/2N5/5K2/4R3 w - - 0 31	f2f1	c3a2	-	-
game		4r3/p1p1kpRp/1pp1b3/8/1r6/2N5/5K2/4R3 w - - 0 31	f2f1		-	-
game		4r3/p1p1kpRp/1pp1b3/8/1r6/2N5/5K2/4R3 w - - 0 31	f2f3	c3a2	king_activity	walking your king from f2 to f3, closer to the centre
game		4r3/p1p1kpRp/1pp1b3/8/1r6/2N5/5K2/4R3 w - - 0 31	f2f3		king_activity	walking your king from f2 to f3, closer to the centre
game		4r3/p1p1kpRp/1pp1b3/8/1r6/2N5/5K2/4R3 w - - 0 31	f2g1	c3a2	-	-
game		4r3/p1p1kpRp/1pp1b3/8/1r6/2N5/5K2/4R3 w - - 0 31	f2g1		-	-
game		4r3/p1p1kpRp/1pp1b3/8/1r6/2N5/5K2/4R3 w - - 0 31	f2g2	c3a2	-	-
game		4r3/p1p1kpRp/1pp1b3/8/1r6/2N5/5K2/4R3 w - - 0 31	f2g2		-	-
game		4r3/p1p1kpRp/1pp1b3/8/1r6/2N5/5K2/4R3 w - - 0 31	f2g3	c3a2	-	-
game		4r3/p1p1kpRp/1pp1b3/8/1r6/2N5/5K2/4R3 w - - 0 31	f2g3		-	-
game		4r3/p1p1kpRp/1pp1b3/8/1r6/2N5/5K2/4R3 w - - 0 31	g7f7	c3a2	capture	capturing their pawn on f7
game		4r3/p1p1kpRp/1pp1b3/8/1r6/2N5/5K2/4R3 w - - 0 31	g7f7		capture	capturing your pawn on f7
game		4r3/p1p1kpRp/1pp1b3/8/1r6/2N5/5K2/4R3 w - - 0 31	g7g1	c3a2	open_file	moving your rook to g1 on the open g-file
game		4r3/p1p1kpRp/1pp1b3/8/1r6/2N5/5K2/4R3 w - - 0 31	g7g1		open_file	moving your rook to g1 on the open g-file
game		4r3/p1p1kpRp/1pp1b3/8/1r6/2N5/5K2/4R3 w - - 0 31	g7g2	c3a2	open_file	moving your rook to g2 on the open g-file
game		4r3/p1p1kpRp/1pp1b3/8/1r6/2N5/5K2/4R3 w - - 0 31	g7g2		open_file	moving your rook to g2 on the open g-file
game		4r3/p1p1kpRp/1pp1b3/8/1r6/2N5/5K2/4R3 w - - 0 31	g7g3	c3a2	open_file	moving your rook to g3 on the open g-file
game		4r3/p1p1kpRp/1pp1b3/8/1r6/2N5/5K2/4R3 w - - 0 31	g7g3		open_file	moving your rook to g3 on the open g-file
game		4r3/p1p1kpRp/1pp1b3/8/1r6/2N5/5K2/4R3 w - - 0 31	g7g4	c3a2	attack	attacking their undefended rook on b4
game		4r3/p1p1kpRp/1pp1b3/8/1r6/2N5/5K2/4R3 w - - 0 31	g7g4		attack	attacking your undefended rook on b4
game		4r3/p1p1kpRp/1pp1b3/8/1r6/2N5/5K2/4R3 w - - 0 31	g7g5	c3a2	open_file	moving your rook to g5 on the open g-file
game		4r3/p1p1kpRp/1pp1b3/8/1r6/2N5/5K2/4R3 w - - 0 31	g7g5		open_file	moving your rook to g5 on the open g-file
game		4r3/p1p1kpRp/1pp1b3/8/1r6/2N5/5K2/4R3 w - - 0 31	g7g6	c3a2	attack	attacking their bishop on e6
game		4r3/p1p1kpRp/1pp1b3/8/1r6/2N5/5K2/4R3 w - - 0 31	g7g6		attack	attacking your bishop on e6
game		4r3/p1p1kpRp/1pp1b3/8/1r6/2N5/5K2/4R3 w - - 0 31	g7g8	c3a2	attack	attacking their rook on e8
game		4r3/p1p1kpRp/1pp1b3/8/1r6/2N5/5K2/4R3 w - - 0 31	g7g8		attack	attacking your rook on e8
game		4r3/p1p1kpRp/1pp1b3/8/1r6/2N5/5K2/4R3 w - - 0 31	g7h7	c3a2	capture	capturing their pawn on h7
game		4r3/p1p1kpRp/1pp1b3/8/1r6/2N5/5K2/4R3 w - - 0 31	g7h7		capture	capturing your pawn on h7
game		4r3/p1p2pRp/1pp1bk2/8/1r6/2N2K2/8/4R3 w - - 2 32	c3a2	c3a4	attack	attacking their undefended rook on b4
game		4r3/p1p2pRp/1pp1bk2/8/1r6/2N2K2/8/4R3 w - - 2 32	c3a2		attack	attacking your undefended rook on b4
game		4r3/p1p2pRp/1pp1bk2/8/1r6/2N2K2/8/4R3 w - - 2 32	c3a4	c3a2	-	-
game		4r3/p1p2pRp/1pp1bk2/8/1r6/2N2K2/8/4R3 w - - 2 32	c3a4		-	-
game		4r3/p1p2pRp/1pp1bk2/8/1r6/2N2K2/8/4R3 w - - 2 32	c3b1	c3a2	-	-
game		4r3/p1p2pRp/1pp1bk2/8/1r6/2N2K2/8/4R3 w - - 2 32	c3b1		-	-
game		4r3/p1p2pRp/1pp1bk2/8/1r6/2N2K2/8/4R3 w - - 2 32	c3b5	c3a2	-	-
game		4r3/p1p2pRp/1pp1bk2/8/1r6/2N2K2/8/4R3 w - - 2 32	c3b5		-	-
game		4r3/p1p2pRp/1pp1bk2/8/1r6/2N2K2/8/4R3 w - - 2 32	c3d1	c3a2	-	-
game		4r3/p1p2pRp/1pp1bk2/8/1r6/2N2K2/8/4R3 w - - 2 32	c3d1		-	-
game		4r3/p1p2pRp/1pp1bk2/8/1r6/2N2K2/8/4R3 w - - 2 32	c3d5	c3a2	attack	giving check and attacking their undefended rook on b4
game		4r3/p1p2pRp/1pp1bk2/8/1r6/2N2K2/8/4R3 w - - 2 32	c3d5		attack	giving check and attacking your undefended rook on b4
game		4r3/p1p2pRp/1pp1bk2/8/1r6/2N2K2/8/4R3 w - - 2 32	c3e2	c3a2	-	-
game		4r3/p1p2pRp/1pp1bk2/8/1r6/2N2K2/8/4R3 w - - 2 32	c3e2		-	-
game		4r3/p1p2pRp/1pp1bk2/8/1r6/2N2K2/8/4R3 w - - 2 32	c3e4	c3a2	check	giving check
game		4r3/p1p2pRp/1pp1bk2/8/1r6/2N2K2/8/4R3 w - - 2 32	c3e4		check	giving check
game		4r3/p1p2pRp/1pp1bk2/8/1r6/2N2K2/8/4R3 w - - 2 32	e1a1	c3a2	open_file	moving your rook to a1 on the half-open a-file
game		4r3/p1p2pRp/1pp1bk2/8/1r6/2N2K2/8/4R3 w - - 2 32	e1a1		open_file	moving your rook to a1 on the half-open a-file
game		4r3/p1p2pRp/1pp1bk2/8/1r6/2N2K2/8/4R3 w - - 2 32	e1b1	c3a2	attack	attacking their undefended rook on b4
game		4r3/p1p2pRp/1pp1bk2/8/1r6/2N2K2/8/4R3 w - - 2 32	e1b1		attack	attacking your undefended rook on b4
game		4r3/p1p2pRp/1pp1bk2/8/1r6/2N2K2/8/4R3 w - - 2 32	e1c1	c3a2	open_file	moving your rook to c1 on the half-open c-file
game		4r3/p1p2pRp/1pp1bk2/8/1r6/2N2K2/8/4R3 w - - 2 32	e1c1		open_file	moving your rook to c1 on the half-open c-file
game		4r3/p1p2pRp/1pp1bk2/8/1r6/2N2K2/8/4R3 w - - 2 32	e1d1	c3a2	open_file	moving your rook to d1 on the open d-file
game		4r3/p1p2pRp/1pp1bk2/8/1r6/2N2K2/8/4R3 w - - 2 32	e1d1		open_file	moving your rook to d1 on the open d-file
game		4r3/p1p2pRp/1pp1bk2/8/1r6/2N2K2/8/4R3 w - - 2 32	e1e2	c3a2	attack	attacking their bishop on e6
game		4r3/p1p2pRp/1pp1bk2/8/1r6/2N2K2/8/4R3 w - - 2 32	e1e2		attack	attacking your bishop on e6
game		4r3/p1p2pRp/1pp1bk2/8/1r6/2N2K2/8/4R3 w - - 2 32	e1e3	c3a2	attack	attacking their bishop on e6
game		4r3/p1p2pRp/1pp1bk2/8/1r6/2N2K2/8/4R3 w - - 2 32	e1e3		attack	attacking your bishop on e6
game		4r3/p1p2pRp/1pp1bk2/8/1r6/2N2K2/8/4R3 w - - 2 32	e1e4	c3a2	fork	hitting their rook on b4 and their bishop on e6
game		4r3/p1p2pRp/1pp1bk2/8/1r6/2N2K2/8/4R3 w - - 2 32	e1e4		fork	hitting your rook on b4 and your bishop on e6
game		4r3/p1p2pRp/1pp1bk2/8/1r6/2N2K2/8/4R3 w - - 2 32	e1e5	c3a2	attack	attacking their bishop on e6
game		4r3/p1p2pRp/1pp1bk2/8/1r6/2N2K2/8/4R3 w - - 2 32	e1e5		attack	attacking your bishop on e6
game		4r3/p1p2pRp/1pp1bk2/8/1r6/2N2K2/8/4R3 w - - 2 32	e1e6	c3a2	capture	capturing their bishop on e6
game		4r3/p1p2pRp/1pp1bk2/8/1r6/2N2K2/8/4R3 w - - 2 32	e1e6		capture	capturing your bishop on e6
game		4r3/p1p2pRp/1pp1bk2/8/1r6/2N2K2/8/4R3 w - - 2 32	e1f1	c3a2	open_file	moving your rook to f1 on the half-open f-file
game		4r3/p1p2pRp/1pp1bk2/8/1r6/2N2K2/8/4R3 w - - 2 32	e1f1		open_file	moving your rook to f1 on the half-open f-file
game		4r3/p1p2pRp/1pp1bk2/8/1r6/2N2K2/8/4R3 w - - 2 32	e1g1	c3a2	defend	defending your rook on g7
game		4r3/p1p2pRp/1pp1bk2/8/1r6/2N2K2/8/4R3 w - - 2 32	e1g1		defend	defending your rook on g7
game		4r3/p1p2pRp/1pp1bk2/8/1r6/2N2K2/8/4R3 w - - 2 32	e1h1	c3a2	open_file	moving your rook to h1 on the half-open h-file
game		4r3/p1p2pRp/1pp1bk2/8/1r6/2N2K2/8/4R3 w - - 2 32	e1h1		open_file	moving your rook to h1 on the half-open h-file
game		4r3/p1p2pRp/1pp1bk2/8/1r6/2N2K2/8/4R3 w - - 2 32	f3e2	c3a2	-	-
game		4r3/p1p2pRp/1pp1bk2/8/1r6/2N2K2/8/4R3 w - - 2 32	f3e2		-	-
game		4r3/p1p2pRp/1pp1bk2/8/1r6/2N2K2/8/4R3 w - - 2 32	f3e3	c3a2	-	-
game		4r3/p1p2pRp/1pp1bk2/8/1r6/2N2K2/8/4R3 w - - 2 32	f3e3		-	-
game		4r3/p1p2pRp/1pp1bk2/8/1r6/2N2K2/8/4R3 w - - 2 32	f3f2	c3a2	-	-
game		4r3/p1p2pRp/1pp1bk2/8/1r6/2N2K2/8/4R3 w - - 2 32	f3f2		-	-
game		4r3/p1p2pRp/1pp1bk2/8/1r6/2N2K2/8/4R3 w - - 2 32	f3g2	c3a2	-	-
game		4r3/p1p2pRp/1pp1bk2/8/1r6/2N2K2/8/4R3 w - - 2 32	f3g2		-	-
game		4r3/p1p2pRp/1pp1bk2/8/1r6/2N2K2/8/4R3 w - - 2 32	f3g3	c3a2	-	-
game		4r3/p1p2pRp/1pp1bk2/8/1r6/2N2K2/8/4R3 w - - 2 32	f3g3		-	-
game		4r3/p1p2pRp/1pp1bk2/8/1r6/2N2K2/8/4R3 w - - 2 32	g7f7	c3a2	capture	capturing their pawn on f7
game		4r3/p1p2pRp/1pp1bk2/8/1r6/2N2K2/8/4R3 w - - 2 32	g7f7		capture	capturing your pawn on f7
game		4r3/p1p2pRp/1pp1bk2/8/1r6/2N2K2/8/4R3 w - - 2 32	g7g1	c3a2	escape	moving your rook off g7 where it was attacked
game		4r3/p1p2pRp/1pp1bk2/8/1r6/2N2K2/8/4R3 w - - 2 32	g7g1		escape	moving your rook off g7 where it was attacked
game		4r3/p1p2pRp/1pp1bk2/8/1r6/2N2K2/8/4R3 w - - 2 32	g7g2	c3a2	escape	moving your rook off g7 where it was attacked
game		4r3/p1p2pRp/1pp1bk2/8/1r6/2N2K2/8/4R3 w - - 2 32	g7g2		escape	moving your rook off g7 where it was attacked
game		4r3/p1p2pRp/1pp1bk2/8/1r6/2N2K2/8/4R3 w - - 2 32	g7g3	c3a2	escape	moving your rook off g7 where it was attacked
game		4r3/p1p2pRp/1pp1bk2/8/1r6/2N2K2/8/4R3 w - - 2 32	g7g3		escape	moving your rook off g7 where it was attacked
game		4r3/p1p2pRp/1pp1bk2/8/1r6/2N2K2/8/4R3 w - - 2 32	g7g4	c3a2	attack	attacking their undefended rook on b4
game		4r3/p1p2pRp/1pp1bk2/8/1r6/2N2K2/8/4R3 w - - 2 32	g7g4		attack	attacking your undefended rook on b4
game		4r3/p1p2pRp/1pp1bk2/8/1r6/2N2K2/8/4R3 w - - 2 32	g7g5	c3a2	open_file	moving your rook to g5 on the open g-file
game		4r3/p1p2pRp/1pp1bk2/8/1r6/2N2K2/8/4R3 w - - 2 32	g7g5		open_file	moving your rook to g5 on the open g-file
game		4r3/p1p2pRp/1pp1bk2/8/1r6/2N2K2/8/4R3 w - - 2 32	g7g6	c3a2	check	giving check
game		4r3/p1p2pRp/1pp1bk2/8/1r6/2N2K2/8/4R3 w - - 2 32	g7g6		check	giving check
game		4r3/p1p2pRp/1pp1bk2/8/1r6/2N2K2/8/4R3 w - - 2 32	g7g8	c3a2	attack	attacking their undefended rook on e8
game		4r3/p1p2pRp/1pp1bk2/8/1r6/2N2K2/8/4R3 w - - 2 32	g7g8		attack	attacking your undefended rook on e8
game		4r3/p1p2pRp/1pp1bk2/8/1r6/2N2K2/8/4R3 w - - 2 32	g7h7	c3a2	capture	capturing their pawn on h7
game		4r3/p1p2pRp/1pp1bk2/8/1r6/2N2K2/8/4R3 w - - 2 32	g7h7		capture	capturing your pawn on h7
game		4r3/p1p2p1R/1pp2k2/8/1r4b1/2N2K2/8/4R3 w - - 1 33	f3f2	f3g2	escape	moving your king off f3 where it was attacked
game		4r3/p1p2p1R/1pp2k2/8/1r4b1/2N2K2/8/4R3 w - - 1 33	f3f2		escape	moving your king off f3 where it was attacked
game		4r3/p1p2p1R/1pp2k2/8/1r4b1/2N2K2/8/4R3 w - - 1 33	f3g2	f3f2	escape	moving your king off f3 where it was attacked
game		4r3/p1p2p1R/1pp2k2/8/1r4b1/2N2K2/8/4R3 w - - 1 33	f3g2		escape	moving your king off f3 where it was attacked
game		4r3/p1p2p1R/1pp2k2/8/1r4b1/2N2K2/8/4R3 w - - 1 33	f3g3	f3f2	attack	attacking their bishop on g4
game		4r3/p1p2p1R/1pp2k2/8/1r4b1/2N2K2/8/4R3 w - - 1 33	f3g3		attack	attacking your bishop on g4
game		4r3/p1p2p1R/1pp2k2/8/5rb1/2N5/5K2/4R3 w - - 3 34	f2g1	f2g2	escape	moving your king off f2 where it was attacked
game		4r3/p1p2p1R/1pp2k2/8/5rb1/2N5/5K2/4R3 w - - 3 34	f2g1		escape	moving your king off f2 where it was attacked
game		4r3/p1p2p1R/1pp2k2/8/5rb1/2N5/5K2/4R3 w - - 3 34	f2g2	f2g1	escape	moving your king off f2 where it was attacked
game		4r3/p1p2p1R/1pp2k2/8/5rb1/2N5/5K2/4R3 w - - 3 34	f2g2		escape	moving your king off f2 where it was attacked
game		4r3/p1p2p1R/1pp2k2/8/5rb1/2N5/5K2/4R3 w - - 3 34	f2g3	f2g1	fork	hitting their rook on f4 and their bishop on g4
game		4r3/p1p2p1R/1pp2k2/8/5rb1/2N5/5K2/4R3 w - - 3 34	f2g3		fork	hitting your rook on f4 and your bishop on g4
game		8/p1p2p1R/1pp2k2/8/5rb1/2N3K1/8/4r3 w - - 0 35	c3a2	c3a4	-	-
game		8/p1p2p1R/1pp2k2/8/5rb1/2N3K1/8/4r3 w - - 0 35	c3a2		-	-
game		8/p1p2p1R/1pp2k2/8/5rb1/2N3K1/8/4r3 w - - 0 35	c3a4	c3a2	-	-
game		8/p1p2p1R/1pp2k2/8/5rb1/2N3K1/8/4r3 w - - 0 35	c3a4		-	-
game		8/p1p2p1R/1pp2k2/8/5rb1/2N3K1/8/4r3 w - - 0 35	c3b1	c3a2	-	-
game		8/p1p2p1R/1pp2k2/8/5rb1/2N3K1/8/4r3 w - - 0 35	c3b1		-	-
game		8/p1p2p1R/1pp2k2/8/5rb1/2N3K1/8/4r3 w - - 0 35	c3b5	c3a2	-	-
game		8/p1p2p1R/1pp2k2/8/5rb1/2N3K1/8/4r3 w - - 0 35	c3b5		-	-
game		8/p1p2p1R/1pp2k2/8/5rb1/2N3K1/8/4r3 w - - 0 35	c3d1	c3a2	-	-
game		8/p1p2p1R/1pp2k2/8/5rb1/2N3K1/8/4r3 w - - 0 35	c3d1		-	-
game		8/p1p2p1R/1pp2k2/8/5rb1/2N3K1/8/4r3 w - - 0 35	c3d5	c3a2	attack	giving check and attacking their undefended rook on f4
game		8/p1p2p1R/1pp2k2/8/5rb1/2N3K1/8/4r3 w - - 0 35	c3d5		attack	giving check and attacking your undefended rook on f4
game		8/p1p2p1R/1pp2k2/8/5rb1/2N3K1/8/4r3 w - - 0 35	c3e2	c3a2	attack	attacking their undefended rook on f4
game		8/p1p2p1R/1pp2k2/8/5rb1/2N3K1/8/4r3 w - - 0 35	c3e2		attack	attacking your undefended rook on f4
game		8/p1p2p1R/1pp2k2/8/5rb1/2N3K1/8/4r3 w - - 0 35	c3e4	c3a2	check	giving check
game		8/p1p2p1R/1pp2k2/8/5rb1/2N3K1/8/4r3 w - - 0 35	c3e4		check	giving check
game		8/p1p2p1R/1pp2k2/8/5rb1/2N3K1/8/4r3 w - - 0 35	g3f4	c3a2	capture	capturing their rook on f4
game		8/p1p2p1R/1pp2k2/8/5rb1/2N3K1/8/4r3 w - - 0 35	g3f4		capture	capturing your rook on f4
game		8/p1p2p1R/1pp2k2/8/5rb1/2N3K1/8/4r3 w - - 0 35	g3g2	c3a2	-	-
game		8/p1p2p1R/1pp2k2/8/5rb1/2N3K1/8/4r3 w - - 0 35	g3g2		-	-
game		8/p1p2p1R/1pp2k2/8/5rb1/2N3K1/8/4r3 w - - 0 35	g3h2	c3a2	-	-
game		8/p1p2p1R/1pp2k2/8/5rb1/2N3K1/8/4r3 w - - 0 35	g3h2		-	-
game		8/p1p2p1R/1pp2k2/8/5rb1/2N3K1/8/4r3 w - - 0 35	g3h4	c3a2	attack	attacking their bishop on g4
game		8/p1p2p1R/1pp2k2/8/5rb1/2N3K1/8/4r3 w - - 0 35	g3h4		attack	attacking your bishop on g4
game		8/p1p2p1R/1pp2k2/8/5rb1/2N3K1/8/4r3 w - - 0 35	h7f7	c3a2	capture	capturing their pawn on f7
game		8/p1p2p1R/1pp2k2/8/5rb1/2N3K1/8/4r3 w - - 0 35	h7f7		capture	capturing your pawn on f7
game		8/p1p2p1R/1pp2k2/8/5rb1/2N3K1/8/4r3 w - - 0 35	h7g7	c3a2	attack	attacking their bishop on g4
game		8/p1p2p1R/1pp2k2/8/5rb1/2N3K1/8/4r3 w - - 0 35	h7g7		attack	attacking your bishop on g4
game		8/p1p2p1R/1pp2k2/8/5rb1/2N3K1/8/4r3 w - - 0 35	h7h1	c3a2	attack	attacking their undefended rook on e1
game		8/p1p2p1R/1pp2k2/8/5rb1/2N3K1/8/4r3 w - - 0 35	h7h1		attack	attacking your undefended rook on e1
game		8/p1p2p1R/1pp2k2/8/5rb1/2N3K1/8/4r3 w - - 0 35	h7h2	c3a2	open_file	moving your rook to h2 on the open h-file
game		8/p1p2p1R/1pp2k2/8/5rb1/2N3K1/8/4r3 w - - 0 35	h7h2		open_file	moving your rook to h2 on the open h-file
game		8/p1p2p1R/1pp2k2/8/5rb1/2N3K1/8/4r3 w - - 0 35	h7h3	c3a2	open_file	moving your rook to h3 on the open h-file
game		8/p1p2p1R/1pp2k2/8/5rb1/2N3K1/8/4r3 w - - 0 35	h7h3		open_file	moving your rook to h3 on the open h-file
game		8/p1p2p1R/1pp2k2/8/5rb1/2N3K1/8/4r3 w - - 0 35	h7h4	c3a2	attack	attacking their bishop on g4
game		8/p1p2p1R/1pp2k2/8/5rb1/2N3K1/8/4r3 w - - 0 35	h7h4		attack	attacking your bishop on g4
game		8/p1p2p1R/1pp2k2/8/5rb1/2N3K1/8/4r3 w - - 0 35	h7h5	c3a2	open_file	moving your rook to h5 on the open h-file
game		8/p1p2p1R/1pp2k2/8/5rb1/2N3K1/8/4r3 w - - 0 35	h7h5		open_file	moving your rook to h5 on the open h-file
game		8/p1p2p1R/1pp2k2/8/5rb1/2N3K1/8/4r3 w - - 0 35	h7h6	c3a2	check	giving check
game		8/p1p2p1R/1pp2k2/8/5rb1/2N3K1/8/4r3 w - - 0 35	h7h6		check	giving check
game		8/p1p2p1R/1pp2k2/8/5rb1/2N3K1/8/4r3 w - - 0 35	h7h8	c3a2	open_file	moving your rook to h8 on the open h-file
game		8/p1p2p1R/1pp2k2/8/5rb1/2N3K1/8/4r3 w - - 0 35	h7h8		open_file	moving your rook to h8 on the open h-file
game		8/p1p2p1R/1pp3k1/8/5Kb1/2N5/8/4r3 w - - 1 36	c3a2	c3a4	-	-
game		8/p1p2p1R/1pp3k1/8/5Kb1/2N5/8/4r3 w - - 1 36	c3a2		-	-
game		8/p1p2p1R/1pp3k1/8/5Kb1/2N5/8/4r3 w - - 1 36	c3a4	c3a2	-	-
game		8/p1p2p1R/1pp3k1/8/5Kb1/2N5/8/4r3 w - - 1 36	c3a4		-	-
game		8/p1p2p1R/1pp3k1/8/5Kb1/2N5/8/4r3 w - - 1 36	c3b1	c3a2	-	-
game		8/p1p2p1R/1pp3k1/8/5Kb1/2N5/8/4r3 w - - 1 36	c3b1		-	-
game		8/p1p2p1R/1pp3k1/8/5Kb1/2N5/8/4r3 w - - 1 36	c3b5	c3a2	-	-
game		8/p1p2p1R/1pp3k1/8/5Kb1/2N5/8/4r3 w - - 1 36	c3b5		-	-
game		8/p1p2p1R/1pp3k1/8/5Kb1/2N5/8/4r3 w - - 1 36	c3d1	c3a2	-	-
game		8/p1p2p1R/1pp3k1/8/5Kb1/2N5/8/4r3 w - - 1 36	c3d1		-	-
game		8/p1p2p1R/1pp3k1/8/5Kb1/2N5/8/4r3 w - - 1 36	c3d5	c3a2	-	-
game		8/p1p2p1R/1pp3k1/8/5Kb1/2N5/8/4r3 w - - 1 36	c3d5		-	-
game		8/p1p2p1R/1pp3k1/8/5Kb1/2N5/8/4r3 w - - 1 36	c3e2	c3a2	-	-
game		8/p1p2p1R/1pp3k1/8/5Kb1/2N5/8/4r3 w - - 1 36	c3e2		-	-
game		8/p1p2p1R/1pp3k1/8/5Kb1/2N5/8/4r3 w - - 1 36	c3e4	c3a2	-	-
game		8/p1p2p1R/1pp3k1/8/5Kb1/2N5/8/4r3 w - - 1 36	c3e4		-	-
game		8/p1p2p1R/1pp3k1/8/5Kb1/2N5/8/4r3 w - - 1 36	f4g3	c3a2	attack	attacking their undefended bishop on g4
game		8/p1p2p1R/1pp3k1/8/5Kb1/2N5/8/4r3 w - - 1 36	f4g3		attack	attacking your undefended bishop on g4
game		8/p1p2p1R/1pp3k1/8/5Kb1/2N5/8/4r3 w - - 1 36	f4g4	c3a2	capture	capturing their bishop on g4
game		8/p1p2p1R/1pp3k1/8/5Kb1/2N5/8/4r3 w - - 1 36	f4g4		capture	capturing your bishop on g4
game		8/p1p2p1R/1pp3k1/8/5Kb1/2N5/8/4r3 w - - 1 36	h7f7	c3a2	capture	capturing their pawn on f7
game		8/p1p2p1R/1pp3k1/8/5Kb1/2N5/8/4r3 w - - 1 36	h7f7		capture	capturing your pawn on f7
game		8/p1p2p1R/1pp3k1/8/5Kb1/2N5/8/4r3 w - - 1 36	h7g7	c3a2	check	giving check
game		8/p1p2p1R/1pp3k1/8/5Kb1/2N5/8/4r3 w - - 1 36	h7g7		check	giving check
game		8/p1p2p1R/1pp3k1/8/5Kb1/2N5/8/4r3 w - - 1 36	h7h1	c3a2	attack	attacking their undefended rook on e1
game		8/p1p2p1R/1pp3k1/8/5Kb1/2N5/8/4r3 w - - 1 36	h7h1		attack	attacking your undefended rook on e1
game		8/p1p2p1R/1pp3k1/8/5Kb1/2N5/8/4r3 w - - 1 36	h7h2	c3a2	escape	moving your rook off h7 where it was attacked
game		8/p1p2p1R/1pp3k1/8/5Kb1/2N5/8/4r3 w - - 1 36	h7h2		escape	moving your rook off h7 where it was attacked
game		8/p1p2p1R/1pp3k1/8/5Kb1/2N5/8/4r3 w - - 1 36	h7h3	c3a2	open_file	moving your rook to h3 on the open h-file
game		8/p1p2p1R/1pp3k1/8/5Kb1/2N5/8/4r3 w - - 1 36	h7h3		open_file	moving your rook to h3 on the open h-file
game		8/p1p2p1R/1pp3k1/8/5Kb1/2N5/8/4r3 w - - 1 36	h7h4	c3a2	attack	attacking their undefended bishop on g4
game		8/p1p2p1R/1pp3k1/8/5Kb1/2N5/8/4r3 w - - 1 36	h7h4		attack	attacking your undefended bishop on g4
game		8/p1p2p1R/1pp3k1/8/5Kb1/2N5/8/4r3 w - - 1 36	h7h5	c3a2	open_file	moving your rook to h5 on the open h-file
game		8/p1p2p1R/1pp3k1/8/5Kb1/2N5/8/4r3 w - - 1 36	h7h5		open_file	moving your rook to h5 on the open h-file
game		8/p1p2p1R/1pp3k1/8/5Kb1/2N5/8/4r3 w - - 1 36	h7h6	c3a2	check	giving check
game		8/p1p2p1R/1pp3k1/8/5Kb1/2N5/8/4r3 w - - 1 36	h7h6		check	giving check
game		8/p1p2p1R/1pp3k1/8/5Kb1/2N5/8/4r3 w - - 1 36	h7h8	c3a2	escape	moving your rook off h7 where it was attacked
game		8/p1p2p1R/1pp3k1/8/5Kb1/2N5/8/4r3 w - - 1 36	h7h8		escape	moving your rook off h7 where it was attacked
game		7R/p1p5/1pp3k1/5p2/5Kb1/2N5/8/4r3 w - - 0 37	c3a2	c3a4	-	-
game		7R/p1p5/1pp3k1/5p2/5Kb1/2N5/8/4r3 w - - 0 37	c3a2		-	-
game		7R/p1p5/1pp3k1/5p2/5Kb1/2N5/8/4r3 w - - 0 37	c3a4	c3a2	-	-
game		7R/p1p5/1pp3k1/5p2/5Kb1/2N5/8/4r3 w - - 0 37	c3a4		-	-
game		7R/p1p5/1pp3k1/5p2/5Kb1/2N5/8/4r3 w - - 0 37	c3b1	c3a2	-	-
game		7R/p1p5/1pp3k1/5p2/5Kb1/2N5/8/4r3 w - - 0 37	c3b1		-	-
game		7R/p1p5/1pp3k1/5p2/5Kb1/2N5/8/4r3 w - - 0 37	c3b5	c3a2	-	-
game		7R/p1p5/1pp3k1/5p2/5Kb1/2N5/8/4r3 w - - 0 37	c3b5		-	-
game		7R/p1p5/1pp3k1/5p2/5Kb1/2N5/8/4r3 w - - 0 37	c3d1	c3a2	-	-
game		7R/p1p5/1pp3k1/5p2/5Kb1/2N5/8/4r3 w - - 0 37	c3d1		-	-
game		7R/p1p5/1pp3k1/5p2/5Kb1/2N5/8/4r3 w - - 0 37	c3d5	c3a2	-	-
game		7R/p1p5/1pp3k1/5p2/5Kb1/2N5/8/4r3 w - - 0 37	c3d5		-	-
game		7R/p1p5/1pp3k1/5p2/5Kb1/2N5/8/4r3 w - - 0 37	c3e2	c3a2	-	-
game		7R/p1p5/1pp3k1/5p2/5Kb1/2N5/8/4r3 w - - 0 37	c3e2		-	-
game		7R/p1p5/1pp3k1/5p2/5Kb1/2N5/8/4r3 w - - 0 37	c3e4	c3a2	-	-
game		7R/p1p5/1pp3k1/5p2/5Kb1/2N5/8/4r3 w - - 0 37	c3e4		-	-
game		7R/p1p5/1pp3k1/5p2/5Kb1/2N5/8/4r3 w - - 0 37	f4g3	c3a2	attack	attacking their bishop on g4
game		7R/p1p5/1pp3k1/5p2/5Kb1/2N5/8/4r3 w - - 0 37	f4g3		attack	attacking your bishop on g4
game		7R/p1p5/1pp3k1/5p2/5Kb1/2N5/8/4r3 w - - 0 37	h8a8	c3a2	open_file	moving your rook to a8 on the half-open a-file
game		7R/p1p5/1pp3k1/5p2/5Kb1/2N5/8/4r3 w - - 0 37	h8a8		open_file	moving your rook to a8 on the half-open a-file
game		7R/p1p5/1pp3k1/5p2/5Kb1/2N5/8/4r3 w - - 0 37	h8b8	c3a2	open_file	moving your rook to b8 on the half-open b-file
game		7R/p1p5/1pp3k1/5p2/5Kb1/2N5/8/4r3 w - - 0 37	h8b8		open_file	moving your rook to b8 on the half-open b-file
game		7R/p1p5/1pp3k1/5p2/5Kb1/2N5/8/4r3 w - - 0 37	h8c8	c3a2	open_file	moving your rook to c8 on the half-open c-file
game		7R/p1p5/1pp3k1/5p2/5Kb1/2N5/8/4r3 w - - 0 37	h8c8		open_file	moving your rook to c8 on the half-open c-file
game		7R/p1p5/1pp3k1/5p2/5Kb1/2N5/8/4r3 w - - 0 37	h8d8	c3a2	open_file	moving your rook to d8 on the open d-file
game		7R/p1p5/1pp3k1/5p2/5Kb1/2N5/8/4r3 w - - 0 37	h8d8		open_file	moving your rook to d8 on the open d-file
game		7R/p1p5/1pp3k1/5p2/5Kb1/2N5/8/4r3 w - - 0 37	h8e8	c3a2	attack	attacking their undefended rook on e1
game		7R/p1p5/1pp3k1/5p2/5Kb1/2N5/8/4r3 w - - 0 37	h8e8		attack	attacking your undefended rook on e1
game		7R/p1p5/1pp3k1/5p2/5Kb1/2N5/8/4r3 w - - 0 37	h8f8	c3a2	open_file	moving your rook to f8 on the half-open f-file
game		7R/p1p5/1pp3k1/5p2/5Kb1/2N5/8/4r3 w - - 0 37	h8f8		open_file	moving your rook to f8 on the half-open f-file
game		7R/p1p5/1pp3k1/5p2/5Kb1/2N5/8/4r3 w - - 0 37	h8g8	c3a2	check	giving check
game		7R/p1p5/1pp3k1/5p2/5Kb1/2N5/8/4r3 w - - 0 37	h8g8		check	giving check
game		7R/p1p5/1pp3k1/5p2/5Kb1/2N5/8/4r3 w - - 0 37	h8h1	c3a2	attack	attacking their undefended rook on e1
game		7R/p1p5/1pp3k1/5p2/5Kb1/2N5/8/4r3 w - - 0 37	h8h1		attack	attacking your undefended rook on e1
game		7R/p1p5/1pp3k1/5p2/5Kb1/2N5/8/4r3 w - - 0 37	h8h2	c3a2	open_file	moving your rook to h2 on the open h-file
game		7R/p1p5/1pp3k1/5p2/5Kb1/2N5/8/4r3 w - - 0 37	h8h2		open_file	moving your rook to h2 on the open h-file
game		7R/p1p5/1pp3k1/5p2/5Kb1/2N5/8/4r3 w - - 0 37	h8h3	c3a2	open_file	moving your rook to h3 on the open h-file
game		7R/p1p5/1pp3k1/5p2/5Kb1/2N5/8/4r3 w - - 0 37	h8h3		open_file	moving your rook to h3 on the open h-file
game		7R/p1p5/1pp3k1/5p2/5Kb1/2N5/8/4r3 w - - 0 37	h8h4	c3a2	attack	attacking their bishop on g4
game		7R/p1p5/1pp3k1/5p2/5Kb1/2N5/8/4r3 w - - 0 37	h8h4		attack	attacking your bishop on g4
game		7R/p1p5/1pp3k1/5p2/5Kb1/2N5/8/4r3 w - - 0 37	h8h5	c3a2	open_file	moving your rook to h5 on the open h-file
game		7R/p1p5/1pp3k1/5p2/5Kb1/2N5/8/4r3 w - - 0 37	h8h5		open_file	moving your rook to h5 on the open h-file
game		7R/p1p5/1pp3k1/5p2/5Kb1/2N5/8/4r3 w - - 0 37	h8h6	c3a2	check	giving check
game		7R/p1p5/1pp3k1/5p2/5Kb1/2N5/8/4r3 w - - 0 37	h8h6		check	giving check
game		7R/p1p5/1pp3k1/5p2/5Kb1/2N5/8/4r3 w - - 0 37	h8h7	c3a2	open_file	moving your rook to h7 on the open h-file
game		7R/p1p5/1pp3k1/5p2/5Kb1/2N5/8/4r3 w - - 0 37	h8h7		open_file	moving your rook to h7 on the open h-file
game		5R2/p1p5/1pp3k1/5p2/5Kb1/2N5/8/5r2 w - - 2 38	f4e3	f4e5	escape	moving your king off f4 where it was attacked
game		5R2/p1p5/1pp3k1/5p2/5Kb1/2N5/8/5r2 w - - 2 38	f4e3		escape	moving your king off f4 where it was attacked
game		5R2/p1p5/1pp3k1/5p2/5Kb1/2N5/8/5r2 w - - 2 38	f4e5	f4e3	escape	moving your king off f4 where it was attacked
game		5R2/p1p5/1pp3k1/5p2/5Kb1/2N5/8/5r2 w - - 2 38	f4e5		escape	moving your king off f4 where it was attacked
game		5R2/p1p5/1pp3k1/5p2/5Kb1/2N5/8/5r2 w - - 2 38	f4g3	f4e3	attack	attacking their bishop on g4
game		5R2/p1p5/1pp3k1/5p2/5Kb1/2N5/8/5r2 w - - 2 38	f4g3		attack	attacking your bishop on g4
game		5R2/p1p5/1pp3k1/4Kp2/6b1/2N5/8/4r3 w - - 4 39	c3e2	c3e4	-	-
game		5R2/p1p5/1pp3k1/4Kp2/6b1/2N5/8/4r3 w - - 4 39	c3e2		-	-
game		5R2/p1p5/1pp3k1/4Kp2/6b1/2N5/8/4r3 w - - 4 39	c3e4	c3e2	-	-
game		5R2/p1p5/1pp3k1/4Kp2/6b1/2N5/8/4r3 w - - 4 39	c3e4		-	-
game		5R2/p1p5/1pp3k1/4Kp2/6b1/2N5/8/4r3 w - - 4 39	e5d4	c3e2	escape	moving your king off e5 where it was attacked
game		5R2/p1p5/1pp3k1/4Kp2/6b1/2N5/8/4r3 w - - 4 39	e5d4		escape	moving your king off e5 where it was attacked
game		5R2/p1p5/1pp3k1/4Kp2/6b1/2N5/8/4r3 w - - 4 39	e5f4	c3e2	attack	attacking their bishop on g4
game		5R2/p1p5/1pp3k1/4Kp2/6b1/2N5/8/4r3 w - - 4 39	e5f4		attack	attacking your bishop on g4
positions		rnbqkbnr/pppppppp/8/8/4P3/8/PPPP1PPP/RNBQKBNR b KQkq e3 0 1	a7a5	a7a6	-	-
positions		rnbqkbnr/pppppppp/8/8/4P3/8/PPPP1PPP/RNBQKBNR b KQkq e3 0 1	a7a5		-	-
positions		rnbqkbnr/pppppppp/8/8/4P3/8/PPPP1PPP/RNBQKBNR b KQkq e3 0 1	a7a6	a7a5	-	-
positions		rnbqkbnr/pppppppp/8/8/4P3/8/PPPP1PPP/RNBQKBNR b KQkq e3 0 1	a7a6		-	-
positions		rnbqkbnr/pppppppp/8/8/4P3/8/PPPP1PPP/RNBQKBNR b KQkq e3 0 1	b7b5	a7a5	-	-
positions		rnbqkbnr/pppppppp/8/8/4P3/8/PPPP1PPP/RNBQKBNR b KQkq e3 0 1	b7b5		-	-
positions		rnbqkbnr/pppppppp/8/8/4P3/8/PPPP1PPP/RNBQKBNR b KQkq e3 0 1	b7b6	a7a5	-	-
positions		rnbqkbnr/pppppppp/8/8/4P3/8/PPPP1PPP/RNBQKBNR b KQkq e3 0 1	b7b6		-	-
positions		rnbqkbnr/pppppppp/8/8/4P3/8/PPPP1PPP/RNBQKBNR b KQkq e3 0 1	b8a6	a7a5	development	developing your knight from b8 to a6 — 3 more minor pieces still sit on their starting squares
positions		rnbqkbnr/pppppppp/8/8/4P3/8/PPPP1PPP/RNBQKBNR b KQkq e3 0 1	b8a6		development	developing your knight from b8 to a6 — 3 more minor pieces still sit on their starting squares
positions		rnbqkbnr/pppppppp/8/8/4P3/8/PPPP1PPP/RNBQKBNR b KQkq e3 0 1	b8c6	a7a5	mobility	moving your knight from b8 to c6, where it covers 5 squares instead of 2
positions		rnbqkbnr/pppppppp/8/8/4P3/8/PPPP1PPP/RNBQKBNR b KQkq e3 0 1	b8c6		mobility	moving your knight from b8 to c6, where it covers 5 squares instead of 2
positions		rnbqkbnr/pppppppp/8/8/4P3/8/PPPP1PPP/RNBQKBNR b KQkq e3 0 1	c7c5	a7a5	-	-
positions		rnbqkbnr/pppppppp/8/8/4P3/8/PPPP1PPP/RNBQKBNR b KQkq e3 0 1	c7c5		-	-
positions		rnbqkbnr/pppppppp/8/8/4P3/8/PPPP1PPP/RNBQKBNR b KQkq e3 0 1	c7c6	a7a5	centre_control	adding an attacker to d5 (yours 1 to their 1) in the centre
positions		rnbqkbnr/pppppppp/8/8/4P3/8/PPPP1PPP/RNBQKBNR b KQkq e3 0 1	c7c6		centre_control	adding an attacker to d5 (yours 1 to their 1) in the centre
positions		rnbqkbnr/pppppppp/8/8/4P3/8/PPPP1PPP/RNBQKBNR b KQkq e3 0 1	d7d5	a7a5	centre_control	putting a pawn on d5, one of the four centre squares
positions		rnbqkbnr/pppppppp/8/8/4P3/8/PPPP1PPP/RNBQKBNR b KQkq e3 0 1	d7d5		centre_control	putting a pawn on d5, one of the four centre squares
positions		rnbqkbnr/pppppppp/8/8/4P3/8/PPPP1PPP/RNBQKBNR b KQkq e3 0 1	d7d6	a7a5	-	-
positions		rnbqkbnr/pppppppp/8/8/4P3/8/PPPP1PPP/RNBQKBNR b KQkq e3 0 1	d7d6		-	-
positions		rnbqkbnr/pppppppp/8/8/4P3/8/PPPP1PPP/RNBQKBNR b KQkq e3 0 1	e7e5	a7a5	centre_control	putting a pawn on e5, one of the four centre squares
positions		rnbqkbnr/pppppppp/8/8/4P3/8/PPPP1PPP/RNBQKBNR b KQkq e3 0 1	e7e5		centre_control	putting a pawn on e5, one of the four centre squares
positions		rnbqkbnr/pppppppp/8/8/4P3/8/PPPP1PPP/RNBQKBNR b KQkq e3 0 1	e7e6	a7a5	centre_control	adding an attacker to d5 (yours 1 to their 1) in the centre
positions		rnbqkbnr/pppppppp/8/8/4P3/8/PPPP1PPP/RNBQKBNR b KQkq e3 0 1	e7e6		centre_control	adding an attacker to d5 (yours 1 to their 1) in the centre
positions		rnbqkbnr/pppppppp/8/8/4P3/8/PPPP1PPP/RNBQKBNR b KQkq e3 0 1	f7f5	a7a5	centre_control	taking control of e4 (yours 1 to their 0) in the centre
positions		rnbqkbnr/pppppppp/8/8/4P3/8/PPPP1PPP/RNBQKBNR b KQkq e3 0 1	f7f5		centre_control	taking control of e4 (yours 1 to their 0) in the centre
positions		rnbqkbnr/pppppppp/8/8/4P3/8/PPPP1PPP/RNBQKBNR b KQkq e3 0 1	f7f6	a7a5	-	-
positions		rnbqkbnr/pppppppp/8/8/4P3/8/PPPP1PPP/RNBQKBNR b KQkq e3 0 1	f7f6		-	-
positions		rnbqkbnr/pppppppp/8/8/4P3/8/PPPP1PPP/RNBQKBNR b KQkq e3 0 1	g7g5	a7a5	-	-
positions		rnbqkbnr/pppppppp/8/8/4P3/8/PPPP1PPP/RNBQKBNR b KQkq e3 0 1	g7g5		-	-
positions		rnbqkbnr/pppppppp/8/8/4P3/8/PPPP1PPP/RNBQKBNR b KQkq e3 0 1	g7g6	a7a5	-	-
positions		rnbqkbnr/pppppppp/8/8/4P3/8/PPPP1PPP/RNBQKBNR b KQkq e3 0 1	g7g6		-	-
positions		rnbqkbnr/pppppppp/8/8/4P3/8/PPPP1PPP/RNBQKBNR b KQkq e3 0 1	g8f6	a7a5	mobility	moving your knight from g8 to f6, where it covers 5 squares instead of 2
positions		rnbqkbnr/pppppppp/8/8/4P3/8/PPPP1PPP/RNBQKBNR b KQkq e3 0 1	g8f6		mobility	moving your knight from g8 to f6, where it covers 5 squares instead of 2
positions		rnbqkbnr/pppppppp/8/8/4P3/8/PPPP1PPP/RNBQKBNR b KQkq e3 0 1	g8h6	a7a5	development	developing your knight from g8 to h6 — 3 more minor pieces still sit on their starting squares
positions		rnbqkbnr/pppppppp/8/8/4P3/8/PPPP1PPP/RNBQKBNR b KQkq e3 0 1	g8h6		development	developing your knight from g8 to h6 — 3 more minor pieces still sit on their starting squares
positions		rnbqkbnr/pppppppp/8/8/4P3/8/PPPP1PPP/RNBQKBNR b KQkq e3 0 1	h7h5	a7a5	-	-
positions		rnbqkbnr/pppppppp/8/8/4P3/8/PPPP1PPP/RNBQKBNR b KQkq e3 0 1	h7h5		-	-
positions		rnbqkbnr/pppppppp/8/8/4P3/8/PPPP1PPP/RNBQKBNR b KQkq e3 0 1	h7h6	a7a5	-	-
positions		rnbqkbnr/pppppppp/8/8/4P3/8/PPPP1PPP/RNBQKBNR b KQkq e3 0 1	h7h6		-	-
positions		r1bqkb1r/pppppppp/2n2n2/4p3/2B1P3/5N2/PPPP1PPP/RNBQK2R w KQkq - 4 4	a2a3	a2a4	-	-
positions		r1bqkb1r/pppppppp/2n2n2/4p3/2B1P3/5N2/PPPP1PPP/RNBQK2R w KQkq - 4 4	a2a3		-	-
positions		r1bqkb1r/pppppppp/2n2n2/4p3/2B1P3/5N2/PPPP1PPP/RNBQK2R w KQkq - 4 4	a2a4	a2a3	-	-
positions		r1bqkb1r/pppppppp/2n2n2/4p3/2B1P3/5N2/PPPP1PPP/RNBQK2R w KQkq - 4 4	a2a4		-	-
positions		r1bqkb1r/pppppppp/2n2n2/4p3/2B1P3/5N2/PPPP1PPP/RNBQK2R w KQkq - 4 4	b1a3	a2a3	development	developing your knight from b1 to a3 — one more minor piece still sits on its starting square
positions		r1bqkb1r/pppppppp/2n2n2/4p3/2B1P3/5N2/PPPP1PPP/RNBQK2R w KQkq - 4 4	b1a3		development	developing your knight from b1 to a3 — one more minor piece still sits on its starting square
positions		r1bqkb1r/pppppppp/2n2n2/4p3/2B1P3/5N2/PPPP1PPP/RNBQK2R w KQkq - 4 4	b1c3	a2a3	defend	defending your pawn on e4
positions		r1bqkb1r/pppppppp/2n2n2/4p3/2B1P3/5N2/PPPP1PPP/RNBQK2R w KQkq - 4 4	b1c3		defend	defending your pawn on e4
positions		r1bqkb1r/pppppppp/2n2n2/4p3/2B1P3/5N2/PPPP1PPP/RNBQK2R w KQkq - 4 4	b2b3	a2a3	-	-
positions		r1bqkb1r/pppppppp/2n2n2/4p3/2B1P3/5N2/PPPP1PPP/RNBQK2R w KQkq - 4 4	b2b3		-	-
positions		r1bqkb1r/pppppppp/2n2n2/4p3/2B1P3/5N2/PPPP1PPP/RNBQK2R w KQkq - 4 4	b2b4	a2a3	-	-
positions		r1bqkb1r/pppppppp/2n2n2/4p3/2B1P3/5N2/PPPP1PPP/RNBQK2R w KQkq - 4 4	b2b4		-	-
positions		r1bqkb1r/pppppppp/2n2n2/4p3/2B1P3/5N2/PPPP1PPP/RNBQK2R w KQkq - 4 4	c2c3	a2a3	centre_control	adding an attacker to d4 (yours 2 to their 2) in the centre
positions		r1bqkb1r/pppppppp/2n2n2/4p3/2B1P3/5N2/PPPP1PPP/RNBQK2R w KQkq - 4 4	c2c3		centre_control	adding an attacker to d4 (yours 2 to their 2) in the centre
positions		r1bqkb1r/pppppppp/2n2n2/4p3/2B1P3/5N2/PPPP1PPP/RNBQK2R w KQkq - 4 4	c4a6	a2a3	-	-
positions		r1bqkb1r/pppppppp/2n2n2/4p3/2B1P3/5N2/PPPP1PPP/RNBQK2R w KQkq - 4 4	c4a6		-	-
positions		r1bqkb1r/pppppppp/2n2n2/4p3/2B1P3/5N2/PPPP1PPP/RNBQK2R w KQkq - 4 4	c4b3	a2a3	-	-
positions		r1bqkb1r/pppppppp/2n2n2/4p3/2B1P3/5N2/PPPP1PPP/RNBQK2R w KQkq - 4 4	c4b3		-	-
positions		r1bqkb1r/pppppppp/2n2n2/4p3/2B1P3/5N2/PPPP1PPP/RNBQK2R w KQkq - 4 4	c4b5	a2a3	attack	attacking their knight on c6
positions		r1bqkb1r/pppppppp/2n2n2/4p3/2B1P3/5N2/PPPP1PPP/RNBQK2R w KQkq - 4 4	c4b5		attack	attacking your knight on c6
positions		r1bqkb1r/pppppppp/2n2n2/4p3/2B1P3/5N2/PPPP1PPP/RNBQK2R w KQkq - 4 4	c4d3	a2a3	defend	defending your pawn on e4
positions		r1bqkb1r/pppppppp/2n2n2/4p3/2B1P3/5N2/PPPP1PPP/RNBQK2R w KQkq - 4 4	c4d3		defend	defending your pawn on e4
positions		r1bqkb1r/pppppppp/2n2n2/4p3/2B1P3/5N2/PPPP1PPP/RNBQK2R w KQkq - 4 4	c4d5	a2a3	attack	attacking their knight on c6
positions		r1bqkb1r/pppppppp/2n2n2/4p3/2B1P3/5N2/PPPP1PPP/RNBQK2R w KQkq - 4 4	c4d5		attack	attacking your knight on c6
positions		r1bqkb1r/pppppppp/2n2n2/4p3/2B1P3/5N2/PPPP1PPP/RNBQK2R w KQkq - 4 4	c4e2	a2a3	-	-
positions		r1bqkb1r/pppppppp/2n2n2/4p3/2B1P3/5N2/PPPP1PPP/RNBQK2R w KQkq - 4 4	c4e2		-	-
positions		r1bqkb1r/pppppppp/2n2n2/4p3/2B1P3/5N2/PPPP1PPP/RNBQK2R w KQkq - 4 4	c4e6	a2a3	-	-
positions		r1bqkb1r/pppppppp/2n2n2/4p3/2B1P3/5N2/PPPP1PPP/RNBQK2R w KQkq - 4 4	c4e6		-	-
positions		r1bqkb1r/pppppppp/2n2n2/4p3/2B1P3/5N2/PPPP1PPP/RNBQK2R w KQkq - 4 4	c4f1	a2a3	-	-
positions		r1bqkb1r/pppppppp/2n2n2/4p3/2B1P3/5N2/PPPP1PPP/RNBQK2R w KQkq - 4 4	c4f1		-	-
positions		r1bqkb1r/pppppppp/2n2n2/4p3/2B1P3/5N2/PPPP1PPP/RNBQK2R w KQkq - 4 4	c4f7	a2a3	capture	capturing their pawn on f7
positions		r1bqkb1r/pppppppp/2n2n2/4p3/2B1P3/5N2/PPPP1PPP/RNBQK2R w KQkq - 4 4	c4f7		capture	capturing your pawn on f7
positions		r1bqkb1r/pppppppp/2n2n2/4p3/2B1P3/5N2/PPPP1PPP/RNBQK2R w KQkq - 4 4	d1e2	a2a3	defend	defending your pawn on e4
positions		r1bqkb1r/pppppppp/2n2n2/4p3/2B1P3/5N2/PPPP1PPP/RNBQK2R w KQkq - 4 4	d1e2		defend	defending your pawn on e4
positions		r1bqkb1r/pppppppp/2n2n2/4p3/2B1P3/5N2/PPPP1PPP/RNBQK2R w KQkq - 4 4	d2d3	a2a3	defend	defending your pawn on e4
positions		r1bqkb1r/pppppppp/2n2n2/4p3/2B1P3/5N2/PPPP1PPP/RNBQK2R w KQkq - 4 4	d2d3		defend	defending your pawn on e4
positions		r1bqkb1r/pppppppp/2n2n2/4p3/2B1P3/5N2/PPPP1PPP/RNBQK2R w KQkq - 4 4	d2d4	a2a3	centre_control	putting a pawn on d4, one of the four centre squares
positions		r1bqkb1r/pppppppp/2n2n2/4p3/2B1P3/5N2/PPPP1PPP/RNBQK2R w KQkq - 4 4	d2d4		centre_control	putting a pawn on d4, one of the four centre squares
positions		r1bqkb1r/pppppppp/2n2n2/4p3/2B1P3/5N2/PPPP1PPP/RNBQK2R w KQkq - 4 4	e1e2	a2a3	-	-
positions		r1bqkb1r/pppppppp/2n2n2/4p3/2B1P3/5N2/PPPP1PPP/RNBQK2R w KQkq - 4 4	e1e2		-	-
positions		r1bqkb1r/pppppppp/2n2n2/4p3/2B1P3/5N2/PPPP1PPP/RNBQK2R w KQkq - 4 4	e1f1	a2a3	-	-
positions		r1bqkb1r/pppppppp/2n2n2/4p3/2B1P3/5N2/PPPP1PPP/RNBQK2R w KQkq - 4 4	e1f1		-	-
positions		r1bqkb1r/pppppppp/2n2n2/4p3/2B1P3/5N2/PPPP1PPP/RNBQK2R w KQkq - 4 4	e1g1	a2a3	castle	castling short to tuck your king onto g1 and connect your rooks
positions		r1bqkb1r/pppppppp/2n2n2/4p3/2B1P3/5N2/PPPP1PPP/RNBQK2R w KQkq - 4 4	e1g1		castle	castling short to tuck your king onto g1 and connect your rooks
positions		r1bqkb1r/pppppppp/2n2n2/4p3/2B1P3/5N2/PPPP1PPP/RNBQK2R w KQkq - 4 4	f3d4	a2a3	attack	attacking their knight on c6
positions		r1bqkb1r/pppppppp/2n2n2/4p3/2B1P3/5N2/PPPP1PPP/RNBQK2R w KQkq - 4 4	f3d4		attack	attacking your knight on c6
positions		r1bqkb1r/pppppppp/2n2n2/4p3/2B1P3/5N2/PPPP1PPP/RNBQK2R w KQkq - 4 4	f3e5	a2a3	capture	capturing their pawn on e5
positions		r1bqkb1r/pppppppp/2n2n2/4p3/2B1P3/5N2/PPPP1PPP/RNBQK2R w KQkq - 4 4	f3e5		capture	capturing your pawn on e5
positions		r1bqkb1r/pppppppp/2n2n2/4p3/2B1P3/5N2/PPPP1PPP/RNBQK2R w KQkq - 4 4	f3g1	a2a3	-	-
positions		r1bqkb1r/pppppppp/2n2n2/4p3/2B1P3/5N2/PPPP1PPP/RNBQK2R w KQkq - 4 4	f3g1		-	-
positions		r1bqkb1r/pppppppp/2n2n2/4p3/2B1P3/5N2/PPPP1PPP/RNBQK2R w KQkq - 4 4	f3g5	a2a3	defend	defending your pawn on e4
positions		r1bqkb1r/pppppppp/2n2n2/4p3/2B1P3/5N2/PPPP1PPP/RNBQK2R w KQkq - 4 4	f3g5		defend	defending your pawn on e4
positions		r1bqkb1r/pppppppp/2n2n2/4p3/2B1P3/5N2/PPPP1PPP/RNBQK2R w KQkq - 4 4	f3h4	a2a3	-	-
positions		r1bqkb1r/pppppppp/2n2n2/4p3/2B1P3/5N2/PPPP1PPP/RNBQK2R w KQkq - 4 4	f3h4		-	-
positions		r1bqkb1r/pppppppp/2n2n2/4p3/2B1P3/5N2/PPPP1PPP/RNBQK2R w KQkq - 4 4	g2g3	a2a3	-	-
positions		r1bqkb1r/pppppppp/2n2n2/4p3/2B1P3/5N2/PPPP1PPP/RNBQK2R w KQkq - 4 4	g2g3		-	-
positions		r1bqkb1r/pppppppp/2n2n2/4p3/2B1P3/5N2/PPPP1PPP/RNBQK2R w KQkq - 4 4	g2g4	a2a3	-	-
positions		r1bqkb1r/pppppppp/2n2n2/4p3/2B1P3/5N2/PPPP1PPP/RNBQK2R w KQkq - 4 4	g2g4		-	-
positions		r1bqkb1r/pppppppp/2n2n2/4p3/2B1P3/5N2/PPPP1PPP/RNBQK2R w KQkq - 4 4	h1f1	a2a3	-	-
positions		r1bqkb1r/pppppppp/2n2n2/4p3/2B1P3/5N2/PPPP1PPP/RNBQK2R w KQkq - 4 4	h1f1		-	-
positions		r1bqkb1r/pppppppp/2n2n2/4p3/2B1P3/5N2/PPPP1PPP/RNBQK2R w KQkq - 4 4	h1g1	a2a3	-	-
positions		r1bqkb1r/pppppppp/2n2n2/4p3/2B1P3/5N2/PPPP1PPP/RNBQK2R w KQkq - 4 4	h1g1		-	-
positions		r1bqkb1r/pppppppp/2n2n2/4p3/2B1P3/5N2/PPPP1PPP/RNBQK2R w KQkq - 4 4	h2h3	a2a3	-	-
positions		r1bqkb1r/pppppppp/2n2n2/4p3/2B1P3/5N2/PPPP1PPP/RNBQK2R w KQkq - 4 4	h2h3		-	-
positions		r1bqkb1r/pppppppp/2n2n2/4p3/2B1P3/5N2/PPPP1PPP/RNBQK2R w KQkq - 4 4	h2h4	a2a3	-	-
positions		r1bqkb1r/pppppppp/2n2n2/4p3/2B1P3/5N2/PPPP1PPP/RNBQK2R w KQkq - 4 4	h2h4		-	-
positions		r1bqk2r/pppp1ppp/2n2n2/2b1p3/2B1P3/2NP1N2/PPP2PPP/R1BQK2R b KQkq - 0 5	a7a5	a7a6	-	-
positions		r1bqk2r/pppp1ppp/2n2n2/2b1p3/2B1P3/2NP1N2/PPP2PPP/R1BQK2R b KQkq - 0 5	a7a5		-	-
positions		r1bqk2r/pppp1ppp/2n2n2/2b1p3/2B1P3/2NP1N2/PPP2PPP/R1BQK2R b KQkq - 0 5	a7a6	a7a5	-	-
positions		r1bqk2r/pppp1ppp/2n2n2/2b1p3/2B1P3/2NP1N2/PPP2PPP/R1BQK2R b KQkq - 0 5	a7a6		-	-
positions		r1bqk2r/pppp1ppp/2n2n2/2b1p3/2B1P3/2NP1N2/PPP2PPP/R1BQK2R b KQkq - 0 5	a8b8	a7a5	-	-
positions		r1bqk2r/pppp1ppp/2n2n2/2b1p3/2B1P3/2NP1N2/PPP2PPP/R1BQK2R b KQkq - 0 5	a8b8		-	-
positions		r1bqk2r/pppp1ppp/2n2n2/2b1p3/2B1P3/2NP1N2/PPP2PPP/R1BQK2R b KQkq - 0 5	b7b5	a7a5	attack	attacking their bishop on c4
positions		r1bqk2r/pppp1ppp/2n2n2/2b1p3/2B1P3/2NP1N2/PPP2PPP/R1BQK2R b KQkq - 0 5	b7b5		attack	attacking your bishop on c4
positions		r1bqk2r/pppp1ppp/2n2n2/2b1p3/2B1P3/2NP1N2/PPP2PPP/R1BQK2R b KQkq - 0 5	b7b6	a7a5	-	-
positions		r1bqk2r/pppp1ppp/2n2n2/2b1p3/2B1P3/2NP1N2/PPP2PPP/R1BQK2R b KQkq - 0 5	b7b6		-	-
positions		r1bqk2r/pppp1ppp/2n2n2/2b1p3/2B1P3/2NP1N2/PPP2PPP/R1BQK2R b KQkq - 0 5	c5a3	a7a5	-	-
positions		r1bqk2r/pppp1ppp/2n2n2/2b1p3/2B1P3/2NP1N2/PPP2PPP/R1BQK2R b KQkq - 0 5	c5a3		-	-
positions		r1bqk2r/pppp1ppp/2n2n2/2b1p3/2B1P3/2NP1N2/PPP2PPP/R1BQK2R b KQkq - 0 5	c5b4	a7a5	attack	attacking their knight on c3
positions		r1bqk2r/pppp1ppp/2n2n2/2b1p3/2B1P3/2NP1N2/PPP2PPP/R1BQK2R b KQkq - 0 5	c5b4		attack	attacking your knight on c3
positions		r1bqk2r/pppp1ppp/2n2n2/2b1p3/2B1P3/2NP1N2/PPP2PPP/R1BQK2R b KQkq - 0 5	c5b6	a7a5	-	-
positions		r1bqk2r/pppp1ppp/2n2n2/2b1p3/2B1P3/2NP1N2/PPP2PPP/R1BQK2R b KQkq - 0 5	c5b6		-	-
positions		r1bqk2r/pppp1ppp/2n2n2/2b1p3/2B1P3/2NP1N2/PPP2PPP/R1BQK2R b KQkq - 0 5	c5d4	a7a5	attack	attacking their knight on c3
positions		r1bqk2r/pppp1ppp/2n2n2/2b1p3/2B1P3/2NP1N2/PPP2PPP/R1BQK2R b KQkq - 0 5	c5d4		attack	attacking your knight on c3
positions		r1bqk2r/pppp1ppp/2n2n2/2b1p3/2B1P3/2NP1N2/PPP2PPP/R1BQK2R b KQkq - 0 5	c5d6	a7a5	extra_defender	adding a defender to your pawn on e5
positions		r1bqk2r/pppp1ppp/2n2n2/2b1p3/2B1P3/2NP1N2/PPP2PPP/R1BQK2R b KQkq - 0 5	c5d6		extra_defender	adding a defender to your pawn on e5
positions		r1bqk2r/pppp1ppp/2n2n2/2b1p3/2B1P3/2NP1N2/PPP2PPP/R1BQK2R b KQkq - 0 5	c5e3	a7a5	attack	attacking their bishop on c1
positions		r1bqk2r/pppp1ppp/2n2n2/2b1p3/2B1P3/2NP1N2/PPP2PPP/R1BQK2R b KQkq - 0 5	c5e3		attack	attacking your bishop on c1
positions		r1bqk2r/pppp1ppp/2n2n2/2b1p3/2B1P3/2NP1N2/PPP2PPP/R1BQK2R b KQkq - 0 5	c5e7	a7a5	-	-
positions		r1bqk2r/pppp1ppp/2n2n2/2b1p3/2B1P3/2NP1N2/PPP2PPP/R1BQK2R b KQkq - 0 5	c5e7		-	-
positions		r1bqk2r/pppp1ppp/2n2n2/2b1p3/2B1P3/2NP1N2/PPP2PPP/R1BQK2R b KQkq - 0 5	c5f2	a7a5	capture	capturing their pawn on f2
positions		r1bqk2r/pppp1ppp/2n2n2/2b1p3/2B1P3/2NP1N2/PPP2PPP/R1BQK2R b KQkq - 0 5	c5f2		capture	capturing your pawn on f2
positions		r1bqk2r/pppp1ppp/2n2n2/2b1p3/2B1P3/2NP1N2/PPP2PPP/R1BQK2R b KQkq - 0 5	c5f8	a7a5	-	-
positions		r1bqk2r/pppp1ppp/2n2n2/2b1p3/2B1P3/2NP1N2/PPP2PPP/R1BQK2R b KQkq - 0 5	c5f8		-	-
positions		r1bqk2r/pppp1ppp/2n2n2/2b1p3/2B1P3/2NP1N2/PPP2PPP/R1BQK2R b KQkq - 0 5	c6a5	a7a5	attack	attacking their bishop on c4
positions		r1bqk2r/pppp1ppp/2n2n2/2b1p3/2B1P3/2NP1N2/PPP2PPP/R1BQK2R b KQkq - 0 5	c6a5		attack	attacking your bishop on c4
positions		r1bqk2r/pppp1ppp/2n2n2/2b1p3/2B1P3/2NP1N2/PPP2PPP/R1BQK2R b KQkq - 0 5	c6b4	a7a5	centre_control	adding an attacker to d5 (yours 2 to their 3) in the centre
positions		r1bqk2r/pppp1ppp/2n2n2/2b1p3/2B1P3/2NP1N2/PPP2PPP/R1BQK2R b KQkq - 0 5	c6b4		centre_control	adding an attacker to d5 (yours 2 to their 3) in the centre
positions		r1bqk2r/pppp1ppp/2n2n2/2b1p3/2B1P3/2NP1N2/PPP2PPP/R1BQK2R b KQkq - 0 5	c6b8	a7a5	-	-
positions		r1bqk2r/pppp1ppp/2n2n2/2b1p3/2B1P3/2NP1N2/PPP2PPP/R1BQK2R b KQkq - 0 5	c6b8		-	-
positions		r1bqk2r/pppp1ppp/2n2n2/2b1p3/2B1P3/2NP1N2/PPP2PPP/R1BQK2R b KQkq - 0 5	c6d4	a7a5	attack	attacking their knight on f3
positions		r1bqk2r/pppp1ppp/2n2n2/2b1p3/2B1P3/2NP1N2/PPP2PPP/R1BQK2R b KQkq - 0 5	c6d4		attack	attacking your knight on f3
positions		r1bqk2r/pppp1ppp/2n2n2/2b1p3/2B1P3/2NP1N2/PPP2PPP/R1BQK2R b KQkq - 0 5	c6e7	a7a5	centre_control	adding an attacker to d5 (yours 2 to their 3) in the centre
positions		r1bqk2r/pppp1ppp/2n2n2/2b1p3/2B1P3/2NP1N2/PPP2PPP/R1BQK2R b KQkq - 0 5	c6e7		centre_control	adding an attacker to d5 (yours 2 to their 3) in the centre
positions		r1bqk2r/pppp1ppp/2n2n2/2b1p3/2B1P3/2NP1N2/PPP2PPP/R1BQK2R b KQkq - 0 5	d7d5	a7a5	attack	attacking their bishop on c4
positions		r1bqk2r/pppp1ppp/2n2n2/2b1p3/2B1P3/2NP1N2/PPP2PPP/R1BQK2R b KQkq - 0 5	d7d5		attack	attacking your bishop on c4
positions		r1bqk2r/pppp1ppp/2n2n2/2b1p3/2B1P3/2NP1N2/PPP2PPP/R1BQK2R b KQkq - 0 5	d7d6	a7a5	extra_defender	adding a defender to your pawn on e5
positions		r1bqk2r/pppp1ppp/2n2n2/2b1p3/2B1P3/2NP1N2/PPP2PPP/R1BQK2R b KQkq - 0 5	d7d6		extra_defender	adding a defender to your pawn on e5
positions		r1bqk2r/pppp1ppp/2n2n2/2b1p3/2B1P3/2NP1N2/PPP2PPP/R1BQK2R b KQkq - 0 5	d8e7	a7a5	mobility	moving your queen from d8 to e7, where it covers 4 squares instead of 1
positions		r1bqk2r/pppp1ppp/2n2n2/2b1p3/2B1P3/2NP1N2/PPP2PPP/R1BQK2R b KQkq - 0 5	d8e7		mobility	moving your queen from d8 to e7, where it covers 4 squares instead of 1
positions		r1bqk2r/pppp1ppp/2n2n2/2b1p3/2B1P3/2NP1N2/PPP2PPP/R1BQK2R b KQkq - 0 5	e8e7	a7a5	defend	defending your pawn on f7
positions		r1bqk2r/pppp1ppp/2n2n2/2b1p3/2B1P3/2NP1N2/PPP2PPP/R1BQK2R b KQkq - 0 5	e8e7		defend	defending your pawn on f7
positions		r1bqk2r/pppp1ppp/2n2n2/2b1p3/2B1P3/2NP1N2/PPP2PPP/R1BQK2R b KQkq - 0 5	e8f8	a7a5	defend	defending your pawn on f7
positions		r1bqk2r/pppp1ppp/2n2n2/2b1p3/2B1P3/2NP1N2/PPP2PPP/R1BQK2R b KQkq - 0 5	e8f8		defend	defending your pawn on f7
positions		r1bqk2r/pppp1ppp/2n2n2/2b1p3/2B1P3/2NP1N2/PPP2PPP/R1BQK2R b KQkq - 0 5	e8g8	a7a5	castle	castling short to tuck your king onto g8 and connect your rooks
positions		r1bqk2r/pppp1ppp/2n2n2/2b1p3/2B1P3/2NP1N2/PPP2PPP/R1BQK2R b KQkq - 0 5	e8g8		castle	castling short to tuck your king onto g8 and connect your rooks
positions		r1bqk2r/pppp1ppp/2n2n2/2b1p3/2B1P3/2NP1N2/PPP2PPP/R1BQK2R b KQkq - 0 5	f6d5	a7a5	attack	attacking their knight on c3
positions		r1bqk2r/pppp1ppp/2n2n2/2b1p3/2B1P3/2NP1N2/PPP2PPP/R1BQK2R b KQkq - 0 5	f6d5		attack	attacking your knight on c3
positions		r1bqk2r/pppp1ppp/2n2n2/2b1p3/2B1P3/2NP1N2/PPP2PPP/R1BQK2R b KQkq - 0 5	f6e4	a7a5	capture	capturing their pawn on e4
positions		r1bqk2r/pppp1ppp/2n2n2/2b1p3/2B1P3/2NP1N2/PPP2PPP/R1BQK2R b KQkq - 0 5	f6e4		capture	capturing your pawn on e4
positions		r1bqk2r/pppp1ppp/2n2n2/2b1p3/2B1P3/2NP1N2/PPP2PPP/R1BQK2R b KQkq - 0 5	f6g4	a7a5	extra_defender	adding a defender to your pawn on e5
positions		r1bqk2r/pppp1ppp/2n2n2/2b1p3/2B1P3/2NP1N2/PPP2PPP/R1BQK2R b KQkq - 0 5	f6g4		extra_defender	adding a defender to your pawn on e5
positions		r1bqk2r/pppp1ppp/2n2n2/2b1p3/2B1P3/2NP1N2/PPP2PPP/R1BQK2R b KQkq - 0 5	f6g8	a7a5	-	-
positions		r1bqk2r/pppp1ppp/2n2n2/2b1p3/2B1P3/2NP1N2/PPP2PPP/R1BQK2R b KQkq - 0 5	f6g8		-	-
positions		r1bqk2r/pppp1ppp/2n2n2/2b1p3/2B1P3/2NP1N2/PPP2PPP/R1BQK2R b KQkq - 0 5	f6h5	a7a5	-	-
positions		r1bqk2r/pppp1ppp/2n2n2/2b1p3/2B1P3/2NP1N2/PPP2PPP/R1BQK2R b KQkq - 0 5	f6h5		-	-
positions		r1bqk2r/pppp1ppp/2n2n2/2b1p3/2B1P3/2NP1N2/PPP2PPP/R1BQK2R b KQkq - 0 5	g7g5	a7a5	-	-
positions		r1bqk2r/pppp1ppp/2n2n2/2b1p3/2B1P3/2NP1N2/PPP2PPP/R1BQK2R b KQkq - 0 5	g7g5		-	-
positions		r1bqk2r/pppp1ppp/2n2n2/2b1p3/2B1P3/2NP1N2/PPP2PPP/R1BQK2R b KQkq - 0 5	g7g6	a7a5	-	-
positions		r1bqk2r/pppp1ppp/2n2n2/2b1p3/2B1P3/2NP1N2/PPP2PPP/R1BQK2R b KQkq - 0 5	g7g6		-	-
positions		r1bqk2r/pppp1ppp/2n2n2/2b1p3/2B1P3/2NP1N2/PPP2PPP/R1BQK2R b KQkq - 0 5	h7h5	a7a5	-	-
positions		r1bqk2r/pppp1ppp/2n2n2/2b1p3/2B1P3/2NP1N2/PPP2PPP/R1BQK2R b KQkq - 0 5	h7h5		-	-
positions		r1bqk2r/pppp1ppp/2n2n2/2b1p3/2B1P3/2NP1N2/PPP2PPP/R1BQK2R b KQkq - 0 5	h7h6	a7a5	-	-
positions		r1bqk2r/pppp1ppp/2n2n2/2b1p3/2B1P3/2NP1N2/PPP2PPP/R1BQK2R b KQkq - 0 5	h7h6		-	-
positions		r1bqk2r/pppp1ppp/2n2n2/2b1p3/2B1P3/2NP1N2/PPP2PPP/R1BQK2R b KQkq - 0 5	h8f8	a7a5	extra_defender	adding a defender to your pawn on f7
positions		r1bqk2r/pppp1ppp/2n2n2/2b1p3/2B1P3/2NP1N2/PPP2PPP/R1BQK2R b KQkq - 0 5	h8f8		extra_defender	adding a defender to your pawn on f7
positions		r1bqk2r/pppp1ppp/2n2n2/2b1p3/2B1P3/2NP1N2/PPP2PPP/R1BQK2R b KQkq - 0 5	h8g8	a7a5	-	-
positions		r1bqk2r/pppp1ppp/2n2n2/2b1p3/2B1P3/2NP1N2/PPP2PPP/R1BQK2R b KQkq - 0 5	h8g8		-	-
positions		r1bqkb1r/pppp1ppp/2n2n2/4p3/3PP3/5N2/PPP2PPP/RNBQKB1R b KQkq d3 0 4	a7a5	a7a6	-	-
positions		r1bqkb1r/pppp1ppp/2n2n2/4p3/3PP3/5N2/PPP2PPP/RNBQKB1R b KQkq d3 0 4	a7a5		-	-
positions		r1bqkb1r/pppp1ppp/2n2n2/4p3/3PP3/5N2/PPP2PPP/RNBQKB1R b KQkq d3 0 4	a7a6	a7a5	-	-
positions		r1bqkb1r/pppp1ppp/2n2n2/4p3/3PP3/5N2/PPP2PPP/RNBQKB1R b KQkq d3 0 4	a7a6		-	-
positions		r1bqkb1r/pppp1ppp/2n2n2/4p3/3PP3/5N2/PPP2PPP/RNBQKB1R b KQkq d3 0 4	a8b8	a7a5	-	-
positions		r1bqkb1r/pppp1ppp/2n2n2/4p3/3PP3/5N2/PPP2PPP/RNBQKB1R b KQkq d3 0 4	a8b8		-	-
positions		r1bqkb1r/pppp1ppp/2n2n2/4p3/3PP3/5N2/PPP2PPP/RNBQKB1R b KQkq d3 0 4	b7b5	a7a5	-	-
positions		r1bqkb1r/pppp1ppp/2n2n2/4p3/3PP3/5N2/PPP2PPP/RNBQKB1R b KQkq d3 0 4	b7b5		-	-
positions		r1bqkb1r/pppp1ppp/2n2n2/4p3/3PP3/5N2/PPP2PPP/RNBQKB1R b KQkq d3 0 4	b7b6	a7a5	-	-
positions		r1bqkb1r/pppp1ppp/2n2n2/4p3/3PP3/5N2/PPP2PPP/RNBQKB1R b KQkq d3 0 4	b7b6		-	-
positions		r1bqkb1r/pppp1ppp/2n2n2/4p3/3PP3/5N2/PPP2PPP/RNBQKB1R b KQkq d3 0 4	c6a5	a7a5	-	-
positions		r1bqkb1r/pppp1ppp/2n2n2/4p3/3PP3/5N2/PPP2PPP/RNBQKB1R b KQkq d3 0 4	c6a5		-	-
positions		r1bqkb1r/pppp1ppp/2n2n2/4p3/3PP3/5N2/PPP2PPP/RNBQKB1R b KQkq d3 0 4	c6b4	a7a5	centre_control	taking control of d5 (yours 2 to their 1) in the centre
positions		r1bqkb1r/pppp1ppp/2n2n2/4p3/3PP3/5N2/PPP2PPP/RNBQKB1R b KQkq d3 0 4	c6b4		centre_control	taking control of d5 (yours 2 to their 1) in the centre
positions		r1bqkb1r/pppp1ppp/2n2n2/4p3/3PP3/5N2/PPP2PPP/RNBQKB1R b KQkq d3 0 4	c6b8	a7a5	-	-
positions		r1bqkb1r/pppp1ppp/2n2n2/4p3/3PP3/5N2/PPP2PPP/RNBQKB1R b KQkq d3 0 4	c6b8		-	-
positions		r1bqkb1r/pppp1ppp/2n2n2/4p3/3PP3/5N2/PPP2PPP/RNBQKB1R b KQkq d3 0 4	c6d4	a7a5	capture	capturing their pawn on d4
positions		r1bqkb1r/pppp1ppp/2n2n2/4p3/3PP3/5N2/PPP2PPP/RNBQKB1R b KQkq d3 0 4	c6d4		capture	capturing your pawn on d4
positions		r1bqkb1r/pppp1ppp/2n2n2/4p3/3PP3/5N2/PPP2PPP/RNBQKB1R b KQkq d3 0 4	c6e7	a7a5	centre_control	taking control of d5 (yours 2 to their 1) in the centre
positions		r1bqkb1r/pppp1ppp/2n2n2/4p3/3PP3/5N2/PPP2PPP/RNBQKB1R b KQkq d3 0 4	c6e7		centre_control	taking control of d5 (yours 2 to their 1) in the centre
positions		r1bqkb1r/pppp1ppp/2n2n2/4p3/3PP3/5N2/PPP2PPP/RNBQKB1R b KQkq d3 0 4	d7d5	a7a5	centre_control	putting a pawn on d5, one of the four centre squares
positions		r1bqkb1r/pppp1ppp/2n2n2/4p3/3PP3/5N2/PPP2PPP/RNBQKB1R b KQkq d3 0 4	d7d5		centre_control	putting a pawn on d5, one of the four centre squares
positions		r1bqkb1r/pppp1ppp/2n2n2/4p3/3PP3/5N2/PPP2PPP/RNBQKB1R b KQkq d3 0 4	d7d6	a7a5	extra_defender	adding a defender to your pawn on e5
positions		r1bqkb1r/pppp1ppp/2n2n2/4p3/3PP3/5N2/PPP2PPP/RNBQKB1R b KQkq d3 0 4	d7d6		extra_defender	adding a defender to your pawn on e5
positions		r1bqkb1r/pppp1ppp/2n2n2/4p3/3PP3/5N2/PPP2PPP/RNBQKB1R b KQkq d3 0 4	d8e7	a7a5	mobility	moving your queen from d8 to e7, where it covers 6 squares instead of 1
positions		r1bqkb1r/pppp1ppp/2n2n2/4p3/3PP3/5N2/PPP2PPP/RNBQKB1R b KQkq d3 0 4	d8e7		mobility	moving your queen from d8 to e7, where it covers 6 squares instead of 1
positions		r1bqkb1r/pppp1ppp/2n2n2/4p3/3PP3/5N2/PPP2PPP/RNBQKB1R b KQkq d3 0 4	e5d4	a7a5	capture	capturing their pawn on d4
positions		r1bqkb1r/pppp1ppp/2n2n2/4p3/3PP3/5N2/PPP2PPP/RNBQKB1R b KQkq d3 0 4	e5d4		capture	capturing your pawn on d4
positions		r1bqkb1r/pppp1ppp/2n2n2/4p3/3PP3/5N2/PPP2PPP/RNBQKB1R b KQkq d3 0 4	e8e7	a7a5	-	-
positions		r1bqkb1r/pppp1ppp/2n2n2/4p3/3PP3/5N2/PPP2PPP/RNBQKB1R b KQkq d3 0 4	e8e7		-	-
positions		r1bqkb1r/pppp1ppp/2n2n2/4p3/3PP3/5N2/PPP2PPP/RNBQKB1R b KQkq d3 0 4	f6d5	a7a5	-	-
positions		r1bqkb1r/pppp1ppp/2n2n2/4p3/3PP3/5N2/PPP2PPP/RNBQKB1R b KQkq d3 0 4	f6d5		-	-
positions		r1bqkb1r/pppp1ppp/2n2n2/4p3/3PP3/5N2/PPP2PPP/RNBQKB1R b KQkq d3 0 4	f6e4	a7a5	capture	capturing their pawn on e4
positions		r1bqkb1r/pppp1ppp/2n2n2/4p3/3PP3/5N2/PPP2PPP/RNBQKB1R b KQkq d3 0 4	f6e4		capture	capturing your pawn on e4
positions		r1bqkb1r/pppp1ppp/2n2n2/4p3/3PP3/5N2/PPP2PPP/RNBQKB1R b KQkq d3 0 4	f6g4	a7a5	extra_defender	adding a defender to your pawn on e5
positions		r1bqkb1r/pppp1ppp/2n2n2/4p3/3PP3/5N2/PPP2PPP/RNBQKB1R b KQkq d3 0 4	f6g4		extra_defender	adding a defender to your pawn on e5
positions		r1bqkb1r/pppp1ppp/2n2n2/4p3/3PP3/5N2/PPP2PPP/RNBQKB1R b KQkq d3 0 4	f6g8	a7a5	-	-
positions		r1bqkb1r/pppp1ppp/2n2n2/4p3/3PP3/5N2/PPP2PPP/RNBQKB1R b KQkq d3 0 4	f6g8		-	-
positions		r1bqkb1r/pppp1ppp/2n2n2/4p3/3PP3/5N2/PPP2PPP/RNBQKB1R b KQkq d3 0 4	f6h5	a7a5	-	-
positions		r1bqkb1r/pppp1ppp/2n2n2/4p3/3PP3/5N2/PPP2PPP/RNBQKB1R b KQkq d3 0 4	f6h5		-	-
positions		r1bqkb1r/pppp1ppp/2n2n2/4p3/3PP3/5N2/PPP2PPP/RNBQKB1R b KQkq d3 0 4	f8a3	a7a5	development	developing your bishop from f8 to a3 — one more minor piece still sits on its starting square
positions		r1bqkb1r/pppp1ppp/2n2n2/4p3/3PP3/5N2/PPP2PPP/RNBQKB1R b KQkq d3 0 4	f8a3		development	developing your bishop from f8 to a3 — one more minor piece still sits on its starting square
positions		r1bqkb1r/pppp1ppp/2n2n2/4p3/3PP3/5N2/PPP2PPP/RNBQKB1R b KQkq d3 0 4	f8b4	a7a5	check	giving check
positions		r1bqkb1r/pppp1ppp/2n2n2/4p3/3PP3/5N2/PPP2PPP/RNBQKB1R b KQkq d3 0 4	f8b4		check	giving check
positions		r1bqkb1r/pppp1ppp/2n2n2/4p3/3PP3/5N2/PPP2PPP/RNBQKB1R b KQkq d3 0 4	f8c5	a7a5	development	developing your bishop from f8 to c5 — one more minor piece still sits on its starting square
positions		r1bqkb1r/pppp1ppp/2n2n2/4p3/3PP3/5N2/PPP2PPP/RNBQKB1R b KQkq d3 0 4	f8c5		development	developing your bishop from f8 to c5 — one more minor piece still sits on its starting square
positions		r1bqkb1r/pppp1ppp/2n2n2/4p3/3PP3/5N2/PPP2PPP/RNBQKB1R b KQkq d3 0 4	f8d6	a7a5	extra_defender	adding a defender to your pawn on e5
positions		r1bqkb1r/pppp1ppp/2n2n2/4p3/3PP3/5N2/PPP2PPP/RNBQKB1R b KQkq d3 0 4	f8d6		extra_defender	adding a defender to your pawn on e5
positions		r1bqkb1r/pppp1ppp/2n2n2/4p3/3PP3/5N2/PPP2PPP/RNBQKB1R b KQkq d3 0 4	f8e7	a7a5	development	developing your bishop from f8 to e7 — one more minor piece still sits on its starting square
positions		r1bqkb1r/pppp1ppp/2n2n2/4p3/3PP3/5N2/PPP2PPP/RNBQKB1R b KQkq d3 0 4	f8e7		development	developing your bishop from f8 to e7 — one more minor piece still sits on its starting square
positions		r1bqkb1r/pppp1ppp/2n2n2/4p3/3PP3/5N2/PPP2PPP/RNBQKB1R b KQkq d3 0 4	g7g5	a7a5	-	-
positions		r1bqkb1r/pppp1ppp/2n2n2/4p3/3PP3/5N2/PPP2PPP/RNBQKB1R b KQkq d3 0 4	g7g5		-	-
positions		r1bqkb1r/pppp1ppp/2n2n2/4p3/3PP3/5N2/PPP2PPP/RNBQKB1R b KQkq d3 0 4	g7g6	a7a5	-	-
positions		r1bqkb1r/pppp1ppp/2n2n2/4p3/3PP3/5N2/PPP2PPP/RNBQKB1R b KQkq d3 0 4	g7g6		-	-
positions		r1bqkb1r/pppp1ppp/2n2n2/4p3/3PP3/5N2/PPP2PPP/RNBQKB1R b KQkq d3 0 4	h7h5	a7a5	-	-
positions		r1bqkb1r/pppp1ppp/2n2n2/4p3/3PP3/5N2/PPP2PPP/RNBQKB1R b KQkq d3 0 4	h7h5		-	-
positions		r1bqkb1r/pppp1ppp/2n2n2/4p3/3PP3/5N2/PPP2PPP/RNBQKB1R b KQkq d3 0 4	h7h6	a7a5	-	-
positions		r1bqkb1r/pppp1ppp/2n2n2/4p3/3PP3/5N2/PPP2PPP/RNBQKB1R b KQkq d3 0 4	h7h6		-	-
positions		r1bqkb1r/pppp1ppp/2n2n2/4p3/3PP3/5N2/PPP2PPP/RNBQKB1R b KQkq d3 0 4	h8g8	a7a5	-	-
positions		r1bqkb1r/pppp1ppp/2n2n2/4p3/3PP3/5N2/PPP2PPP/RNBQKB1R b KQkq d3 0 4	h8g8		-	-
positions		r1bqkb1r/pppppppp/2n5/4N3/4n3/8/PPPP1PPP/RNBQKB1R w KQkq - 0 4	a2a3	a2a4	-	-
positions		r1bqkb1r/pppppppp/2n5/4N3/4n3/8/PPPP1PPP/RNBQKB1R w KQkq - 0 4	a2a3		-	-
positions		r1bqkb1r/pppppppp/2n5/4N3/4n3/8/PPPP1PPP/RNBQKB1R w KQkq - 0 4	a2a4	a2a3	-	-
positions		r1bqkb1r/pppppppp/2n5/4N3/4n3/8/PPPP1PPP/RNBQKB1R w KQkq - 0 4	a2a4		-	-
positions		r1bqkb1r/pppppppp/2n5/4N3/4n3/8/PPPP1PPP/RNBQKB1R w KQkq - 0 4	b1a3	a2a3	development	developing your knight from b1 to a3 — 2 more minor pieces still sit on their starting squares
positions		r1bqkb1r/pppppppp/2n5/4N3/4n3/8/PPPP1PPP/RNBQKB1R w KQkq - 0 4	b1a3		development	developing your knight from b1 to a3 — 2 more minor pieces still sit on their starting squares
positions		r1bqkb1r/pppppppp/2n5/4N3/4n3/8/PPPP1PPP/RNBQKB1R w KQkq - 0 4	b1c3	a2a3	attack	attacking their undefended knight on e4
positions		r1bqkb1r/pppppppp/2n5/4N3/4n3/8/PPPP1PPP/RNBQKB1R w KQkq - 0 4	b1c3		attack	attacking your undefended knight on e4
positions		r1bqkb1r/pppppppp/2n5/4N3/4n3/8/PPPP1PPP/RNBQKB1R w KQkq - 0 4	b2b3	a2a3	-	-
positions		r1bqkb1r/pppppppp/2n5/4N3/4n3/8/PPPP1PPP/RNBQKB1R w KQkq - 0 4	b2b3		-	-
positions		r1bqkb1r/pppppppp/2n5/4N3/4n3/8/PPPP1PPP/RNBQKB1R w KQkq - 0 4	b2b4	a2a3	-	-
positions		r1bqkb1r/pppppppp/2n5/4N3/4n3/8/PPPP1PPP/RNBQKB1R w KQkq - 0 4	b2b4		-	-
positions		r1bqkb1r/pppppppp/2n5/4N3/4n3/8/PPPP1PPP/RNBQKB1R w KQkq - 0 4	c2c3	a2a3	centre_control	adding an attacker to d4 (yours 1 to their 1) in the centre
positions		r1bqkb1r/pppppppp/2n5/4N3/4n3/8/PPPP1PPP/RNBQKB1R w KQkq - 0 4	c2c3		centre_control	adding an attacker to d4 (yours 1 to their 1) in the centre
positions		r1bqkb1r/pppppppp/2n5/4N3/4n3/8/PPPP1PPP/RNBQKB1R w KQkq - 0 4	c2c4	a2a3	-	-
positions		r1bqkb1r/pppppppp/2n5/4N3/4n3/8/PPPP1PPP/RNBQKB1R w KQkq - 0 4	c2c4		-	-
positions		r1bqkb1r/pppppppp/2n5/4N3/4n3/8/PPPP1PPP/RNBQKB1R w KQkq - 0 4	d1e2	a2a3	attack	attacking their undefended knight on e4
positions		r1bqkb1r/pppppppp/2n5/4N3/4n3/8/PPPP1PPP/RNBQKB1R w KQkq - 0 4	d1e2		attack	attacking your undefended knight on e4
positions		r1bqkb1r/pppppppp/2n5/4N3/4n3/8/PPPP1PPP/RNBQKB1R w KQkq - 0 4	d1f3	a2a3	attack	attacking their undefended knight on e4
positions		r1bqkb1r/pppppppp/2n5/4N3/4n3/8/PPPP1PPP/RNBQKB1R w KQkq - 0 4	d1f3		attack	attacking your undefended knight on e4
positions		r1bqkb1r/pppppppp/2n5/4N3/4n3/8/PPPP1PPP/RNBQKB1R w KQkq - 0 4	d1g4	a2a3	attack	attacking their undefended knight on e4
positions		r1bqkb1r/pppppppp/2n5/4N3/4n3/8/PPPP1PPP/RNBQKB1R w KQkq - 0 4	d1g4		attack	attacking your undefended knight on e4
positions		r1bqkb1r/pppppppp/2n5/4N3/4n3/8/PPPP1PPP/RNBQKB1R w KQkq - 0 4	d1h5	a2a3	defend	defending your knight on e5
positions		r1bqkb1r/pppppppp/2n5/4N3/4n3/8/PPPP1PPP/RNBQKB1R w KQkq - 0 4	d1h5		defend	defending your knight on e5
positions		r1bqkb1r/pppppppp/2n5/4N3/4n3/8/PPPP1PPP/RNBQKB1R w KQkq - 0 4	d2d3	a2a3	attack	attacking their undefended knight on e4
positions		r1bqkb1r/pppppppp/2n5/4N3/4n3/8/PPPP1PPP/RNBQKB1R w KQkq - 0 4	d2d3		attack	attacking your undefended knight on e4
positions		r1bqkb1r/pppppppp/2n5/4N3/4n3/8/PPPP1PPP/RNBQKB1R w KQkq - 0 4	d2d4	a2a3	defend	defending your knight on e5
positions		r1bqkb1r/pppppppp/2n5/4N3/4n3/8/PPPP1PPP/RNBQKB1R w KQkq - 0 4	d2d4		defend	defending your knight on e5
positions		r1bqkb1r/pppppppp/2n5/4N3/4n3/8/PPPP1PPP/RNBQKB1R w KQkq - 0 4	e1e2	a2a3	defend	defending your pawn on f2
positions		r1bqkb1r/pppppppp/2n5/4N3/4n3/8/PPPP1PPP/RNBQKB1R w KQkq - 0 4	e1e2		defend	defending your pawn on f2
positions		r1bqkb1r/pppppppp/2n5/4N3/4n3/8/PPPP1PPP/RNBQKB1R w KQkq - 0 4	e5c4	a2a3	escape	moving your knight off e5 where it was attacked
positions		r1bqkb1r/pppppppp/2n5/4N3/4n3/8/PPPP1PPP/RNBQKB1R w KQkq - 0 4	e5c4		escape	moving your knight off e5 where it was attacked
positions		r1bqkb1r/pppppppp/2n5/4N3/4n3/8/PPPP1PPP/RNBQKB1R w KQkq - 0 4	e5c6	a2a3	capture	capturing their knight on c6
positions		r1bqkb1r/pppppppp/2n5/4N3/4n3/8/PPPP1PPP/RNBQKB1R w KQkq - 0 4	e5c6		capture	capturing your knight on c6
positions		r1bqkb1r/pppppppp/2n5/4N3/4n3/8/PPPP1PPP/RNBQKB1R w KQkq - 0 4	e5d3	a2a3	escape	moving your knight off e5 where it was attacked
positions		r1bqkb1r/pppppppp/2n5/4N3/4n3/8/PPPP1PPP/RNBQKB1R w KQkq - 0 4	e5d3		escape	moving your knight off e5 where it was attacked
positions		r1bqkb1r/pppppppp/2n5/4N3/4n3/8/PPPP1PPP/RNBQKB1R w KQkq - 0 4	e5d7	a2a3	capture	capturing their pawn on d7
positions		r1bqkb1r/pppppppp/2n5/4N3/4n3/8/PPPP1PPP/RNBQKB1R w KQkq - 0 4	e5d7		capture	capturing your pawn on d7
positions		r1bqkb1r/pppppppp/2n5/4N3/4n3/8/PPPP1PPP/RNBQKB1R w KQkq - 0 4	e5f3	a2a3	escape	moving your knight off e5 where it was attacked
positions		r1bqkb1r/pppppppp/2n5/4N3/4n3/8/PPPP1PPP/RNBQKB1R w KQkq - 0 4	e5f3		escape	moving your knight off e5 where it was attacked
positions		r1bqkb1r/pppppppp/2n5/4N3/4n3/8/PPPP1PPP/RNBQKB1R w KQkq - 0 4	e5f7	a2a3	capture	capturing their pawn on f7
positions		r1bqkb1r/pppppppp/2n5/4N3/4n3/8/PPPP1PPP/RNBQKB1R w KQkq - 0 4	e5f7		capture	capturing your pawn on f7
positions		r1bqkb1r/pppppppp/2n5/4N3/4n3/8/PPPP1PPP/RNBQKB1R w KQkq - 0 4	e5g4	a2a3	escape	moving your knight off e5 where it was attacked
positions		r1bqkb1r/pppppppp/2n5/4N3/4n3/8/PPPP1PPP/RNBQKB1R w KQkq - 0 4	e5g4		escape	moving your knight off e5 where it was attacked
positions		r1bqkb1r/pppppppp/2n5/4N3/4n3/8/PPPP1PPP/RNBQKB1R w KQkq - 0 4	e5g6	a2a3	fork	hitting their rook on h8 and their bishop on f8
positions		r1bqkb1r/pppppppp/2n5/4N3/4n3/8/PPPP1PPP/RNBQKB1R w KQkq - 0 4	e5g6		fork	hitting your rook on h8 and your bishop on f8
positions		r1bqkb1r/pppppppp/2n5/4N3/4n3/8/PPPP1PPP/RNBQKB1R w KQkq - 0 4	f1a6	a2a3	development	developing your bishop from f1 to a6 — 2 more minor pieces still sit on their starting squares
positions		r1bqkb1r/pppppppp/2n5/4N3/4n3/8/PPPP1PPP/RNBQKB1R w KQkq - 0 4	f1a6		development	developing your bishop from f1 to a6 — 2 more minor pieces still sit on their starting squares
positions		r1bqkb1r/pppppppp/2n5/4N3/4n3/8/PPPP1PPP/RNBQKB1R w KQkq - 0 4	f1b5	a2a3	attack	attacking their knight on c6
positions		r1bqkb1r/pppppppp/2n5/4N3/4n3/8/PPPP1PPP/RNBQKB1R w KQkq - 0 4	f1b5		attack	attacking your knight on c6
positions		r1bqkb1r/pppppppp/2n5/4N3/4n3/8/PPPP1PPP/RNBQKB1R w KQkq - 0 4	f1c4	a2a3	development	developing your bishop from f1 to c4 — 2 more minor pieces still sit on their starting squares
positions		r1bqkb1r/pppppppp/2n5/4N3/4n3/8/PPPP1PPP/RNBQKB1R w KQkq - 0 4	f1c4		development	developing your bishop from f1 to c4 — 2 more minor pieces still sit on their starting squares
positions		r1bqkb1r/pppppppp/2n5/4N3/4n3/8/PPPP1PPP/RNBQKB1R w KQkq - 0 4	f1d3	a2a3	attack	attacking their undefended knight on e4
positions		r1bqkb1r/pppppppp/2n5/4N3/4n3/8/PPPP1PPP/RNBQKB1R w KQkq - 0 4	f1d3		attack	attacking your undefended knight on e4
positions		r1bqkb1r/pppppppp/2n5/4N3/4n3/8/PPPP1PPP/RNBQKB1R w KQkq - 0 4	f1e2	a2a3	development	developing your bishop from f1 to e2 — 2 more minor pieces still sit on their starting squares
positions		r1bqkb1r/pppppppp/2n5/4N3/4n3/8/PPPP1PPP/RNBQKB1R w KQkq - 0 4	f1e2		development	developing your bishop from f1 to e2 — 2 more minor pieces still sit on their starting squares
positions		r1bqkb1r/pppppppp/2n5/4N3/4n3/8/PPPP1PPP/RNBQKB1R w KQkq - 0 4	f2f3	a2a3	attack	attacking their undefended knight on e4
positions		r1bqkb1r/pppppppp/2n5/4N3/4n3/8/PPPP1PPP/RNBQKB1R w KQkq - 0 4	f2f3		attack	attacking your undefended knight on e4
positions		r1bqkb1r/pppppppp/2n5/4N3/4n3/8/PPPP1PPP/RNBQKB1R w KQkq - 0 4	f2f4	a2a3	escape	moving your pawn off f2 where it was attacked
positions		r1bqkb1r/pppppppp/2n5/4N3/4n3/8/PPPP1PPP/RNBQKB1R w KQkq - 0 4	f2f4		escape	moving your pawn off f2 where it was attacked
positions		r1bqkb1r/pppppppp/2n5/4N3/4n3/8/PPPP1PPP/RNBQKB1R w KQkq - 0 4	g2g3	a2a3	-	-
positions		r1bqkb1r/pppppppp/2n5/4N3/4n3/8/PPPP1PPP/RNBQKB1R w KQkq - 0 4	g2g3		-	-
positions		r1bqkb1r/pppppppp/2n5/4N3/4n3/8/PPPP1PPP/RNBQKB1R w KQkq - 0 4	g2g4	a2a3	-	-
positions		r1bqkb1r/pppppppp/2n5/4N3/4n3/8/PPPP1PPP/RNBQKB1R w KQkq - 0 4	g2g4		-	-
positions		r1bqkb1r/pppppppp/2n5/4N3/4n3/8/PPPP1PPP/RNBQKB1R w KQkq - 0 4	h1g1	a2a3	-	-
positions		r1bqkb1r/pppppppp/2n5/4N3/4n3/8/PPPP1PPP/RNBQKB1R w KQkq - 0 4	h1g1		-	-
positions		r1bqkb1r/pppppppp/2n5/4N3/4n3/8/PPPP1PPP/RNBQKB1R w KQkq - 0 4	h2h3	a2a3	-	-
positions		r1bqkb1r/pppppppp/2n5/4N3/4n3/8/PPPP1PPP/RNBQKB1R w KQkq - 0 4	h2h3		-	-
positions		r1bqkb1r/pppppppp/2n5/4N3/4n3/8/PPPP1PPP/RNBQKB1R w KQkq - 0 4	h2h4	a2a3	-	-
positions		r1bqkb1r/pppppppp/2n5/4N3/4n3/8/PPPP1PPP/RNBQKB1R w KQkq - 0 4	h2h4		-	-
positions		r1bqkb1r/pppp1ppp/2n2n2/4p2Q/2B1P3/8/PPPP1PPP/RNB1K1NR w KQkq - 4 4	a2a3	a2a4	-	-
positions		r1bqkb1r/pppp1ppp/2n2n2/4p2Q/2B1P3/8/PPPP1PPP/RNB1K1NR w KQkq - 4 4	a2a3		-	-
positions		r1bqkb1r/pppp1ppp/2n2n2/4p2Q/2B1P3/8/PPPP1PPP/RNB1K1NR w KQkq - 4 4	a2a4	a2a3	-	-
positions		r1bqkb1r/pppp1ppp/2n2n2/4p2Q/2B1P3/8/PPPP1PPP/RNB1K1NR w KQkq - 4 4	a2a4		-	-
positions		r1bqkb1r/pppp1ppp/2n2n2/4p2Q/2B1P3/8/PPPP1PPP/RNB1K1NR w KQkq - 4 4	b1a3	a2a3	development	developing your knight from b1 to a3 — 2 more minor pieces still sit on their starting squares
positions		r1bqkb1r/pppp1ppp/2n2n2/4p2Q/2B1P3/8/PPPP1PPP/RNB1K1NR w KQkq - 4 4	b1a3		development	developing your knight from b1 to a3 — 2 more minor pieces still sit on their starting squares
positions		r1bqkb1r/pppp1ppp/2n2n2/4p2Q/2B1P3/8/PPPP1PPP/RNB1K1NR w KQkq - 4 4	b1c3	a2a3	defend	defending your pawn on e4
positions		r1bqkb1r/pppp1ppp/2n2n2/4p2Q/2B1P3/8/PPPP1PPP/RNB1K1NR w KQkq - 4 4	b1c3		defend	defending your pawn on e4
positions		r1bqkb1r/pppp1ppp/2n2n2/4p2Q/2B1P3/8/PPPP1PPP/RNB1K1NR w KQkq - 4 4	b2b3	a2a3	-	-
positions		r1bqkb1r/pppp1ppp/2n2n2/4p2Q/2B1P3/8/PPPP1PPP/RNB1K1NR w KQkq - 4 4	b2b3		-	-
positions		r1bqkb1r/pppp1ppp/2n2n2/4p2Q/2B1P3/8/PPPP1PPP/RNB1K1NR w KQkq - 4 4	b2b4	a2a3	-	-
positions		r1bqkb1r/pppp1ppp/2n2n2/4p2Q/2B1P3/8/PPPP1PPP/RNB1K1NR w KQkq - 4 4	b2b4		-	-
positions		r1bqkb1r/pppp1ppp/2n2n2/4p2Q/2B1P3/8/PPPP1PPP/RNB1K1NR w KQkq - 4 4	c2c3	a2a3	centre_control	adding an attacker to d4 (yours 1 to their 2) in the centre
positions		r1bqkb1r/pppp1ppp/2n2n2/4p2Q/2B1P3/8/PPPP1PPP/RNB1K1NR w KQkq - 4 4	c2c3		centre_control	adding an attacker to d4 (yours 1 to their 2) in the centre
positions		r1bqkb1r/pppp1ppp/2n2n2/4p2Q/2B1P3/8/PPPP1PPP/RNB1K1NR w KQkq - 4 4	c4a6	a2a3	-	-
positions		r1bqkb1r/pppp1ppp/2n2n2/4p2Q/2B1P3/8/PPPP1PPP/RNB1K1NR w KQkq - 4 4	c4a6		-	-
positions		r1bqkb1r/pppp1ppp/2n2n2/4p2Q/2B1P3/8/PPPP1PPP/RNB1K1NR w KQkq - 4 4	c4b3	a2a3	-	-
positions		r1bqkb1r/pppp1ppp/2n2n2/4p2Q/2B1P3/8/PPPP1PPP/RNB1K1NR w KQkq - 4 4	c4b3		-	-
positions		r1bqkb1r/pppp1ppp/2n2n2/4p2Q/2B1P3/8/PPPP1PPP/RNB1K1NR w KQkq - 4 4	c4b5	a2a3	attack	attacking their knight on c6
positions		r1bqkb1r/pppp1ppp/2n2n2/4p2Q/2B1P3/8/PPPP1PPP/RNB1K1NR w KQkq - 4 4	c4b5		attack	attacking your knight on c6
positions		r1bqkb1r/pppp1ppp/2n2n2/4p2Q/2B1P3/8/PPPP1PPP/RNB1K1NR w KQkq - 4 4	c4d3	a2a3	defend	defending your pawn on e4
positions		r1bqkb1r/pppp1ppp/2n2n2/4p2Q/2B1P3/8/PPPP1PPP/RNB1K1NR w KQkq - 4 4	c4d3		defend	defending your pawn on e4
positions		r1bqkb1r/pppp1ppp/2n2n2/4p2Q/2B1P3/8/PPPP1PPP/RNB1K1NR w KQkq - 4 4	c4d5	a2a3	attack	attacking their knight on c6
positions		r1bqkb1r/pppp1ppp/2n2n2/4p2Q/2B1P3/8/PPPP1PPP/RNB1K1NR w KQkq - 4 4	c4d5		attack	attacking your knight on c6
positions		r1bqkb1r/pppp1ppp/2n2n2/4p2Q/2B1P3/8/PPPP1PPP/RNB1K1NR w KQkq - 4 4	c4e2	a2a3	defend	defending your queen on h5
positions		r1bqkb1r/pppp1ppp/2n2n2/4p2Q/2B1P3/8/PPPP1PPP/RNB1K1NR w KQkq - 4 4	c4e2		defend	defending your queen on h5
positions		r1bqkb1r/pppp1ppp/2n2n2/4p2Q/2B1P3/8/PPPP1PPP/RNB1K1NR w KQkq - 4 4	c4e6	a2a3	-	-
positions		r1bqkb1r/pppp1ppp/2n2n2/4p2Q/2B1P3/8/PPPP1PPP/RNB1K1NR w KQkq - 4 4	c4e6		-	-
positions		r1bqkb1r/pppp1ppp/2n2n2/4p2Q/2B1P3/8/PPPP1PPP/RNB1K1NR w KQkq - 4 4	c4f1	a2a3	-	-
positions		r1bqkb1r/pppp1ppp/2n2n2/4p2Q/2B1P3/8/PPPP1PPP/RNB1K1NR w KQkq - 4 4	c4f1		-	-
positions		r1bqkb1r/pppp1ppp/2n2n2/4p2Q/2B1P3/8/PPPP1PPP/RNB1K1NR w KQkq - 4 4	c4f7	a2a3	capture	capturing their pawn on f7
positions		r1bqkb1r/pppp1ppp/2n2n2/4p2Q/2B1P3/8/PPPP1PPP/RNB1K1NR w KQkq - 4 4	c4f7		capture	capturing your pawn on f7
positions		r1bqkb1r/pppp1ppp/2n2n2/4p2Q/2B1P3/8/PPPP1PPP/RNB1K1NR w KQkq - 4 4	d2d3	a2a3	defend	defending your pawn on e4
positions		r1bqkb1r/pppp1ppp/2n2n2/4p2Q/2B1P3/8/PPPP1PPP/RNB1K1NR w KQkq - 4 4	d2d3		defend	defending your pawn on e4
positions		r1bqkb1r/pppp1ppp/2n2n2/4p2Q/2B1P3/8/PPPP1PPP/RNB1K1NR w KQkq - 4 4	d2d4	a2a3	centre_control	putting a pawn on d4, one of the four centre squares
positions		r1bqkb1r/pppp1ppp/2n2n2/4p2Q/2B1P3/8/PPPP1PPP/RNB1K1NR w KQkq - 4 4	d2d4		centre_control	putting a pawn on d4, one of the four centre squares
positions		r1bqkb1r/pppp1ppp/2n2n2/4p2Q/2B1P3/8/PPPP1PPP/RNB1K1NR w KQkq - 4 4	e1d1	a2a3	-	-
positions		r1bqkb1r/pppp1ppp/2n2n2/4p2Q/2B1P3/8/PPPP1PPP/RNB1K1NR w KQkq - 4 4	e1d1		-	-
positions		r1bqkb1r/pppp1ppp/2n2n2/4p2Q/2B1P3/8/PPPP1PPP/RNB1K1NR w KQkq - 4 4	e1e2	a2a3	-	-
positions		r1bqkb1r/pppp1ppp/2n2n2/4p2Q/2B1P3/8/PPPP1PPP/RNB1K1NR w KQkq - 4 4	e1e2		-	-
positions		r1bqkb1r/pppp1ppp/2n2n2/4p2Q/2B1P3/8/PPPP1PPP/RNB1K1NR w KQkq - 4 4	e1f1	a2a3	-	-
positions		r1bqkb1r/pppp1ppp/2n2n2/4p2Q/2B1P3/8/PPPP1PPP/RNB1K1NR w KQkq - 4 4	e1f1		-	-
positions		r1bqkb1r/pppp1ppp/2n2n2/4p2Q/2B1P3/8/PPPP1PPP/RNB1K1NR w KQkq - 4 4	f2f3	a2a3	defend	defending your pawn on e4
positions		r1bqkb1r/pppp1ppp/2n2n2/4p2Q/2B1P3/8/PPPP1PPP/RNB1K1NR w KQkq - 4 4	f2f3		defend	defending your pawn on e4
positions		r1bqkb1r/pppp1ppp/2n2n2/4p2Q/2B1P3/8/PPPP1PPP/RNB1K1NR w KQkq - 4 4	f2f4	a2a3	centre_control	taking control of e5 (yours 2 to their 1) in the centre
positions		r1bqkb1r/pppp1ppp/2n2n2/4p2Q/2B1P3/8/PPPP1PPP/RNB1K1NR w KQkq - 4 4	f2f4		centre_control	taking control of e5 (yours 2 to their 1) in the centre
positions		r1bqkb1r/pppp1ppp/2n2n2/4p2Q/2B1P3/8/PPPP1PPP/RNB1K1NR w KQkq - 4 4	g1e2	a2a3	development	developing your knight from g1 to e2 — 2 more minor pieces still sit on their starting squares
positions		r1bqkb1r/pppp1ppp/2n2n2/4p2Q/2B1P3/8/PPPP1PPP/RNB1K1NR w KQkq - 4 4	g1e2		development	developing your knight from g1 to e2 — 2 more minor pieces still sit on their starting squares
positions		r1bqkb1r/pppp1ppp/2n2n2/4p2Q/2B1P3/8/PPPP1PPP/RNB1K1NR w KQkq - 4 4	g1f3	a2a3	development	developing your knight from g1 to f3 — 2 more minor pieces still sit on their starting squares
positions		r1bqkb1r/pppp1ppp/2n2n2/4p2Q/2B1P3/8/PPPP1PPP/RNB1K1NR w KQkq - 4 4	g1f3		development	developing your knight from g1 to f3 — 2 more minor pieces still sit on their starting squares
positions		r1bqkb1r/pppp1ppp/2n2n2/4p2Q/2B1P3/8/PPPP1PPP/RNB1K1NR w KQkq - 4 4	g1h3	a2a3	development	developing your knight from g1 to h3 — 2 more minor pieces still sit on their starting squares
positions		r1bqkb1r/pppp1ppp/2n2n2/4p2Q/2B1P3/8/PPPP1PPP/RNB1K1NR w KQkq - 4 4	g1h3		development	developing your knight from g1 to h3 — 2 more minor pieces still sit on their starting squares
positions		r1bqkb1r/pppp1ppp/2n2n2/4p2Q/2B1P3/8/PPPP1PPP/RNB1K1NR w KQkq - 4 4	g2g3	a2a3	-	-
positions		r1bqkb1r/pppp1ppp/2n2n2/4p2Q/2B1P3/8/PPPP1PPP/RNB1K1NR w KQkq - 4 4	g2g3		-	-
positions		r1bqkb1r/pppp1ppp/2n2n2/4p2Q/2B1P3/8/PPPP1PPP/RNB1K1NR w KQkq - 4 4	g2g4	a2a3	defend	defending your queen on h5
positions		r1bqkb1r/pppp1ppp/2n2n2/4p2Q/2B1P3/8/PPPP1PPP/RNB1K1NR w KQkq - 4 4	g2g4		defend	defending your queen on h5
positions		r1bqkb1r/pppp1ppp/2n2n2/4p2Q/2B1P3/8/PPPP1PPP/RNB1K1NR w KQkq - 4 4	h2h3	a2a3	-	-
positions		r1bqkb1r/pppp1ppp/2n2n2/4p2Q/2B1P3/8/PPPP1PPP/RNB1K1NR w KQkq - 4 4	h2h3		-	-
positions		r1bqkb1r/pppp1ppp/2n2n2/4p2Q/2B1P3/8/PPPP1PPP/RNB1K1NR w KQkq - 4 4	h2h4	a2a3	-	-
positions		r1bqkb1r/pppp1ppp/2n2n2/4p2Q/2B1P3/8/PPPP1PPP/RNB1K1NR w KQkq - 4 4	h2h4		-	-
positions		r1bqkb1r/pppp1ppp/2n2n2/4p2Q/2B1P3/8/PPPP1PPP/RNB1K1NR w KQkq - 4 4	h5d1	a2a3	escape	moving your queen off h5 where it was attacked
positions		r1bqkb1r/pppp1ppp/2n2n2/4p2Q/2B1P3/8/PPPP1PPP/RNB1K1NR w KQkq - 4 4	h5d1		escape	moving your queen off h5 where it was attacked
positions		r1bqkb1r/pppp1ppp/2n2n2/4p2Q/2B1P3/8/PPPP1PPP/RNB1K1NR w KQkq - 4 4	h5e2	a2a3	escape	moving your queen off h5 where it was attacked
positions		r1bqkb1r/pppp1ppp/2n2n2/4p2Q/2B1P3/8/PPPP1PPP/RNB1K1NR w KQkq - 4 4	h5e2		escape	moving your queen off h5 where it was attacked
positions		r1bqkb1r/pppp1ppp/2n2n2/4p2Q/2B1P3/8/PPPP1PPP/RNB1K1NR w KQkq - 4 4	h5e5	a2a3	capture	capturing their pawn on e5
positions		r1bqkb1r/pppp1ppp/2n2n2/4p2Q/2B1P3/8/PPPP1PPP/RNB1K1NR w KQkq - 4 4	h5e5		capture	capturing your pawn on e5
positions		r1bqkb1r/pppp1ppp/2n2n2/4p2Q/2B1P3/8/PPPP1PPP/RNB1K1NR w KQkq - 4 4	h5f3	a2a3	attack	attacking their knight on f6
positions		r1bqkb1r/pppp1ppp/2n2n2/4p2Q/2B1P3/8/PPPP1PPP/RNB1K1NR w KQkq - 4 4	h5f3		attack	attacking your knight on f6
positions		r1bqkb1r/pppp1ppp/2n2n2/4p2Q/2B1P3/8/PPPP1PPP/RNB1K1NR w KQkq - 4 4	h5f5	a2a3	attack	attacking their knight on f6
positions		r1bqkb1r/pppp1ppp/2n2n2/4p2Q/2B1P3/8/PPPP1PPP/RNB1K1NR w KQkq - 4 4	h5f5		attack	attacking your knight on f6
positions		r1bqkb1r/pppp1ppp/2n2n2/4p2Q/2B1P3/8/PPPP1PPP/RNB1K1NR w KQkq - 4 4	h5f7	a2a3	capture	capturing their pawn on f7
positions		r1bqkb1r/pppp1ppp/2n2n2/4p2Q/2B1P3/8/PPPP1PPP/RNB1K1NR w KQkq - 4 4	h5f7		capture	capturing your pawn on f7
positions		r1bqkb1r/pppp1ppp/2n2n2/4p2Q/2B1P3/8/PPPP1PPP/RNB1K1NR w KQkq - 4 4	h5g4	a2a3	defend	defending your pawn on e4
positions		r1bqkb1r/pppp1ppp/2n2n2/4p2Q/2B1P3/8/PPPP1PPP/RNB1K1NR w KQkq - 4 4	h5g4		defend	defending your pawn on e4
positions		r1bqkb1r/pppp1ppp/2n2n2/4p2Q/2B1P3/8/PPPP1PPP/RNB1K1NR w KQkq - 4 4	h5g5	a2a3	attack	attacking their knight on f6
positions		r1bqkb1r/pppp1ppp/2n2n2/4p2Q/2B1P3/8/PPPP1PPP/RNB1K1NR w KQkq - 4 4	h5g5		attack	attacking your knight on f6
positions		r1bqkb1r/pppp1ppp/2n2n2/4p2Q/2B1P3/8/PPPP1PPP/RNB1K1NR w KQkq - 4 4	h5g6	a2a3	attack	attacking their knight on f6
positions		r1bqkb1r/pppp1ppp/2n2n2/4p2Q/2B1P3/8/PPPP1PPP/RNB1K1NR w KQkq - 4 4	h5g6		attack	attacking your knight on f6
positions		r1bqkb1r/pppp1ppp/2n2n2/4p2Q/2B1P3/8/PPPP1PPP/RNB1K1NR w KQkq - 4 4	h5h3	a2a3	escape	moving your queen off h5 where it was attacked
positions		r1bqkb1r/pppp1ppp/2n2n2/4p2Q/2B1P3/8/PPPP1PPP/RNB1K1NR w KQkq - 4 4	h5h3		escape	moving your queen off h5 where it was attacked
positions		r1bqkb1r/pppp1ppp/2n2n2/4p2Q/2B1P3/8/PPPP1PPP/RNB1K1NR w KQkq - 4 4	h5h4	a2a3	attack	attacking their knight on f6
positions		r1bqkb1r/pppp1ppp/2n2n2/4p2Q/2B1P3/8/PPPP1PPP/RNB1K1NR w KQkq - 4 4	h5h4		attack	attacking your knight on f6
positions		r1bqkb1r/pppp1ppp/2n2n2/4p2Q/2B1P3/8/PPPP1PPP/RNB1K1NR w KQkq - 4 4	h5h6	a2a3	attack	attacking their knight on f6
positions		r1bqkb1r/pppp1ppp/2n2n2/4p2Q/2B1P3/8/PPPP1PPP/RNB1K1NR w KQkq - 4 4	h5h6		attack	attacking your knight on f6
positions		r1bqkb1r/pppp1ppp/2n2n2/4p2Q/2B1P3/8/PPPP1PPP/RNB1K1NR w KQkq - 4 4	h5h7	a2a3	capture	capturing their pawn on h7
positions		r1bqkb1r/pppp1ppp/2n2n2/4p2Q/2B1P3/8/PPPP1PPP/RNB1K1NR w KQkq - 4 4	h5h7		capture	capturing your pawn on h7
positions		rnbqkbnr/ppppp1pp/5p2/8/4P3/8/PPPP1PPP/RNBQKBNR w KQkq - 0 2	a2a3	a2a4	-	-
positions		rnbqkbnr/ppppp1pp/5p2/8/4P3/8/PPPP1PPP/RNBQKBNR w KQkq - 0 2	a2a3		-	-
positions		rnbqkbnr/ppppp1pp/5p2/8/4P3/8/PPPP1PPP/RNBQKBNR w KQkq - 0 2	a2a4	a2a3	-	-
positions		rnbqkbnr/ppppp1pp/5p2/8/4P3/8/PPPP1PPP/RNBQKBNR w KQkq - 0 2	a2a4		-	-
positions		rnbqkbnr/ppppp1pp/5p2/8/4P3/8/PPPP1PPP/RNBQKBNR w KQkq - 0 2	b1a3	a2a3	development	developing your knight from b1 to a3 — 3 more minor pieces still sit on their starting squares
positions		rnbqkbnr/ppppp1pp/5p2/8/4P3/8/PPPP1PPP/RNBQKBNR w KQkq - 0 2	b1a3		development	developing your knight from b1 to a3 — 3 more minor pieces still sit on their starting squares
positions		rnbqkbnr/ppppp1pp/5p2/8/4P3/8/PPPP1PPP/RNBQKBNR w KQkq - 0 2	b1c3	a2a3	mobility	moving your knight from b1 to c3, where it covers 5 squares instead of 2
positions		rnbqkbnr/ppppp1pp/5p2/8/4P3/8/PPPP1PPP/RNBQKBNR w KQkq - 0 2	b1c3		mobility	moving your knight from b1 to c3, where it covers 5 squares instead of 2
positions		rnbqkbnr/ppppp1pp/5p2/8/4P3/8/PPPP1PPP/RNBQKBNR w KQkq - 0 2	b2b3	a2a3	-	-
positions		rnbqkbnr/ppppp1pp/5p2/8/4P3/8/PPPP1PPP/RNBQKBNR w KQkq - 0 2	b2b3		-	-
positions		rnbqkbnr/ppppp1pp/5p2/8/4P3/8/PPPP1PPP/RNBQKBNR w KQkq - 0 2	b2b4	a2a3	-	-
positions		rnbqkbnr/ppppp1pp/5p2/8/4P3/8/PPPP1PPP/RNBQKBNR w KQkq - 0 2	b2b4		-	-
positions		rnbqkbnr/ppppp1pp/5p2/8/4P3/8/PPPP1PPP/RNBQKBNR w KQkq - 0 2	c2c3	a2a3	-	-
positions		rnbqkbnr/ppppp1pp/5p2/8/4P3/8/PPPP1PPP/RNBQKBNR w KQkq - 0 2	c2c3		-	-
positions		rnbqkbnr/ppppp1pp/5p2/8/4P3/8/PPPP1PPP/RNBQKBNR w KQkq - 0 2	c2c4	a2a3	-	-
positions		rnbqkbnr/ppppp1pp/5p2/8/4P3/8/PPPP1PPP/RNBQKBNR w KQkq - 0 2	c2c4		-	-
positions		rnbqkbnr/ppppp1pp/5p2/8/4P3/8/PPPP1PPP/RNBQKBNR w KQkq - 0 2	d1e2	a2a3	-	-
positions		rnbqkbnr/ppppp1pp/5p2/8/4P3/8/PPPP1PPP/RNBQKBNR w KQkq - 0 2	d1e2		-	-
positions		rnbqkbnr/ppppp1pp/5p2/8/4P3/8/PPPP1PPP/RNBQKBNR w KQkq - 0 2	d1f3	a2a3	-	-
positions		rnbqkbnr/ppppp1pp/5p2/8/4P3/8/PPPP1PPP/RNBQKBNR w KQkq - 0 2	d1f3		-	-
positions		rnbqkbnr/ppppp1pp/5p2/8/4P3/8/PPPP1PPP/RNBQKBNR w KQkq - 0 2	d1g4	a2a3	-	-
positions		rnbqkbnr/ppppp1pp/5p2/8/4P3/8/PPPP1PPP/RNBQKBNR w KQkq - 0 2	d1g4		-	-
positions		rnbqkbnr/ppppp1pp/5p2/8/4P3/8/PPPP1PPP/RNBQKBNR w KQkq - 0 2	d1h5	a2a3	check	giving check
positions		rnbqkbnr/ppppp1pp/5p2/8/4P3/8/PPPP1PPP/RNBQKBNR w KQkq - 0 2	d1h5		check	giving check
positions		rnbqkbnr/ppppp1pp/5p2/8/4P3/8/PPPP1PPP/RNBQKBNR w KQkq - 0 2	d2d3	a2a3	-	-
positions		rnbqkbnr/ppppp1pp/5p2/8/4P3/8/PPPP1PPP/RNBQKBNR w KQkq - 0 2	d2d3		-	-
positions		rnbqkbnr/ppppp1pp/5p2/8/4P3/8/PPPP1PPP/RNBQKBNR w KQkq - 0 2	d2d4	a2a3	centre_control	putting a pawn on d4, one of the four centre squares
positions		rnbqkbnr/ppppp1pp/5p2/8/4P3/8/PPPP1PPP/RNBQKBNR w KQkq - 0 2	d2d4		centre_control	putting a pawn on d4, one of the four centre squares
positions		rnbqkbnr/ppppp1pp/5p2/8/4P3/8/PPPP1PPP/RNBQKBNR w KQkq - 0 2	e1e2	a2a3	-	-
positions		rnbqkbnr/ppppp1pp/5p2/8/4P3/8/PPPP1PPP/RNBQKBNR w KQkq - 0 2	e1e2		-	-
positions		rnbqkbnr/ppppp1pp/5p2/8/4P3/8/PPPP1PPP/RNBQKBNR w KQkq - 0 2	e4e5	a2a3	centre_control	putting a pawn on e5, one of the four centre squares
positions		rnbqkbnr/ppppp1pp/5p2/8/4P3/8/PPPP1PPP/RNBQKBNR w KQkq - 0 2	e4e5		centre_control	putting a pawn on e5, one of the four centre squares
positions		rnbqkbnr/ppppp1pp/5p2/8/4P3/8/PPPP1PPP/RNBQKBNR w KQkq - 0 2	f1a6	a2a3	development	developing your bishop from f1 to a6 — 3 more minor pieces still sit on their starting squares
positions		rnbqkbnr/ppppp1pp/5p2/8/4P3/8/PPPP1PPP/RNBQKBNR w KQkq - 0 2	f1a6		development	developing your bishop from f1 to a6 — 3 more minor pieces still sit on their starting squares
positions		rnbqkbnr/ppppp1pp/5p2/8/4P3/8/PPPP1PPP/RNBQKBNR w KQkq - 0 2	f1b5	a2a3	development	developing your bishop from f1 to b5 — 3 more minor pieces still sit on their starting squares
positions		rnbqkbnr/ppppp1pp/5p2/8/4P3/8/PPPP1PPP/RNBQKBNR w KQkq - 0 2	f1b5		development	developing your bishop from f1 to b5 — 3 more minor pieces still sit on their starting squares
positions		rnbqkbnr/ppppp1pp/5p2/8/4P3/8/PPPP1PPP/RNBQKBNR w KQkq - 0 2	f1c4	a2a3	attack	attacking their knight on g8
positions		rnbqkbnr/ppppp1pp/5p2/8/4P3/8/PPPP1PPP/RNBQKBNR w KQkq - 0 2	f1c4		attack	attacking your knight on g8
positions		rnbqkbnr/ppppp1pp/5p2/8/4P3/8/PPPP1PPP/RNBQKBNR w KQkq - 0 2	f1d3	a2a3	development	developing your bishop from f1 to d3 — 3 more minor pieces still sit on their starting squares
positions		rnbqkbnr/ppppp1pp/5p2/8/4P3/8/PPPP1PPP/RNBQKBNR w KQkq - 0 2	f1d3		development	developing your bishop from f1 to d3 — 3 more minor pieces still sit on their starting squares
positions		rnbqkbnr/ppppp1pp/5p2/8/4P3/8/PPPP1PPP/RNBQKBNR w KQkq - 0 2	f1e2	a2a3	development	developing your bishop from f1 to e2 — 3 more minor pieces still sit on their starting squares
positions		rnbqkbnr/ppppp1pp/5p2/8/4P3/8/PPPP1PPP/RNBQKBNR w KQkq - 0 2	f1e2		development	developing your bishop from f1 to e2 — 3 more minor pieces still sit on their starting squares
positions		rnbqkbnr/ppppp1pp/5p2/8/4P3/8/PPPP1PPP/RNBQKBNR w KQkq - 0 2	f2f3	a2a3	-	-
positions		rnbqkbnr/ppppp1pp/5p2/8/4P3/8/PPPP1PPP/RNBQKBNR w KQkq - 0 2	f2f3		-	-
positions		rnbqkbnr/ppppp1pp/5p2/8/4P3/8/PPPP1PPP/RNBQKBNR w KQkq - 0 2	f2f4	a2a3	centre_control	adding an attacker to e5 (yours 1 to their 1) in the centre
positions		rnbqkbnr/ppppp1pp/5p2/8/4P3/8/PPPP1PPP/RNBQKBNR w KQkq - 0 2	f2f4		centre_control	adding an attacker to e5 (yours 1 to their 1) in the centre
positions		rnbqkbnr/ppppp1pp/5p2/8/4P3/8/PPPP1PPP/RNBQKBNR w KQkq - 0 2	g1e2	a2a3	development	developing your knight from g1 to e2 — 3 more minor pieces still sit on their starting squares
positions		rnbqkbnr/ppppp1pp/5p2/8/4P3/8/PPPP1PPP/RNBQKBNR w KQkq - 0 2	g1e2		development	developing your knight from g1 to e2 — 3 more minor pieces still sit on their starting squares
positions		rnbqkbnr/ppppp1pp/5p2/8/4P3/8/PPPP1PPP/RNBQKBNR w KQkq - 0 2	g1f3	a2a3	development	developing your knight from g1 to f3 — 3 more minor pieces still sit on their starting squares
positions		rnbqkbnr/ppppp1pp/5p2/8/4P3/8/PPPP1PPP/RNBQKBNR w KQkq - 0 2	g1f3		development	developing your knight from g1 to f3 — 3 more minor pieces still sit on their starting squares
positions		rnbqkbnr/ppppp1pp/5p2/8/4P3/8/PPPP1PPP/RNBQKBNR w KQkq - 0 2	g1h3	a2a3	development	developing your knight from g1 to h3 — 3 more minor pieces still sit on their starting squares
positions		rnbqkbnr/ppppp1pp/5p2/8/4P3/8/PPPP1PPP/RNBQKBNR w KQkq - 0 2	g1h3		development	developing your knight from g1 to h3 — 3 more minor pieces still sit on their starting squares
positions		rnbqkbnr/ppppp1pp/5p2/8/4P3/8/PPPP1PPP/RNBQKBNR w KQkq - 0 2	g2g3	a2a3	-	-
positions		rnbqkbnr/ppppp1pp/5p2/8/4P3/8/PPPP1PPP/RNBQKBNR w KQkq - 0 2	g2g3		-	-
positions		rnbqkbnr/ppppp1pp/5p2/8/4P3/8/PPPP1PPP/RNBQKBNR w KQkq - 0 2	g2g4	a2a3	-	-
positions		rnbqkbnr/ppppp1pp/5p2/8/4P3/8/PPPP1PPP/RNBQKBNR w KQkq - 0 2	g2g4		-	-
positions		rnbqkbnr/ppppp1pp/5p2/8/4P3/8/PPPP1PPP/RNBQKBNR w KQkq - 0 2	h2h3	a2a3	-	-
positions		rnbqkbnr/ppppp1pp/5p2/8/4P3/8/PPPP1PPP/RNBQKBNR w KQkq - 0 2	h2h3		-	-
positions		rnbqkbnr/ppppp1pp/5p2/8/4P3/8/PPPP1PPP/RNBQKBNR w KQkq - 0 2	h2h4	a2a3	-	-
positions		rnbqkbnr/ppppp1pp/5p2/8/4P3/8/PPPP1PPP/RNBQKBNR w KQkq - 0 2	h2h4		-	-
positions		r1b2rk1/pp1nqppp/2pbpn2/3p4/2PP4/2NBPN2/PP2QPPP/R1B2RK1 w - - 0 10	a1b1	a2a3	-	-
positions		r1b2rk1/pp1nqppp/2pbpn2/3p4/2PP4/2NBPN2/PP2QPPP/R1B2RK1 w - - 0 10	a1b1		-	-
positions		r1b2rk1/pp1nqppp/2pbpn2/3p4/2PP4/2NBPN2/PP2QPPP/R1B2RK1 w - - 0 10	a2a3	a1b1	-	-
positions		r1b2rk1/pp1nqppp/2pbpn2/3p4/2PP4/2NBPN2/PP2QPPP/R1B2RK1 w - - 0 10	a2a3		-	-
positions		r1b2rk1/pp1nqppp/2pbpn2/3p4/2PP4/2NBPN2/PP2QPPP/R1B2RK1 w - - 0 10	a2a4	a1b1	-	-
positions		r1b2rk1/pp1nqppp/2pbpn2/3p4/2PP4/2NBPN2/PP2QPPP/R1B2RK1 w - - 0 10	a2a4		-	-
positions		r1b2rk1/pp1nqppp/2pbpn2/3p4/2PP4/2NBPN2/PP2QPPP/R1B2RK1 w - - 0 10	b2b3	a1b1	extra_defender	adding a defender to your pawn on c4
positions		r1b2rk1/pp1nqppp/2pbpn2/3p4/2PP4/2NBPN2/PP2QPPP/R1B2RK1 w - - 0 10	b2b3		extra_defender	adding a defender to your pawn on c4
positions		r1b2rk1/pp1nqppp/2pbpn2/3p4/2PP4/2NBPN2/PP2QPPP/R1B2RK1 w - - 0 10	b2b4	a1b1	-	-
positions		r1b2rk1/pp1nqppp/2pbpn2/3p4/2PP4/2NBPN2/PP2QPPP/R1B2RK1 w - - 0 10	b2b4		-	-
positions		r1b2rk1/pp1nqppp/2pbpn2/3p4/2PP4/2NBPN2/PP2QPPP/R1B2RK1 w - - 0 10	c1d2	a1b1	development	developing your bishop from c1 to d2 — that is every minor piece off its starting square
positions		r1b2rk1/pp1nqppp/2pbpn2/3p4/2PP4/2NBPN2/PP2QPPP/R1B2RK1 w - - 0 10	c1d2		development	developing your bishop from c1 to d2 — that is every minor piece off its starting square
positions		r1b2rk1/pp1nqppp/2pbpn2/3p4/2PP4/2NBPN2/PP2QPPP/R1B2RK1 w - - 0 10	c3a4	a1b1	-	-
positions		r1b2rk1/pp1nqppp/2pbpn2/3p4/2PP4/2NBPN2/PP2QPPP/R1B2RK1 w - - 0 10	c3a4		-	-
positions		r1b2rk1/pp1nqppp/2pbpn2/3p4/2PP4/2NBPN2/PP2QPPP/R1B2RK1 w - - 0 10	c3b1	a1b1	-	-
positions		r1b2rk1/pp1nqppp/2pbpn2/3p4/2PP4/2NBPN2/PP2QPPP/R1B2RK1 w - - 0 10	c3b1		-	-
positions		r1b2rk1/pp1nqppp/2pbpn2/3p4/2PP4/2NBPN2/PP2QPPP/R1B2RK1 w - - 0 10	c3b5	a1b1	attack	attacking their bishop on d6
positions		r1b2rk1/pp1nqppp/2pbpn2/3p4/2PP4/2NBPN2/PP2QPPP/R1B2RK1 w - - 0 10	c3b5		attack	attacking your bishop on d6
positions		r1b2rk1/pp1nqppp/2pbpn2/3p4/2PP4/2NBPN2/PP2QPPP/R1B2RK1 w - - 0 10	c3d1	a1b1	-	-
positions		r1b2rk1/pp1nqppp/2pbpn2/3p4/2PP4/2NBPN2/PP2QPPP/R1B2RK1 w - - 0 10	c3d1		-	-
positions		r1b2rk1/pp1nqppp/2pbpn2/3p4/2PP4/2NBPN2/PP2QPPP/R1B2RK1 w - - 0 10	c3d5	a1b1	capture	capturing their pawn on d5
positions		r1b2rk1/pp1nqppp/2pbpn2/3p4/2PP4/2NBPN2/PP2QPPP/R1B2RK1 w - - 0 10	c3d5		capture	capturing your pawn on d5
positions		r1b2rk1/pp1nqppp/2pbpn2/3p4/2PP4/2NBPN2/PP2QPPP/R1B2RK1 w - - 0 10	c3e4	a1b1	fork	hitting their bishop on d6 and their knight on f6
positions		r1b2rk1/pp1nqppp/2pbpn2/3p4/2PP4/2NBPN2/PP2QPPP/R1B2RK1 w - - 0 10	c3e4		fork	hitting your bishop on d6 and your knight on f6
positions		r1b2rk1/pp1nqppp/2pbpn2/3p4/2PP4/2NBPN2/PP2QPPP/R1B2RK1 w - - 0 10	c4c5	a1b1	attack	attacking their bishop on d6
positions		r1b2rk1/pp1nqppp/2pbpn2/3p4/2PP4/2NBPN2/PP2QPPP/R1B2RK1 w - - 0 10	c4c5		attack	attacking your bishop on d6
positions		r1b2rk1/pp1nqppp/2pbpn2/3p4/2PP4/2NBPN2/PP2QPPP/R1B2RK1 w - - 0 10	c4d5	a1b1	capture	capturing their pawn on d5
positions		r1b2rk1/pp1nqppp/2pbpn2/3p4/2PP4/2NBPN2/PP2QPPP/R1B2RK1 w - - 0 10	c4d5		capture	capturing your pawn on d5
positions		r1b2rk1/pp1nqppp/2pbpn2/3p4/2PP4/2NBPN2/PP2QPPP/R1B2RK1 w - - 0 10	d3b1	a1b1	-	-
positions		r1b2rk1/pp1nqppp/2pbpn2/3p4/2PP4/2NBPN2/PP2QPPP/R1B2RK1 w - - 0 10	d3b1		-	-
positions		r1b2rk1/pp1nqppp/2pbpn2/3p4/2PP4/2NBPN2/PP2QPPP/R1B2RK1 w - - 0 10	d3c2	a1b1	-	-
positions		r1b2rk1/pp1nqppp/2pbpn2/3p4/2PP4/2NBPN2/PP2QPPP/R1B2RK1 w - - 0 10	d3c2		-	-
positions		r1b2rk1/pp1nqppp/2pbpn2/3p4/2PP4/2NBPN2/PP2QPPP/R1B2RK1 w - - 0 10	d3e4	a1b1	centre_control	adding an attacker to d5 (yours 3 to their 3) in the centre
positions		r1b2rk1/pp1nqppp/2pbpn2/3p4/2PP4/2NBPN2/PP2QPPP/R1B2RK1 w - - 0 10	d3e4		centre_control	adding an attacker to d5 (yours 3 to their 3) in the centre
positions		r1b2rk1/pp1nqppp/2pbpn2/3p4/2PP4/2NBPN2/PP2QPPP/R1B2RK1 w - - 0 10	d3f5	a1b1	-	-
positions		r1b2rk1/pp1nqppp/2pbpn2/3p4/2PP4/2NBPN2/PP2QPPP/R1B2RK1 w - - 0 10	d3f5		-	-
positions		r1b2rk1/pp1nqppp/2pbpn2/3p4/2PP4/2NBPN2/PP2QPPP/R1B2RK1 w - - 0 10	d3g6	a1b1	-	-
positions		r1b2rk1/pp1nqppp/2pbpn2/3p4/2PP4/2NBPN2/PP2QPPP/R1B2RK1 w - - 0 10	d3g6		-	-
positions		r1b2rk1/pp1nqppp/2pbpn2/3p4/2PP4/2NBPN2/PP2QPPP/R1B2RK1 w - - 0 10	d3h7	a1b1	capture	capturing their pawn on h7
positions		r1b2rk1/pp1nqppp/2pbpn2/3p4/2PP4/2NBPN2/PP2QPPP/R1B2RK1 w - - 0 10	d3h7		capture	capturing your pawn on h7
positions		r1b2rk1/pp1nqppp/2pbpn2/3p4/2PP4/2NBPN2/PP2QPPP/R1B2RK1 w - - 0 10	e2c2	a1b1	-	-
positions		r1b2rk1/pp1nqppp/2pbpn2/3p4/2PP4/2NBPN2/PP2QPPP/R1B2RK1 w - - 0 10	e2c2		-	-
positions		r1b2rk1/pp1nqppp/2pbpn2/3p4/2PP4/2NBPN2/PP2QPPP/R1B2RK1 w - - 0 10	e2d1	a1b1	-	-
positions		r1b2rk1/pp1nqppp/2pbpn2/3p4/2PP4/2NBPN2/PP2QPPP/R1B2RK1 w - - 0 10	e2d1		-	-
positions		r1b2rk1/pp1nqppp/2pbpn2/3p4/2PP4/2NBPN2/PP2QPPP/R1B2RK1 w - - 0 10	e2d2	a1b1	-	-
positions		r1b2rk1/pp1nqppp/2pbpn2/3p4/2PP4/2NBPN2/PP2QPPP/R1B2RK1 w - - 0 10	e2d2		-	-
positions		r1b2rk1/pp1nqppp/2pbpn2/3p4/2PP4/2NBPN2/PP2QPPP/R1B2RK1 w - - 0 10	e2e1	a1b1	-	-
positions		r1b2rk1/pp1nqppp/2pbpn2/3p4/2PP4/2NBPN2/PP2QPPP/R1B2RK1 w - - 0 10	e2e1		-	-
positions		r1b2rk1/pp1nqppp/2pbpn2/3p4/2PP4/2NBPN2/PP2QPPP/R1B2RK1 w - - 0 10	e3e4	a1b1	centre_control	putting a pawn on e4, one of the four centre squares
positions		r1b2rk1/pp1nqppp/2pbpn2/3p4/2PP4/2NBPN2/PP2QPPP/R1B2RK1 w - - 0 10	e3e4		centre_control	putting a pawn on e4, one of the four centre squares
positions		r1b2rk1/pp1nqppp/2pbpn2/3p4/2PP4/2NBPN2/PP2QPPP/R1B2RK1 w - - 0 10	f1d1	a1b1	-	-
positions		r1b2rk1/pp1nqppp/2pbpn2/3p4/2PP4/2NBPN2/PP2QPPP/R1B2RK1 w - - 0 10	f1d1		-	-
positions		r1b2rk1/pp1nqppp/2pbpn2/3p4/2PP4/2NBPN2/PP2QPPP/R1B2RK1 w - - 0 10	f1e1	a1b1	-	-
positions		r1b2rk1/pp1nqppp/2pbpn2/3p4/2PP4/2NBPN2/PP2QPPP/R1B2RK1 w - - 0 10	f1e1		-	-
positions		r1b2rk1/pp1nqppp/2pbpn2/3p4/2PP4/2NBPN2/PP2QPPP/R1B2RK1 w - - 0 10	f3d2	a1b1	extra_defender	adding a defender to your pawn on c4
positions		r1b2rk1/pp1nqppp/2pbpn2/3p4/2PP4/2NBPN2/PP2QPPP/R1B2RK1 w - - 0 10	f3d2		extra_defender	adding a defender to your pawn on c4
positions		r1b2rk1/pp1nqppp/2pbpn2/3p4/2PP4/2NBPN2/PP2QPPP/R1B2RK1 w - - 0 10	f3e1	a1b1	-	-
positions		r1b2rk1/pp1nqppp/2pbpn2/3p4/2PP4/2NBPN2/PP2QPPP/R1B2RK1 w - - 0 10	f3e1		-	-
positions		r1b2rk1/pp1nqppp/2pbpn2/3p4/2PP4/2NBPN2/PP2QPPP/R1B2RK1 w - - 0 10	f3e5	a1b1	attack	attacking their knight on d7
positions		r1b2rk1/pp1nqppp/2pbpn2/3p4/2PP4/2NBPN2/PP2QPPP/R1B2RK1 w - - 0 10	f3e5		attack	attacking your knight on d7
positions		r1b2rk1/pp1nqppp/2pbpn2/3p4/2PP4/2NBPN2/PP2QPPP/R1B2RK1 w - - 0 10	f3g5	a1b1	centre_control	taking control of e4 (yours 3 to their 2) in the centre
positions		r1b2rk1/pp1nqppp/2pbpn2/3p4/2PP4/2NBPN2/PP2QPPP/R1B2RK1 w - - 0 10	f3g5		centre_control	taking control of e4 (yours 3 to their 2) in the centre
positions		r1b2rk1/pp1nqppp/2pbpn2/3p4/2PP4/2NBPN2/PP2QPPP/R1B2RK1 w - - 0 10	f3h4	a1b1	-	-
positions		r1b2rk1/pp1nqppp/2pbpn2/3p4/2PP4/2NBPN2/PP2QPPP/R1B2RK1 w - - 0 10	f3h4		-	-
positions		r1b2rk1/pp1nqppp/2pbpn2/3p4/2PP4/2NBPN2/PP2QPPP/R1B2RK1 w - - 0 10	g1h1	a1b1	extra_defender	adding a defender to your pawn on h2
positions		r1b2rk1/pp1nqppp/2pbpn2/3p4/2PP4/2NBPN2/PP2QPPP/R1B2RK1 w - - 0 10	g1h1		extra_defender	adding a defender to your pawn on h2
positions		r1b2rk1/pp1nqppp/2pbpn2/3p4/2PP4/2NBPN2/PP2QPPP/R1B2RK1 w - - 0 10	g2g3	a1b1	-	-
positions		r1b2rk1/pp1nqppp/2pbpn2/3p4/2PP4/2NBPN2/PP2QPPP/R1B2RK1 w - - 0 10	g2g3		-	-
positions		r1b2rk1/pp1nqppp/2pbpn2/3p4/2PP4/2NBPN2/PP2QPPP/R1B2RK1 w - - 0 10	g2g4	a1b1	-	-
positions		r1b2rk1/pp1nqppp/2pbpn2/3p4/2PP4/2NBPN2/PP2QPPP/R1B2RK1 w - - 0 10	g2g4		-	-
positions		r1b2rk1/pp1nqppp/2pbpn2/3p4/2PP4/2NBPN2/PP2QPPP/R1B2RK1 w - - 0 10	h2h3	a1b1	escape	moving your pawn off h2 where it was attacked
positions		r1b2rk1/pp1nqppp/2pbpn2/3p4/2PP4/2NBPN2/PP2QPPP/R1B2RK1 w - - 0 10	h2h3		escape	moving your pawn off h2 where it was attacked
positions		r1b2rk1/pp1nqppp/2pbpn2/3p4/2PP4/2NBPN2/PP2QPPP/R1B2RK1 w - - 0 10	h2h4	a1b1	escape	moving your pawn off h2 where it was attacked
positions		r1b2rk1/pp1nqppp/2pbpn2/3p4/2PP4/2NBPN2/PP2QPPP/R1B2RK1 w - - 0 10	h2h4		escape	moving your pawn off h2 where it was attacked
positions		8/8/8/4k3/8/8/8/4K2R w - - 0 1	e1d1	e1d2	-	-
positions		8/8/8/4k3/8/8/8/4K2R w - - 0 1	e1d1		-	-
positions		8/8/8/4k3/8/8/8/4K2R w - - 0 1	e1d2	e1d1	king_activity	walking your king from e1 to d2, closer to the centre
positions		8/8/8/4k3/8/8/8/4K2R w - - 0 1	e1d2		king_activity	walking your king from e1 to d2, closer to the centre
positions		8/8/8/4k3/8/8/8/4K2R w - - 0 1	e1e2	e1d1	king_activity	walking your king from e1 to e2, closer to the centre
positions		8/8/8/4k3/8/8/8/4K2R w - - 0 1	e1e2		king_activity	walking your king from e1 to e2, closer to the centre
positions		8/8/8/4k3/8/8/8/4K2R w - - 0 1	e1f1	e1d1	-	-
positions		8/8/8/4k3/8/8/8/4K2R w - - 0 1	e1f1		-	-
positions		8/8/8/4k3/8/8/8/4K2R w - - 0 1	e1f2	e1d1	king_activity	walking your king from e1 to f2, closer to the centre
positions		8/8/8/4k3/8/8/8/4K2R w - - 0 1	e1f2		king_activity	walking your king from e1 to f2, closer to the centre
positions		8/8/8/4k3/8/8/8/4K2R w - - 0 1	h1f1	e1d1	open_file	moving your rook to f1 on the open f-file
positions		8/8/8/4k3/8/8/8/4K2R w - - 0 1	h1f1		open_file	moving your rook to f1 on the open f-file
positions		8/8/8/4k3/8/8/8/4K2R w - - 0 1	h1g1	e1d1	open_file	moving your rook to g1 on the open g-file
positions		8/8/8/4k3/8/8/8/4K2R w - - 0 1	h1g1		open_file	moving your rook to g1 on the open g-file
positions		8/8/8/4k3/8/8/8/4K2R w - - 0 1	h1h2	e1d1	open_file	moving your rook to h2 on the open h-file
positions		8/8/8/4k3/8/8/8/4K2R w - - 0 1	h1h2		open_file	moving your rook to h2 on the open h-file
positions		8/8/8/4k3/8/8/8/4K2R w - - 0 1	h1h3	e1d1	open_file	moving your rook to h3 on the open h-file
positions		8/8/8/4k3/8/8/8/4K2R w - - 0 1	h1h3		open_file	moving your rook to h3 on the open h-file
positions		8/8/8/4k3/8/8/8/4K2R w - - 0 1	h1h4	e1d1	open_file	moving your rook to h4 on the open h-file
positions		8/8/8/4k3/8/8/8/4K2R w - - 0 1	h1h4		open_file	moving your rook to h4 on the open h-file
positions		8/8/8/4k3/8/8/8/4K2R w - - 0 1	h1h5	e1d1	check	giving check
positions		8/8/8/4k3/8/8/8/4K2R w - - 0 1	h1h5		check	giving check
positions		8/8/8/4k3/8/8/8/4K2R w - - 0 1	h1h6	e1d1	open_file	moving your rook to h6 on the open h-file
positions		8/8/8/4k3/8/8/8/4K2R w - - 0 1	h1h6		open_file	moving your rook to h6 on the open h-file
positions		8/8/8/4k3/8/8/8/4K2R w - - 0 1	h1h7	e1d1	open_file	moving your rook to h7 on the open h-file
positions		8/8/8/4k3/8/8/8/4K2R w - - 0 1	h1h7		open_file	moving your rook to h7 on the open h-file
positions		8/8/8/4k3/8/8/8/4K2R w - - 0 1	h1h8	e1d1	open_file	moving your rook to h8 on the open h-file
positions		8/8/8/4k3/8/8/8/4K2R w - - 0 1	h1h8		open_file	moving your rook to h8 on the open h-file
positions		8/8/4k3/8/4Pp2/8/5K2/4R3 w - - 0 1	e1a1	e1b1	open_file	moving your rook to a1 on the open a-file
positions		8/8/4k3/8/4Pp2/8/5K2/4R3 w - - 0 1	e1a1		open_file	moving your rook to a1 on the open a-file
positions		8/8/4k3/8/4Pp2/8/5K2/4R3 w - - 0 1	e1b1	e1a1	open_file	moving your rook to b1 on the open b-file
positions		8/8/4k3/8/4Pp2/8/5K2/4R3 w - - 0 1	e1b1		open_file	moving your rook to b1 on the open b-file
positions		8/8/4k3/8/4Pp2/8/5K2/4R3 w - - 0 1	e1c1	e1a1	open_file	moving your rook to c1 on the open c-file
positions		8/8/4k3/8/4Pp2/8/5K2/4R3 w - - 0 1	e1c1		open_file	moving your rook to c1 on the open c-file
positions		8/8/4k3/8/4Pp2/8/5K2/4R3 w - - 0 1	e1d1	e1a1	open_file	moving your rook to d1 on the open d-file
positions		8/8/4k3/8/4Pp2/8/5K2/4R3 w - - 0 1	e1d1		open_file	moving your rook to d1 on the open d-file
positions		8/8/4k3/8/4Pp2/8/5K2/4R3 w - - 0 1	e1e2	e1a1	-	-
positions		8/8/4k3/8/4Pp2/8/5K2/4R3 w - - 0 1	e1e2		-	-
positions		8/8/4k3/8/4Pp2/8/5K2/4R3 w - - 0 1	e1e3	e1a1	-	-
positions		8/8/4k3/8/4Pp2/8/5K2/4R3 w - - 0 1	e1e3		-	-
positions		8/8/4k3/8/4Pp2/8/5K2/4R3 w - - 0 1	e1f1	e1a1	open_file	moving your rook to f1 on the half-open f-file
positions		8/8/4k3/8/4Pp2/8/5K2/4R3 w - - 0 1	e1f1		open_file	moving your rook to f1 on the half-open f-file
positions		8/8/4k3/8/4Pp2/8/5K2/4R3 w - - 0 1	e1g1	e1a1	open_file	moving your rook to g1 on the open g-file
positions		8/8/4k3/8/4Pp2/8/5K2/4R3 w - - 0 1	e1g1		open_file	moving your rook to g1 on the open g-file
positions		8/8/4k3/8/4Pp2/8/5K2/4R3 w - - 0 1	e1h1	e1a1	open_file	moving your rook to h1 on the open h-file
positions		8/8/4k3/8/4Pp2/8/5K2/4R3 w - - 0 1	e1h1		open_file	moving your rook to h1 on the open h-file
positions		8/8/4k3/8/4Pp2/8/5K2/4R3 w - - 0 1	e4e5	e1a1	-	-
positions		8/8/4k3/8/4Pp2/8/5K2/4R3 w - - 0 1	e4e5		-	-
positions		8/8/4k3/8/4Pp2/8/5K2/4R3 w - - 0 1	f2e2	e1a1	-	-
positions		8/8/4k3/8/4Pp2/8/5K2/4R3 w - - 0 1	f2e2		-	-
positions		8/8/4k3/8/4Pp2/8/5K2/4R3 w - - 0 1	f2f1	e1a1	-	-
positions		8/8/4k3/8/4Pp2/8/5K2/4R3 w - - 0 1	f2f1		-	-
positions		8/8/4k3/8/4Pp2/8/5K2/4R3 w - - 0 1	f2f3	e1a1	king_activity	walking your king from f2 to f3, closer to the centre
positions		8/8/4k3/8/4Pp2/8/5K2/4R3 w - - 0 1	f2f3		king_activity	walking your king from f2 to f3, closer to the centre
positions		8/8/4k3/8/4Pp2/8/5K2/4R3 w - - 0 1	f2g1	e1a1	-	-
positions		8/8/4k3/8/4Pp2/8/5K2/4R3 w - - 0 1	f2g1		-	-
positions		8/8/4k3/8/4Pp2/8/5K2/4R3 w - - 0 1	f2g2	e1a1	-	-
positions		8/8/4k3/8/4Pp2/8/5K2/4R3 w - - 0 1	f2g2		-	-
move_feedback		rnbqkbnr/pppp1ppp/8/4p3/4P3/8/PPPP1PPP/RNBQKBNR w KQkq - 0 2	a2a3	a2a4	-	-
move_feedback		rnbqkbnr/pppp1ppp/8/4p3/4P3/8/PPPP1PPP/RNBQKBNR w KQkq - 0 2	a2a3		-	-
move_feedback		rnbqkbnr/pppp1ppp/8/4p3/4P3/8/PPPP1PPP/RNBQKBNR w KQkq - 0 2	a2a4	a2a3	-	-
move_feedback		rnbqkbnr/pppp1ppp/8/4p3/4P3/8/PPPP1PPP/RNBQKBNR w KQkq - 0 2	a2a4		-	-
move_feedback		rnbqkbnr/pppp1ppp/8/4p3/4P3/8/PPPP1PPP/RNBQKBNR w KQkq - 0 2	b1a3	a2a3	development	developing your knight from b1 to a3 — 3 more minor pieces still sit on their starting squares
move_feedback		rnbqkbnr/pppp1ppp/8/4p3/4P3/8/PPPP1PPP/RNBQKBNR w KQkq - 0 2	b1a3		development	developing your knight from b1 to a3 — 3 more minor pieces still sit on their starting squares
move_feedback		rnbqkbnr/pppp1ppp/8/4p3/4P3/8/PPPP1PPP/RNBQKBNR w KQkq - 0 2	b1c3	a2a3	mobility	moving your knight from b1 to c3, where it covers 5 squares instead of 2
move_feedback		rnbqkbnr/pppp1ppp/8/4p3/4P3/8/PPPP1PPP/RNBQKBNR w KQkq - 0 2	b1c3		mobility	moving your knight from b1 to c3, where it covers 5 squares instead of 2
move_feedback		rnbqkbnr/pppp1ppp/8/4p3/4P3/8/PPPP1PPP/RNBQKBNR w KQkq - 0 2	b2b3	a2a3	-	-
move_feedback		rnbqkbnr/pppp1ppp/8/4p3/4P3/8/PPPP1PPP/RNBQKBNR w KQkq - 0 2	b2b3		-	-
move_feedback		rnbqkbnr/pppp1ppp/8/4p3/4P3/8/PPPP1PPP/RNBQKBNR w KQkq - 0 2	b2b4	a2a3	-	-
move_feedback		rnbqkbnr/pppp1ppp/8/4p3/4P3/8/PPPP1PPP/RNBQKBNR w KQkq - 0 2	b2b4		-	-
move_feedback		rnbqkbnr/pppp1ppp/8/4p3/4P3/8/PPPP1PPP/RNBQKBNR w KQkq - 0 2	c2c3	a2a3	centre_control	adding an attacker to d4 (yours 1 to their 1) in the centre
move_feedback		rnbqkbnr/pppp1ppp/8/4p3/4P3/8/PPPP1PPP/RNBQKBNR w KQkq - 0 2	c2c3		centre_control	adding an attacker to d4 (yours 1 to their 1) in the centre
move_feedback		rnbqkbnr/pppp1ppp/8/4p3/4P3/8/PPPP1PPP/RNBQKBNR w KQkq - 0 2	c2c4	a2a3	-	-
move_feedback		rnbqkbnr/pppp1ppp/8/4p3/4P3/8/PPPP1PPP/RNBQKBNR w KQkq - 0 2	c2c4		-	-
move_feedback		rnbqkbnr/pppp1ppp/8/4p3/4P3/8/PPPP1PPP/RNBQKBNR w KQkq - 0 2	d1e2	a2a3	-	-
move_feedback		rnbqkbnr/pppp1ppp/8/4p3/4P3/8/PPPP1PPP/RNBQKBNR w KQkq - 0 2	d1e2		-	-
move_feedback		rnbqkbnr/pppp1ppp/8/4p3/4P3/8/PPPP1PPP/RNBQKBNR w KQkq - 0 2	d1f3	a2a3	-	-
move_feedback		rnbqkbnr/pppp1ppp/8/4p3/4P3/8/PPPP1PPP/RNBQKBNR w KQkq - 0 2	d1f3		-	-
move_feedback		rnbqkbnr/pppp1ppp/8/4p3/4P3/8/PPPP1PPP/RNBQKBNR w KQkq - 0 2	d1g4	a2a3	-	-
move_feedback		rnbqkbnr/pppp1ppp/8/4p3/4P3/8/PPPP1PPP/RNBQKBNR w KQkq - 0 2	d1g4		-	-
move_feedback		rnbqkbnr/pppp1ppp/8/4p3/4P3/8/PPPP1PPP/RNBQKBNR w KQkq - 0 2	d1h5	a2a3	centre_control	taking control of e5 (yours 1 to their 0) in the centre
move_feedback		rnbqkbnr/pppp1ppp/8/4p3/4P3/8/PPPP1PPP/RNBQKBNR w KQkq - 0 2	d1h5		centre_control	taking control of e5 (yours 1 to their 0) in the centre
move_feedback		rnbqkbnr/pppp1ppp/8/4p3/4P3/8/PPPP1PPP/RNBQKBNR w KQkq - 0 2	d2d3	a2a3	-	-
move_feedback		rnbqkbnr/pppp1ppp/8/4p3/4P3/8/PPPP1PPP/RNBQKBNR w KQkq - 0 2	d2d3		-	-
move_feedback		rnbqkbnr/pppp1ppp/8/4p3/4P3/8/PPPP1PPP/RNBQKBNR w KQkq - 0 2	d2d4	a2a3	centre_control	putting a pawn on d4, one of the four centre squares
move_feedback		rnbqkbnr/pppp1ppp/8/4p3/4P3/8/PPPP1PPP/RNBQKBNR w KQkq - 0 2	d2d4		centre_control	putting a pawn on d4, one of the four centre squares
move_feedback		rnbqkbnr/pppp1ppp/8/4p3/4P3/8/PPPP1PPP/RNBQKBNR w KQkq - 0 2	e1e2	a2a3	-	-
move_feedback		rnbqkbnr/pppp1ppp/8/4p3/4P3/8/PPPP1PPP/RNBQKBNR w KQkq - 0 2	e1e2		-	-
move_feedback		rnbqkbnr/pppp1ppp/8/4p3/4P3/8/PPPP1PPP/RNBQKBNR w KQkq - 0 2	f1a6	a2a3	development	developing your bishop from f1 to a6 — 3 more minor pieces still sit on their starting squares
move_feedback		rnbqkbnr/pppp1ppp/8/4p3/4P3/8/PPPP1PPP/RNBQKBNR w KQkq - 0 2	f1a6		development	developing your bishop from f1 to a6 — 3 more minor pieces still sit on their starting squares
move_feedback		rnbqkbnr/pppp1ppp/8/4p3/4P3/8/PPPP1PPP/RNBQKBNR w KQkq - 0 2	f1b5	a2a3	development	developing your bishop from f1 to b5 — 3 more minor pieces still sit on their starting squares
move_feedback		rnbqkbnr/pppp1ppp/8/4p3/4P3/8/PPPP1PPP/RNBQKBNR w KQkq - 0 2	f1b5		development	developing your bishop from f1 to b5 — 3 more minor pieces still sit on their starting squares
move_feedback		rnbqkbnr/pppp1ppp/8/4p3/4P3/8/PPPP1PPP/RNBQKBNR w KQkq - 0 2	f1c4	a2a3	development	developing your bishop from f1 to c4 — 3 more minor pieces still sit on their starting squares
move_feedback		rnbqkbnr/pppp1ppp/8/4p3/4P3/8/PPPP1PPP/RNBQKBNR w KQkq - 0 2	f1c4		development	developing your bishop from f1 to c4 — 3 more minor pieces still sit on their starting squares
move_feedback		rnbqkbnr/pppp1ppp/8/4p3/4P3/8/PPPP1PPP/RNBQKBNR w KQkq - 0 2	f1d3	a2a3	development	developing your bishop from f1 to d3 — 3 more minor pieces still sit on their starting squares
move_feedback		rnbqkbnr/pppp1ppp/8/4p3/4P3/8/PPPP1PPP/RNBQKBNR w KQkq - 0 2	f1d3		development	developing your bishop from f1 to d3 — 3 more minor pieces still sit on their starting squares
move_feedback		rnbqkbnr/pppp1ppp/8/4p3/4P3/8/PPPP1PPP/RNBQKBNR w KQkq - 0 2	f1e2	a2a3	development	developing your bishop from f1 to e2 — 3 more minor pieces still sit on their starting squares
move_feedback		rnbqkbnr/pppp1ppp/8/4p3/4P3/8/PPPP1PPP/RNBQKBNR w KQkq - 0 2	f1e2		development	developing your bishop from f1 to e2 — 3 more minor pieces still sit on their starting squares
move_feedback		rnbqkbnr/pppp1ppp/8/4p3/4P3/8/PPPP1PPP/RNBQKBNR w KQkq - 0 2	f2f3	a2a3	-	-
move_feedback		rnbqkbnr/pppp1ppp/8/4p3/4P3/8/PPPP1PPP/RNBQKBNR w KQkq - 0 2	f2f3		-	-
move_feedback		rnbqkbnr/pppp1ppp/8/4p3/4P3/8/PPPP1PPP/RNBQKBNR w KQkq - 0 2	f2f4	a2a3	centre_control	taking control of e5 (yours 1 to their 0) in the centre
move_feedback		rnbqkbnr/pppp1ppp/8/4p3/4P3/8/PPPP1PPP/RNBQKBNR w KQkq - 0 2	f2f4		centre_control	taking control of e5 (yours 1 to their 0) in the centre
move_feedback		rnbqkbnr/pppp1ppp/8/4p3/4P3/8/PPPP1PPP/RNBQKBNR w KQkq - 0 2	g1e2	a2a3	development	developing your knight from g1 to e2 — 3 more minor pieces still sit on their starting squares
move_feedback		rnbqkbnr/pppp1ppp/8/4p3/4P3/8/PPPP1PPP/RNBQKBNR w KQkq - 0 2	g1e2		development	developing your knight from g1 to e2 — 3 more minor pieces still sit on their starting squares
move_feedback		rnbqkbnr/pppp1ppp/8/4p3/4P3/8/PPPP1PPP/RNBQKBNR w KQkq - 0 2	g1f3	a2a3	development	developing your knight from g1 to f3 — 3 more minor pieces still sit on their starting squares
move_feedback		rnbqkbnr/pppp1ppp/8/4p3/4P3/8/PPPP1PPP/RNBQKBNR w KQkq - 0 2	g1f3		development	developing your knight from g1 to f3 — 3 more minor pieces still sit on their starting squares
move_feedback		rnbqkbnr/pppp1ppp/8/4p3/4P3/8/PPPP1PPP/RNBQKBNR w KQkq - 0 2	g1h3	a2a3	development	developing your knight from g1 to h3 — 3 more minor pieces still sit on their starting squares
move_feedback		rnbqkbnr/pppp1ppp/8/4p3/4P3/8/PPPP1PPP/RNBQKBNR w KQkq - 0 2	g1h3		development	developing your knight from g1 to h3 — 3 more minor pieces still sit on their starting squares
move_feedback		rnbqkbnr/pppp1ppp/8/4p3/4P3/8/PPPP1PPP/RNBQKBNR w KQkq - 0 2	g2g3	a2a3	-	-
move_feedback		rnbqkbnr/pppp1ppp/8/4p3/4P3/8/PPPP1PPP/RNBQKBNR w KQkq - 0 2	g2g3		-	-
move_feedback		rnbqkbnr/pppp1ppp/8/4p3/4P3/8/PPPP1PPP/RNBQKBNR w KQkq - 0 2	g2g4	a2a3	-	-
move_feedback		rnbqkbnr/pppp1ppp/8/4p3/4P3/8/PPPP1PPP/RNBQKBNR w KQkq - 0 2	g2g4		-	-
move_feedback		rnbqkbnr/pppp1ppp/8/4p3/4P3/8/PPPP1PPP/RNBQKBNR w KQkq - 0 2	h2h3	a2a3	-	-
move_feedback		rnbqkbnr/pppp1ppp/8/4p3/4P3/8/PPPP1PPP/RNBQKBNR w KQkq - 0 2	h2h3		-	-
move_feedback		rnbqkbnr/pppp1ppp/8/4p3/4P3/8/PPPP1PPP/RNBQKBNR w KQkq - 0 2	h2h4	a2a3	-	-
move_feedback		rnbqkbnr/pppp1ppp/8/4p3/4P3/8/PPPP1PPP/RNBQKBNR w KQkq - 0 2	h2h4		-	-
move_feedback		rnbqkbnr/pppp1ppp/8/4p3/4P3/5N2/PPPP1PPP/RNBQKB1R b KQkq - 1 2	a7a5	a7a6	-	-
move_feedback		rnbqkbnr/pppp1ppp/8/4p3/4P3/5N2/PPPP1PPP/RNBQKB1R b KQkq - 1 2	a7a5		-	-
move_feedback		rnbqkbnr/pppp1ppp/8/4p3/4P3/5N2/PPPP1PPP/RNBQKB1R b KQkq - 1 2	a7a6	a7a5	-	-
move_feedback		rnbqkbnr/pppp1ppp/8/4p3/4P3/5N2/PPPP1PPP/RNBQKB1R b KQkq - 1 2	a7a6		-	-
move_feedback		rnbqkbnr/pppp1ppp/8/4p3/4P3/5N2/PPPP1PPP/RNBQKB1R b KQkq - 1 2	b7b5	a7a5	-	-
move_feedback		rnbqkbnr/pppp1ppp/8/4p3/4P3/5N2/PPPP1PPP/RNBQKB1R b KQkq - 1 2	b7b5		-	-
move_feedback		rnbqkbnr/pppp1ppp/8/4p3/4P3/5N2/PPPP1PPP/RNBQKB1R b KQkq - 1 2	b7b6	a7a5	-	-
move_feedback		rnbqkbnr/pppp1ppp/8/4p3/4P3/5N2/PPPP1PPP/RNBQKB1R b KQkq - 1 2	b7b6		-	-
move_feedback		rnbqkbnr/pppp1ppp/8/4p3/4P3/5N2/PPPP1PPP/RNBQKB1R b KQkq - 1 2	b8a6	a7a5	development	developing your knight from b8 to a6 — 3 more minor pieces still sit on their starting squares
move_feedback		rnbqkbnr/pppp1ppp/8/4p3/4P3/5N2/PPPP1PPP/RNBQKB1R b KQkq - 1 2	b8a6		development	developing your knight from b8 to a6 — 3 more minor pieces still sit on their starting squares
move_feedback		rnbqkbnr/pppp1ppp/8/4p3/4P3/5N2/PPPP1PPP/RNBQKB1R b KQkq - 1 2	b8c6	a7a5	defend	defending your pawn on e5
move_feedback		rnbqkbnr/pppp1ppp/8/4p3/4P3/5N2/PPPP1PPP/RNBQKB1R b KQkq - 1 2	b8c6		defend	defending your pawn on e5
move_feedback		rnbqkbnr/pppp1ppp/8/4p3/4P3/5N2/PPPP1PPP/RNBQKB1R b KQkq - 1 2	c7c5	a7a5	centre_control	taking control of d4 (yours 2 to their 1) in the centre
move_feedback		rnbqkbnr/pppp1ppp/8/4p3/4P3/5N2/PPPP1PPP/RNBQKB1R b KQkq - 1 2	c7c5		centre_control	taking control of d4 (yours 2 to their 1) in the centre
move_feedback		rnbqkbnr/pppp1ppp/8/4p3/4P3/5N2/PPPP1PPP/RNBQKB1R b KQkq - 1 2	c7c6	a7a5	centre_control	adding an attacker to d5 (yours 1 to their 1) in the centre
move_feedback		rnbqkbnr/pppp1ppp/8/4p3/4P3/5N2/PPPP1PPP/RNBQKB1R b KQkq - 1 2	c7c6		centre_control	adding an attacker to d5 (yours 1 to their 1) in the centre
move_feedback		rnbqkbnr/pppp1ppp/8/4p3/4P3/5N2/PPPP1PPP/RNBQKB1R b KQkq - 1 2	d7d5	a7a5	centre_control	putting a pawn on d5, one of the four centre squares
move_feedback		rnbqkbnr/pppp1ppp/8/4p3/4P3/5N2/PPPP1PPP/RNBQKB1R b KQkq - 1 2	d7d5		centre_control	putting a pawn on d5, one of the four centre squares
move_feedback		rnbqkbnr/pppp1ppp/8/4p3/4P3/5N2/PPPP1PPP/RNBQKB1R b KQkq - 1 2	d7d6	a7a5	defend	defending your pawn on e5
move_feedback		rnbqkbnr/pppp1ppp/8/4p3/4P3/5N2/PPPP1PPP/RNBQKB1R b KQkq - 1 2	d7d6		defend	defending your pawn on e5
move_feedback		rnbqkbnr/pppp1ppp/8/4p3/4P3/5N2/PPPP1PPP/RNBQKB1R b KQkq - 1 2	d8e7	a7a5	defend	defending your pawn on e5
move_feedback		rnbqkbnr/pppp1ppp/8/4p3/4P3/5N2/PPPP1PPP/RNBQKB1R b KQkq - 1 2	d8e7		defend	defending your pawn on e5
move_feedback		rnbqkbnr/pppp1ppp/8/4p3/4P3/5N2/PPPP1PPP/RNBQKB1R b KQkq - 1 2	d8f6	a7a5	attack	attacking their knight on f3
move_feedback		rnbqkbnr/pppp1ppp/8/4p3/4P3/5N2/PPPP1PPP/RNBQKB1R b KQkq - 1 2	d8f6		attack	attacking your knight on f3
move_feedback		rnbqkbnr/pppp1ppp/8/4p3/4P3/5N2/PPPP1PPP/RNBQKB1R b KQkq - 1 2	d8g5	a7a5	defend	defending your pawn on e5
move_feedback		rnbqkbnr/pppp1ppp/8/4p3/4P3/5N2/PPPP1PPP/RNBQKB1R b KQkq - 1 2	d8g5		defend	defending your pawn on e5
move_feedback		rnbqkbnr/pppp1ppp/8/4p3/4P3/5N2/PPPP1PPP/RNBQKB1R b KQkq - 1 2	d8h4	a7a5	centre_control	taking control of e4 (yours 1 to their 0) in the centre
move_feedback		rnbqkbnr/pppp1ppp/8/4p3/4P3/5N2/PPPP1PPP/RNBQKB1R b KQkq - 1 2	d8h4		centre_control	taking control of e4 (yours 1 to their 0) in the centre
move_feedback		rnbqkbnr/pppp1ppp/8/4p3/4P3/5N2/PPPP1PPP/RNBQKB1R b KQkq - 1 2	e8e7	a7a5	-	-
move_feedback		rnbqkbnr/pppp1ppp/8/4p3/4P3/5N2/PPPP1PPP/RNBQKB1R b KQkq - 1 2	e8e7		-	-
move_feedback		rnbqkbnr/pppp1ppp/8/4p3/4P3/5N2/PPPP1PPP/RNBQKB1R b KQkq - 1 2	f7f5	a7a5	centre_control	taking control of e4 (yours 1 to their 0) in the centre
move_feedback		rnbqkbnr/pppp1ppp/8/4p3/4P3/5N2/PPPP1PPP/RNBQKB1R b KQkq - 1 2	f7f5		centre_control	taking control of e4 (yours 1 to their 0) in the centre
move_feedback		rnbqkbnr/pppp1ppp/8/4p3/4P3/5N2/PPPP1PPP/RNBQKB1R b KQkq - 1 2	f7f6	a7a5	defend	defending your pawn on e5
move_feedback		rnbqkbnr/pppp1ppp/8/4p3/4P3/5N2/PPPP1PPP/RNBQKB1R b KQkq - 1 2	f7f6		defend	defending your pawn on e5
move_feedback		rnbqkbnr/pppp1ppp/8/4p3/4P3/5N2/PPPP1PPP/RNBQKB1R b KQkq - 1 2	f8a3	a7a5	development	developing your bishop from f8 to a3 — 3 more minor pieces still sit on their starting squares
move_feedback		rnbqkbnr/pppp1ppp/8/4p3/4P3/5N2/PPPP1PPP/RNBQKB1R b KQkq - 1 2	f8a3		development	developing your bishop from f8 to a3 — 3 more minor pieces still sit on their starting squares
move_feedback		rnbqkbnr/pppp1ppp/8/4p3/4P3/5N2/PPPP1PPP/RNBQKB1R b KQkq - 1 2	f8b4	a7a5	development	developing your bishop from f8 to b4 — 3 more minor pieces still sit on their starting squares
move_feedback		rnbqkbnr/pppp1ppp/8/4p3/4P3/5N2/PPPP1PPP/RNBQKB1R b KQkq - 1 2	f8b4		development	developing your bishop from f8 to b4 — 3 more minor pieces still sit on their starting squares
move_feedback		rnbqkbnr/pppp1ppp/8/4p3/4P3/5N2/PPPP1PPP/RNBQKB1R b KQkq - 1 2	f8c5	a7a5	development	developing your bishop from f8 to c5 — 3 more minor pieces still sit on their starting squares
move_feedback		rnbqkbnr/pppp1ppp/8/4p3/4P3/5N2/PPPP1PPP/RNBQKB1R b KQkq - 1 2	f8c5		development	developing your bishop from f8 to c5 — 3 more minor pieces still sit on their starting squares
move_feedback		rnbqkbnr/pppp1ppp/8/4p3/4P3/5N2/PPPP1PPP/RNBQKB1R b KQkq - 1 2	f8d6	a7a5	defend	defending your pawn on e5
move_feedback		rnbqkbnr/pppp1ppp/8/4p3/4P3/5N2/PPPP1PPP/RNBQKB1R b KQkq - 1 2	f8d6		defend	defending your pawn on e5
move_feedback		rnbqkbnr/pppp1ppp/8/4p3/4P3/5N2/PPPP1PPP/RNBQKB1R b KQkq - 1 2	f8e7	a7a5	development	developing your bishop from f8 to e7 — 3 more minor pieces still sit on their starting squares
move_feedback		rnbqkbnr/pppp1ppp/8/4p3/4P3/5N2/PPPP1PPP/RNBQKB1R b KQkq - 1 2	f8e7		development	developing your bishop from f8 to e7 — 3 more minor pieces still sit on their starting squares
move_feedback		rnbqkbnr/pppp1ppp/8/4p3/4P3/5N2/PPPP1PPP/RNBQKB1R b KQkq - 1 2	g7g5	a7a5	-	-
move_feedback		rnbqkbnr/pppp1ppp/8/4p3/4P3/5N2/PPPP1PPP/RNBQKB1R b KQkq - 1 2	g7g5		-	-
move_feedback		rnbqkbnr/pppp1ppp/8/4p3/4P3/5N2/PPPP1PPP/RNBQKB1R b KQkq - 1 2	g7g6	a7a5	-	-
move_feedback		rnbqkbnr/pppp1ppp/8/4p3/4P3/5N2/PPPP1PPP/RNBQKB1R b KQkq - 1 2	g7g6		-	-
move_feedback		rnbqkbnr/pppp1ppp/8/4p3/4P3/5N2/PPPP1PPP/RNBQKB1R b KQkq - 1 2	g8e7	a7a5	development	developing your knight from g8 to e7 — 3 more minor pieces still sit on their starting squares
move_feedback		rnbqkbnr/pppp1ppp/8/4p3/4P3/5N2/PPPP1PPP/RNBQKB1R b KQkq - 1 2	g8e7		development	developing your knight from g8 to e7 — 3 more minor pieces still sit on their starting squares
move_feedback		rnbqkbnr/pppp1ppp/8/4p3/4P3/5N2/PPPP1PPP/RNBQKB1R b KQkq - 1 2	g8f6	a7a5	development	developing your knight from g8 to f6 — 3 more minor pieces still sit on their starting squares
move_feedback		rnbqkbnr/pppp1ppp/8/4p3/4P3/5N2/PPPP1PPP/RNBQKB1R b KQkq - 1 2	g8f6		development	developing your knight from g8 to f6 — 3 more minor pieces still sit on their starting squares
move_feedback		rnbqkbnr/pppp1ppp/8/4p3/4P3/5N2/PPPP1PPP/RNBQKB1R b KQkq - 1 2	g8h6	a7a5	development	developing your knight from g8 to h6 — 3 more minor pieces still sit on their starting squares
move_feedback		rnbqkbnr/pppp1ppp/8/4p3/4P3/5N2/PPPP1PPP/RNBQKB1R b KQkq - 1 2	g8h6		development	developing your knight from g8 to h6 — 3 more minor pieces still sit on their starting squares
move_feedback		rnbqkbnr/pppp1ppp/8/4p3/4P3/5N2/PPPP1PPP/RNBQKB1R b KQkq - 1 2	h7h5	a7a5	-	-
move_feedback		rnbqkbnr/pppp1ppp/8/4p3/4P3/5N2/PPPP1PPP/RNBQKB1R b KQkq - 1 2	h7h5		-	-
move_feedback		rnbqkbnr/pppp1ppp/8/4p3/4P3/5N2/PPPP1PPP/RNBQKB1R b KQkq - 1 2	h7h6	a7a5	-	-
move_feedback		rnbqkbnr/pppp1ppp/8/4p3/4P3/5N2/PPPP1PPP/RNBQKB1R b KQkq - 1 2	h7h6		-	-
move_feedback		r1bqkbnr/pppp1ppp/2n5/4p3/2B1P3/5N2/PPPP1PPP/RNBQK2R b KQkq - 3 3	a7a5	a7a6	-	-
move_feedback		r1bqkbnr/pppp1ppp/2n5/4p3/2B1P3/5N2/PPPP1PPP/RNBQK2R b KQkq - 3 3	a7a5		-	-
move_feedback		r1bqkbnr/pppp1ppp/2n5/4p3/2B1P3/5N2/PPPP1PPP/RNBQK2R b KQkq - 3 3	a7a6	a7a5	-	-
move_feedback		r1bqkbnr/pppp1ppp/2n5/4p3/2B1P3/5N2/PPPP1PPP/RNBQK2R b KQkq - 3 3	a7a6		-	-
move_feedback		r1bqkbnr/pppp1ppp/2n5/4p3/2B1P3/5N2/PPPP1PPP/RNBQK2R b KQkq - 3 3	a8b8	a7a5	-	-
move_feedback		r1bqkbnr/pppp1ppp/2n5/4p3/2B1P3/5N2/PPPP1PPP/RNBQK2R b KQkq - 3 3	a8b8		-	-
move_feedback		r1bqkbnr/pppp1ppp/2n5/4p3/2B1P3/5N2/PPPP1PPP/RNBQK2R b KQkq - 3 3	b7b5	a7a5	attack	attacking their undefended bishop on c4
move_feedback		r1bqkbnr/pppp1ppp/2n5/4p3/2B1P3/5N2/PPPP1PPP/RNBQK2R b KQkq - 3 3	b7b5		attack	attacking your undefended bishop on c4
move_feedback		r1bqkbnr/pppp1ppp/2n5/4p3/2B1P3/5N2/PPPP1PPP/RNBQK2R b KQkq - 3 3	b7b6	a7a5	-	-
move_feedback		r1bqkbnr/pppp1ppp/2n5/4p3/2B1P3/5N2/PPPP1PPP/RNBQK2R b KQkq - 3 3	b7b6		-	-
move_feedback		r1bqkbnr/pppp1ppp/2n5/4p3/2B1P3/5N2/PPPP1PPP/RNBQK2R b KQkq - 3 3	c6a5	a7a5	attack	attacking their undefended bishop on c4
move_feedback		r1bqkbnr/pppp1ppp/2n5/4p3/2B1P3/5N2/PPPP1PPP/RNBQK2R b KQkq - 3 3	c6a5		attack	attacking your undefended bishop on c4
move_feedback		r1bqkbnr/pppp1ppp/2n5/4p3/2B1P3/5N2/PPPP1PPP/RNBQK2R b KQkq - 3 3	c6b4	a7a5	centre_control	adding an attacker to d5 (yours 1 to their 2) in the centre
move_feedback		r1bqkbnr/pppp1ppp/2n5/4p3/2B1P3/5N2/PPPP1PPP/RNBQK2R b KQkq - 3 3	c6b4		centre_control	adding an attacker to d5 (yours 1 to their 2) in the centre
move_feedback		r1bqkbnr/pppp1ppp/2n5/4p3/2B1P3/5N2/PPPP1PPP/RNBQK2R b KQkq - 3 3	c6b8	a7a5	-	-
move_feedback		r1bqkbnr/pppp1ppp/2n5/4p3/2B1P3/5N2/PPPP1PPP/RNBQK2R b KQkq - 3 3	c6b8		-	-
move_feedback		r1bqkbnr/pppp1ppp/2n5/4p3/2B1P3/5N2/PPPP1PPP/RNBQK2R b KQkq - 3 3	c6d4	a7a5	attack	attacking their knight on f3
move_feedback		r1bqkbnr/pppp1ppp/2n5/4p3/2B1P3/5N2/PPPP1PPP/RNBQK2R b KQkq - 3 3	c6d4		attack	attacking your knight on f3
move_feedback		r1bqkbnr/pppp1ppp/2n5/4p3/2B1P3/5N2/PPPP1PPP/RNBQK2R b KQkq - 3 3	c6e7	a7a5	centre_control	adding an attacker to d5 (yours 1 to their 2) in the centre
move_feedback		r1bqkbnr/pppp1ppp/2n5/4p3/2B1P3/5N2/PPPP1PPP/RNBQK2R b KQkq - 3 3	c6e7		centre_control	adding an attacker to d5 (yours 1 to their 2) in the centre
move_feedback		r1bqkbnr/pppp1ppp/2n5/4p3/2B1P3/5N2/PPPP1PPP/RNBQK2R b KQkq - 3 3	d7d5	a7a5	attack	attacking their undefended bishop on c4
move_feedback		r1bqkbnr/pppp1ppp/2n5/4p3/2B1P3/5N2/PPPP1PPP/RNBQK2R b KQkq - 3 3	d7d5		attack	attacking your undefended bishop on c4
move_feedback		r1bqkbnr/pppp1ppp/2n5/4p3/2B1P3/5N2/PPPP1PPP/RNBQK2R b KQkq - 3 3	d7d6	a7a5	extra_defender	adding a defender to your pawn on e5
move_feedback		r1bqkbnr/pppp1ppp/2n5/4p3/2B1P3/5N2/PPPP1PPP/RNBQK2R b KQkq - 3 3	d7d6		extra_defender	adding a defender to your pawn on e5
move_feedback		r1bqkbnr/pppp1ppp/2n5/4p3/2B1P3/5N2/PPPP1PPP/RNBQK2R b KQkq - 3 3	d8e7	a7a5	extra_defender	adding a defender to your pawn on e5
move_feedback		r1bqkbnr/pppp1ppp/2n5/4p3/2B1P3/5N2/PPPP1PPP/RNBQK2R b KQkq - 3 3	d8e7		extra_defender	adding a defender to your pawn on e5
move_feedback		r1bqkbnr/pppp1ppp/2n5/4p3/2B1P3/5N2/PPPP1PPP/RNBQK2R b KQkq - 3 3	d8f6	a7a5	attack	attacking their knight on f3
move_feedback		r1bqkbnr/pppp1ppp/2n5/4p3/2B1P3/5N2/PPPP1PPP/RNBQK2R b KQkq - 3 3	d8f6		attack	attacking your knight on f3
move_feedback		r1bqkbnr/pppp1ppp/2n5/4p3/2B1P3/5N2/PPPP1PPP/RNBQK2R b KQkq - 3 3	d8g5	a7a5	extra_defender	adding a defender to your pawn on e5
move_feedback		r1bqkbnr/pppp1ppp/2n5/4p3/2B1P3/5N2/PPPP1PPP/RNBQK2R b KQkq - 3 3	d8g5		extra_defender	adding a defender to your pawn on e5
move_feedback		r1bqkbnr/pppp1ppp/2n5/4p3/2B1P3/5N2/PPPP1PPP/RNBQK2R b KQkq - 3 3	d8h4	a7a5	centre_control	taking control of e4 (yours 1 to their 0) in the centre
move_feedback		r1bqkbnr/pppp1ppp/2n5/4p3/2B1P3/5N2/PPPP1PPP/RNBQK2R b KQkq - 3 3	d8h4		centre_control	taking control of e4 (yours 1 to their 0) in the centre
move_feedback		r1bqkbnr/pppp1ppp/2n5/4p3/2B1P3/5N2/PPPP1PPP/RNBQK2R b KQkq - 3 3	e8e7	a7a5	defend	defending your pawn on f7
move_feedback		r1bqkbnr/pppp1ppp/2n5/4p3/2B1P3/5N2/PPPP1PPP/RNBQK2R b KQkq - 3 3	e8e7		defend	defending your pawn on f7
move_feedback		r1bqkbnr/pppp1ppp/2n5/4p3/2B1P3/5N2/PPPP1PPP/RNBQK2R b KQkq - 3 3	f7f5	a7a5	centre_control	taking control of e4 (yours 1 to their 0) in the centre
move_feedback		r1bqkbnr/pppp1ppp/2n5/4p3/2B1P3/5N2/PPPP1PPP/RNBQK2R b KQkq - 3 3	f7f5		centre_control	taking control of e4 (yours 1 to their 0) in the centre
move_feedback		r1bqkbnr/pppp1ppp/2n5/4p3/2B1P3/5N2/PPPP1PPP/RNBQK2R b KQkq - 3 3	f7f6	a7a5	escape	moving your pawn off f7 where it was attacked
move_feedback		r1bqkbnr/pppp1ppp/2n5/4p3/2B1P3/5N2/PPPP1PPP/RNBQK2R b KQkq - 3 3	f7f6		escape	moving your pawn off f7 where it was attacked
move_feedback		r1bqkbnr/pppp1ppp/2n5/4p3/2B1P3/5N2/PPPP1PPP/RNBQK2R b KQkq - 3 3	f8a3	a7a5	development	developing your bishop from f8 to a3 — 2 more minor pieces still sit on their starting squares
move_feedback		r1bqkbnr/pppp1ppp/2n5/4p3/2B1P3/5N2/PPPP1PPP/RNBQK2R b KQkq - 3 3	f8a3		development	developing your bishop from f8 to a3 — 2 more minor pieces still sit on their starting squares
move_feedback		r1bqkbnr/pppp1ppp/2n5/4p3/2B1P3/5N2/PPPP1PPP/RNBQK2R b KQkq - 3 3	f8b4	a7a5	development	developing your bishop from f8 to b4 — 2 more minor pieces still sit on their starting squares
move_feedback		r1bqkbnr/pppp1ppp/2n5/4p3/2B1P3/5N2/PPPP1PPP/RNBQK2R b KQkq - 3 3	f8b4		development	developing your bishop from f8 to b4 — 2 more minor pieces still sit on their starting squares
move_feedback		r1bqkbnr/pppp1ppp/2n5/4p3/2B1P3/5N2/PPPP1PPP/RNBQK2R b KQkq - 3 3	f8c5	a7a5	development	developing your bishop from f8 to c5 — 2 more minor pieces still sit on their starting squares
move_feedback		r1bqkbnr/pppp1ppp/2n5/4p3/2B1P3/5N2/PPPP1PPP/RNBQK2R b KQkq - 3 3	f8c5		development	developing your bishop from f8 to c5 — 2 more minor pieces still sit on their starting squares
move_feedback		r1bqkbnr/pppp1ppp/2n5/4p3/2B1P3/5N2/PPPP1PPP/RNBQK2R b KQkq - 3 3	f8d6	a7a5	extra_defender	adding a defender to your pawn on e5
move_feedback		r1bqkbnr/pppp1ppp/2n5/4p3/2B1P3/5N2/PPPP1PPP/RNBQK2R b KQkq - 3 3	f8d6		extra_defender	adding a defender to your pawn on e5
move_feedback		r1bqkbnr/pppp1ppp/2n5/4p3/2B1P3/5N2/PPPP1PPP/RNBQK2R b KQkq - 3 3	f8e7	a7a5	development	developing your bishop from f8 to e7 — 2 more minor pieces still sit on their starting squares
move_feedback		r1bqkbnr/pppp1ppp/2n5/4p3/2B1P3/5N2/PPPP1PPP/RNBQK2R b KQkq - 3 3	f8e7		development	developing your bishop from f8 to e7 — 2 more minor pieces still sit on their starting squares
move_feedback		r1bqkbnr/pppp1ppp/2n5/4p3/2B1P3/5N2/PPPP1PPP/RNBQK2R b KQkq - 3 3	g7g5	a7a5	-	-
move_feedback		r1bqkbnr/pppp1ppp/2n5/4p3/2B1P3/5N2/PPPP1PPP/RNBQK2R b KQkq - 3 3	g7g5		-	-
move_feedback		r1bqkbnr/pppp1ppp/2n5/4p3/2B1P3/5N2/PPPP1PPP/RNBQK2R b KQkq - 3 3	g7g6	a7a5	-	-
move_feedback		r1bqkbnr/pppp1ppp/2n5/4p3/2B1P3/5N2/PPPP1PPP/RNBQK2R b KQkq - 3 3	g7g6		-	-
move_feedback		r1bqkbnr/pppp1ppp/2n5/4p3/2B1P3/5N2/PPPP1PPP/RNBQK2R b KQkq - 3 3	g8e7	a7a5	development	developing your knight from g8 to e7 — 2 more minor pieces still sit on their starting squares
move_feedback		r1bqkbnr/pppp1ppp/2n5/4p3/2B1P3/5N2/PPPP1PPP/RNBQK2R b KQkq - 3 3	g8e7		development	developing your knight from g8 to e7 — 2 more minor pieces still sit on their starting squares
move_feedback		r1bqkbnr/pppp1ppp/2n5/4p3/2B1P3/5N2/PPPP1PPP/RNBQK2R b KQkq - 3 3	g8f6	a7a5	development	developing your knight from g8 to f6 — 2 more minor pieces still sit on their starting squares
move_feedback		r1bqkbnr/pppp1ppp/2n5/4p3/2B1P3/5N2/PPPP1PPP/RNBQK2R b KQkq - 3 3	g8f6		development	developing your knight from g8 to f6 — 2 more minor pieces still sit on their starting squares
move_feedback		r1bqkbnr/pppp1ppp/2n5/4p3/2B1P3/5N2/PPPP1PPP/RNBQK2R b KQkq - 3 3	g8h6	a7a5	extra_defender	adding a defender to your pawn on f7
move_feedback		r1bqkbnr/pppp1ppp/2n5/4p3/2B1P3/5N2/PPPP1PPP/RNBQK2R b KQkq - 3 3	g8h6		extra_defender	adding a defender to your pawn on f7
move_feedback		r1bqkbnr/pppp1ppp/2n5/4p3/2B1P3/5N2/PPPP1PPP/RNBQK2R b KQkq - 3 3	h7h5	a7a5	-	-
move_feedback		r1bqkbnr/pppp1ppp/2n5/4p3/2B1P3/5N2/PPPP1PPP/RNBQK2R b KQkq - 3 3	h7h5		-	-
move_feedback		r1bqkbnr/pppp1ppp/2n5/4p3/2B1P3/5N2/PPPP1PPP/RNBQK2R b KQkq - 3 3	h7h6	a7a5	-	-
move_feedback		r1bqkbnr/pppp1ppp/2n5/4p3/2B1P3/5N2/PPPP1PPP/RNBQK2R b KQkq - 3 3	h7h6		-	-
move_feedback		r1bqk1nr/pppp1ppp/2n5/2b1p3/2B1P3/5N2/PPPP1PPP/RNBQK2R w KQkq - 4 4	a2a3	a2a4	-	-
move_feedback		r1bqk1nr/pppp1ppp/2n5/2b1p3/2B1P3/5N2/PPPP1PPP/RNBQK2R w KQkq - 4 4	a2a3		-	-
move_feedback		r1bqk1nr/pppp1ppp/2n5/2b1p3/2B1P3/5N2/PPPP1PPP/RNBQK2R w KQkq - 4 4	a2a4	a2a3	-	-
move_feedback		r1bqk1nr/pppp1ppp/2n5/2b1p3/2B1P3/5N2/PPPP1PPP/RNBQK2R w KQkq - 4 4	a2a4		-	-
move_feedback		r1bqk1nr/pppp1ppp/2n5/2b1p3/2B1P3/5N2/PPPP1PPP/RNBQK2R w KQkq - 4 4	b1a3	a2a3	development	developing your knight from b1 to a3 — one more minor piece still sits on its starting square
move_feedback		r1bqk1nr/pppp1ppp/2n5/2b1p3/2B1P3/5N2/PPPP1PPP/RNBQK2R w KQkq - 4 4	b1a3		development	developing your knight from b1 to a3 — one more minor piece still sits on its starting square
move_feedback		r1bqk1nr/pppp1ppp/2n5/2b1p3/2B1P3/5N2/PPPP1PPP/RNBQK2R w KQkq - 4 4	b1c3	a2a3	mobility	moving your knight from b1 to c3, where it covers 5 squares instead of 2
move_feedback		r1bqk1nr/pppp1ppp/2n5/2b1p3/2B1P3/5N2/PPPP1PPP/RNBQK2R w KQkq - 4 4	b1c3		mobility	moving your knight from b1 to c3, where it covers 5 squares instead of 2
move_feedback		r1bqk1nr/pppp1ppp/2n5/2b1p3/2B1P3/5N2/PPPP1PPP/RNBQK2R w KQkq - 4 4	b2b3	a2a3	-	-
move_feedback		r1bqk1nr/pppp1ppp/2n5/2b1p3/2B1P3/5N2/PPPP1PPP/RNBQK2R w KQkq - 4 4	b2b3		-	-
move_feedback		r1bqk1nr/pppp1ppp/2n5/2b1p3/2B1P3/5N2/PPPP1PPP/RNBQK2R w KQkq - 4 4	b2b4	a2a3	attack	attacking their undefended bishop on c5
move_feedback		r1bqk1nr/pppp1ppp/2n5/2b1p3/2B1P3/5N2/PPPP1PPP/RNBQK2R w KQkq - 4 4	b2b4		attack	attacking your undefended bishop on c5
move_feedback		r1bqk1nr/pppp1ppp/2n5/2b1p3/2B1P3/5N2/PPPP1PPP/RNBQK2R w KQkq - 4 4	c2c3	a2a3	centre_control	adding an attacker to d4 (yours 2 to their 3) in the centre
move_feedback		r1bqk1nr/pppp1ppp/2n5/2b1p3/2B1P3/5N2/PPPP1PPP/RNBQK2R w KQkq - 4 4	c2c3		centre_control	adding an attacker to d4 (yours 2 to their 3) in the centre
move_feedback		r1bqk1nr/pppp1ppp/2n5/2b1p3/2B1P3/5N2/PPPP1PPP/RNBQK2R w KQkq - 4 4	c4a6	a2a3	-	-
move_feedback		r1bqk1nr/pppp1ppp/2n5/2b1p3/2B1P3/5N2/PPPP1PPP/RNBQK2R w KQkq - 4 4	c4a6		-	-
move_feedback		r1bqk1nr/pppp1ppp/2n5/2b1p3/2B1P3/5N2/PPPP1PPP/RNBQK2R w KQkq - 4 4	c4b3	a2a3	-	-
move_feedback		r1bqk1nr/pppp1ppp/2n5/2b1p3/2B1P3/5N2/PPPP1PPP/RNBQK2R w KQkq - 4 4	c4b3		-	-
move_feedback		r1bqk1nr/pppp1ppp/2n5/2b1p3/2B1P3/5N2/PPPP1PPP/RNBQK2R w KQkq - 4 4	c4b5	a2a3	attack	attacking their knight on c6
move_feedback		r1bqk1nr/pppp1ppp/2n5/2b1p3/2B1P3/5N2/PPPP1PPP/RNBQK2R w KQkq - 4 4	c4b5		attack	attacking your knight on c6
move_feedback		r1bqk1nr/pppp1ppp/2n5/2b1p3/2B1P3/5N2/PPPP1PPP/RNBQK2R w KQkq - 4 4	c4d3	a2a3	-	-
move_feedback		r1bqk1nr/pppp1ppp/2n5/2b1p3/2B1P3/5N2/PPPP1PPP/RNBQK2R w KQkq - 4 4	c4d3		-	-
move_feedback		r1bqk1nr/pppp1ppp/2n5/2b1p3/2B1P3/5N2/PPPP1PPP/RNBQK2R w KQkq - 4 4	c4d5	a2a3	attack	attacking their knight on c6
move_feedback		r1bqk1nr/pppp1ppp/2n5/2b1p3/2B1P3/5N2/PPPP1PPP/RNBQK2R w KQkq - 4 4	c4d5		attack	attacking your knight on c6
move_feedback		r1bqk1nr/pppp1ppp/2n5/2b1p3/2B1P3/5N2/PPPP1PPP/RNBQK2R w KQkq - 4 4	c4e2	a2a3	-	-
move_feedback		r1bqk1nr/pppp1ppp/2n5/2b1p3/2B1P3/5N2/PPPP1PPP/RNBQK2R w KQkq - 4 4	c4e2		-	-
move_feedback		r1bqk1nr/pppp1ppp/2n5/2b1p3/2B1P3/5N2/PPPP1PPP/RNBQK2R w KQkq - 4 4	c4e6	a2a3	-	-
move_feedback		r1bqk1nr/pppp1ppp/2n5/2b1p3/2B1P3/5N2/PPPP1PPP/RNBQK2R w KQkq - 4 4	c4e6		-	-
move_feedback		r1bqk1nr/pppp1ppp/2n5/2b1p3/2B1P3/5N2/PPPP1PPP/RNBQK2R w KQkq - 4 4	c4f1	a2a3	-	-
move_feedback		r1bqk1nr/pppp1ppp/2n5/2b1p3/2B1P3/5N2/PPPP1PPP/RNBQK2R w KQkq - 4 4	c4f1		-	-
move_feedback		r1bqk1nr/pppp1ppp/2n5/2b1p3/2B1P3/5N2/PPPP1PPP/RNBQK2R w KQkq - 4 4	c4f7	a2a3	capture	capturing their pawn on f7
move_feedback		r1bqk1nr/pppp1ppp/2n5/2b1p3/2B1P3/5N2/PPPP1PPP/RNBQK2R w KQkq - 4 4	c4f7		capture	capturing your pawn on f7
move_feedback		r1bqk1nr/pppp1ppp/2n5/2b1p3/2B1P3/5N2/PPPP1PPP/RNBQK2R w KQkq - 4 4	d1e2	a2a3	mobility	moving your queen from d1 to e2, where it covers 4 squares instead of 1
move_feedback		r1bqk1nr/pppp1ppp/2n5/2b1p3/2B1P3/5N2/PPPP1PPP/RNBQK2R w KQkq - 4 4	d1e2		mobility	moving your queen from d1 to e2, where it covers 4 squares instead of 1
move_feedback		r1bqk1nr/pppp1ppp/2n5/2b1p3/2B1P3/5N2/PPPP1PPP/RNBQK2R w KQkq - 4 4	d2d3	a2a3	-	-
move_feedback		r1bqk1nr/pppp1ppp/2n5/2b1p3/2B1P3/5N2/PPPP1PPP/RNBQK2R w KQkq - 4 4	d2d3		-	-
move_feedback		r1bqk1nr/pppp1ppp/2n5/2b1p3/2B1P3/5N2/PPPP1PPP/RNBQK2R w KQkq - 4 4	d2d4	a2a3	attack	attacking their undefended bishop on c5
move_feedback		r1bqk1nr/pppp1ppp/2n5/2b1p3/2B1P3/5N2/PPPP1PPP/RNBQK2R w KQkq - 4 4	d2d4		attack	attacking your undefended bishop on c5
move_feedback		r1bqk1nr/pppp1ppp/2n5/2b1p3/2B1P3/5N2/PPPP1PPP/RNBQK2R w KQkq - 4 4	e1e2	a2a3	defend	defending your pawn on f2
move_feedback		r1bqk1nr/pppp1ppp/2n5/2b1p3/2B1P3/5N2/PPPP1PPP/RNBQK2R w KQkq - 4 4	e1e2		defend	defending your pawn on f2
move_feedback		r1bqk1nr/pppp1ppp/2n5/2b1p3/2B1P3/5N2/PPPP1PPP/RNBQK2R w KQkq - 4 4	e1f1	a2a3	defend	defending your pawn on f2
move_feedback		r1bqk1nr/pppp1ppp/2n5/2b1p3/2B1P3/5N2/PPPP1PPP/RNBQK2R w KQkq - 4 4	e1f1		defend	defending your pawn on f2
move_feedback		r1bqk1nr/pppp1ppp/2n5/2b1p3/2B1P3/5N2/PPPP1PPP/RNBQK2R w KQkq - 4 4	e1g1	a2a3	castle	castling short to tuck your king onto g1 and connect your rooks
move_feedback		r1bqk1nr/pppp1ppp/2n5/2b1p3/2B1P3/5N2/PPPP1PPP/RNBQK2R w KQkq - 4 4	e1g1		castle	castling short to tuck your king onto g1 and connect your rooks
move_feedback		r1bqk1nr/pppp1ppp/2n5/2b1p3/2B1P3/5N2/PPPP1PPP/RNBQK2R w KQkq - 4 4	f3d4	a2a3	attack	attacking their knight on c6
move_feedback		r1bqk1nr/pppp1ppp/2n5/2b1p3/2B1P3/5N2/PPPP1PPP/RNBQK2R w KQkq - 4 4	f3d4		attack	attacking your knight on c6
move_feedback		r1bqk1nr/pppp1ppp/2n5/2b1p3/2B1P3/5N2/PPPP1PPP/RNBQK2R w KQkq - 4 4	f3e5	a2a3	capture	capturing their pawn on e5
move_feedback		r1bqk1nr/pppp1ppp/2n5/2b1p3/2B1P3/5N2/PPPP1PPP/RNBQK2R w KQkq - 4 4	f3e5		capture	capturing your pawn on e5
move_feedback		r1bqk1nr/pppp1ppp/2n5/2b1p3/2B1P3/5N2/PPPP1PPP/RNBQK2R w KQkq - 4 4	f3g1	a2a3	-	-
move_feedback		r1bqk1nr/pppp1ppp/2n5/2b1p3/2B1P3/5N2/PPPP1PPP/RNBQK2R w KQkq - 4 4	f3g1		-	-
move_feedback		r1bqk1nr/pppp1ppp/2n5/2b1p3/2B1P3/5N2/PPPP1PPP/RNBQK2R w KQkq - 4 4	f3g5	a2a3	-	-
move_feedback		r1bqk1nr/pppp1ppp/2n5/2b1p3/2B1P3/5N2/PPPP1PPP/RNBQK2R w KQkq - 4 4	f3g5		-	-
move_feedback		r1bqk1nr/pppp1ppp/2n5/2b1p3/2B1P3/5N2/PPPP1PPP/RNBQK2R w KQkq - 4 4	f3h4	a2a3	-	-
move_feedback		r1bqk1nr/pppp1ppp/2n5/2b1p3/2B1P3/5N2/PPPP1PPP/RNBQK2R w KQkq - 4 4	f3h4		-	-
move_feedback		r1bqk1nr/pppp1ppp/2n5/2b1p3/2B1P3/5N2/PPPP1PPP/RNBQK2R w KQkq - 4 4	g2g3	a2a3	-	-
move_feedback		r1bqk1nr/pppp1ppp/2n5/2b1p3/2B1P3/5N2/PPPP1PPP/RNBQK2R w KQkq - 4 4	g2g3		-	-
move_feedback		r1bqk1nr/pppp1ppp/2n5/2b1p3/2B1P3/5N2/PPPP1PPP/RNBQK2R w KQkq - 4 4	g2g4	a2a3	-	-
move_feedback		r1bqk1nr/pppp1ppp/2n5/2b1p3/2B1P3/5N2/PPPP1PPP/RNBQK2R w KQkq - 4 4	g2g4		-	-
move_feedback		r1bqk1nr/pppp1ppp/2n5/2b1p3/2B1P3/5N2/PPPP1PPP/RNBQK2R w KQkq - 4 4	h1f1	a2a3	extra_defender	adding a defender to your pawn on f2
move_feedback		r1bqk1nr/pppp1ppp/2n5/2b1p3/2B1P3/5N2/PPPP1PPP/RNBQK2R w KQkq - 4 4	h1f1		extra_defender	adding a defender to your pawn on f2
move_feedback		r1bqk1nr/pppp1ppp/2n5/2b1p3/2B1P3/5N2/PPPP1PPP/RNBQK2R w KQkq - 4 4	h1g1	a2a3	-	-
move_feedback		r1bqk1nr/pppp1ppp/2n5/2b1p3/2B1P3/5N2/PPPP1PPP/RNBQK2R w KQkq - 4 4	h1g1		-	-
move_feedback		r1bqk1nr/pppp1ppp/2n5/2b1p3/2B1P3/5N2/PPPP1PPP/RNBQK2R w KQkq - 4 4	h2h3	a2a3	-	-
move_feedback		r1bqk1nr/pppp1ppp/2n5/2b1p3/2B1P3/5N2/PPPP1PPP/RNBQK2R w KQkq - 4 4	h2h3		-	-
move_feedback		r1bqk1nr/pppp1ppp/2n5/2b1p3/2B1P3/5N2/PPPP1PPP/RNBQK2R w KQkq - 4 4	h2h4	a2a3	-	-
move_feedback		r1bqk1nr/pppp1ppp/2n5/2b1p3/2B1P3/5N2/PPPP1PPP/RNBQK2R w KQkq - 4 4	h2h4		-	-
move_feedback_material		4k3/pp3ppp/8/3n4/4P3/8/PP3PPP/4K3 w - - 0 1	a2a3	a2a4	-	-
move_feedback_material		4k3/pp3ppp/8/3n4/4P3/8/PP3PPP/4K3 w - - 0 1	a2a3		-	-
move_feedback_material		4k3/pp3ppp/8/3n4/4P3/8/PP3PPP/4K3 w - - 0 1	a2a4	a2a3	-	-
move_feedback_material		4k3/pp3ppp/8/3n4/4P3/8/PP3PPP/4K3 w - - 0 1	a2a4		-	-
move_feedback_material		4k3/pp3ppp/8/3n4/4P3/8/PP3PPP/4K3 w - - 0 1	b2b3	a2a3	-	-
move_feedback_material		4k3/pp3ppp/8/3n4/4P3/8/PP3PPP/4K3 w - - 0 1	b2b3		-	-
move_feedback_material		4k3/pp3ppp/8/3n4/4P3/8/PP3PPP/4K3 w - - 0 1	b2b4	a2a3	-	-
move_feedback_material		4k3/pp3ppp/8/3n4/4P3/8/PP3PPP/4K3 w - - 0 1	b2b4		-	-
move_feedback_material		4k3/pp3ppp/8/3n4/4P3/8/PP3PPP/4K3 w - - 0 1	e1d1	a2a3	-	-
move_feedback_material		4k3/pp3ppp/8/3n4/4P3/8/PP3PPP/4K3 w - - 0 1	e1d1		-	-
move_feedback_material		4k3/pp3ppp/8/3n4/4P3/8/PP3PPP/4K3 w - - 0 1	e1d2	a2a3	king_activity	walking your king from e1 to d2, closer to the centre
move_feedback_material		4k3/pp3ppp/8/3n4/4P3/8/PP3PPP/4K3 w - - 0 1	e1d2		king_activity	walking your king from e1 to d2, closer to the centre
move_feedback_material		4k3/pp3ppp/8/3n4/4P3/8/PP3PPP/4K3 w - - 0 1	e1e2	a2a3	king_activity	walking your king from e1 to e2, closer to the centre
move_feedback_material		4k3/pp3ppp/8/3n4/4P3/8/PP3PPP/4K3 w - - 0 1	e1e2		king_activity	walking your king from e1 to e2, closer to the centre
move_feedback_material		4k3/pp3ppp/8/3n4/4P3/8/PP3PPP/4K3 w - - 0 1	e1f1	a2a3	-	-
move_feedback_material		4k3/pp3ppp/8/3n4/4P3/8/PP3PPP/4K3 w - - 0 1	e1f1		-	-
move_feedback_material		4k3/pp3ppp/8/3n4/4P3/8/PP3PPP/4K3 w - - 0 1	e4d5	a2a3	capture	capturing their knight on d5
move_feedback_material		4k3/pp3ppp/8/3n4/4P3/8/PP3PPP/4K3 w - - 0 1	e4d5		capture	capturing your knight on d5
move_feedback_material		4k3/pp3ppp/8/3n4/4P3/8/PP3PPP/4K3 w - - 0 1	e4e5	a2a3	-	-
move_feedback_material		4k3/pp3ppp/8/3n4/4P3/8/PP3PPP/4K3 w - - 0 1	e4e5		-	-
move_feedback_material		4k3/pp3ppp/8/3n4/4P3/8/PP3PPP/4K3 w - - 0 1	f2f3	a2a3	-	-
move_feedback_material		4k3/pp3ppp/8/3n4/4P3/8/PP3PPP/4K3 w - - 0 1	f2f3		-	-
move_feedback_material		4k3/pp3ppp/8/3n4/4P3/8/PP3PPP/4K3 w - - 0 1	f2f4	a2a3	-	-
move_feedback_material		4k3/pp3ppp/8/3n4/4P3/8/PP3PPP/4K3 w - - 0 1	f2f4		-	-
move_feedback_material		4k3/pp3ppp/8/3n4/4P3/8/PP3PPP/4K3 w - - 0 1	g2g3	a2a3	-	-
move_feedback_material		4k3/pp3ppp/8/3n4/4P3/8/PP3PPP/4K3 w - - 0 1	g2g3		-	-
move_feedback_material		4k3/pp3ppp/8/3n4/4P3/8/PP3PPP/4K3 w - - 0 1	g2g4	a2a3	-	-
move_feedback_material		4k3/pp3ppp/8/3n4/4P3/8/PP3PPP/4K3 w - - 0 1	g2g4		-	-
move_feedback_material		4k3/pp3ppp/8/3n4/4P3/8/PP3PPP/4K3 w - - 0 1	h2h3	a2a3	-	-
move_feedback_material		4k3/pp3ppp/8/3n4/4P3/8/PP3PPP/4K3 w - - 0 1	h2h3		-	-
move_feedback_material		4k3/pp3ppp/8/3n4/4P3/8/PP3PPP/4K3 w - - 0 1	h2h4	a2a3	-	-
move_feedback_material		4k3/pp3ppp/8/3n4/4P3/8/PP3PPP/4K3 w - - 0 1	h2h4		-	-
move_feedback_material		r3k2r/ppp2ppp/2n5/8/4n3/2N5/PPP2PPP/R3K2R w KQkq - 0 1	a1b1	a1c1	-	-
move_feedback_material		r3k2r/ppp2ppp/2n5/8/4n3/2N5/PPP2PPP/R3K2R w KQkq - 0 1	a1b1		-	-
move_feedback_material		r3k2r/ppp2ppp/2n5/8/4n3/2N5/PPP2PPP/R3K2R w KQkq - 0 1	a1c1	a1b1	-	-
move_feedback_material		r3k2r/ppp2ppp/2n5/8/4n3/2N5/PPP2PPP/R3K2R w KQkq - 0 1	a1c1		-	-
move_feedback_material		r3k2r/ppp2ppp/2n5/8/4n3/2N5/PPP2PPP/R3K2R w KQkq - 0 1	a1d1	a1b1	open_file	moving your rook to d1 on the open d-file
move_feedback_material		r3k2r/ppp2ppp/2n5/8/4n3/2N5/PPP2PPP/R3K2R w KQkq - 0 1	a1d1		open_file	moving your rook to d1 on the open d-file
move_feedback_material		r3k2r/ppp2ppp/2n5/8/4n3/2N5/PPP2PPP/R3K2R w KQkq - 0 1	a2a3	a1b1	-	-
move_feedback_material		r3k2r/ppp2ppp/2n5/8/4n3/2N5/PPP2PPP/R3K2R w KQkq - 0 1	a2a3		-	-
move_feedback_material		r3k2r/ppp2ppp/2n5/8/4n3/2N5/PPP2PPP/R3K2R w KQkq - 0 1	a2a4	a1b1	-	-
move_feedback_material		r3k2r/ppp2ppp/2n5/8/4n3/2N5/PPP2PPP/R3K2R w KQkq - 0 1	a2a4		-	-
move_feedback_material		r3k2r/ppp2ppp/2n5/8/4n3/2N5/PPP2PPP/R3K2R w KQkq - 0 1	b2b3	a1b1	-	-
move_feedback_material		r3k2r/ppp2ppp/2n5/8/4n3/2N5/PPP2PPP/R3K2R w KQkq - 0 1	b2b3		-	-
move_feedback_material		r3k2r/ppp2ppp/2n5/8/4n3/2N5/PPP2PPP/R3K2R w KQkq - 0 1	b2b4	a1b1	-	-
move_feedback_material		r3k2r/ppp2ppp/2n5/8/4n3/2N5/PPP2PPP/R3K2R w KQkq - 0 1	b2b4		-	-
move_feedback_material		r3k2r/ppp2ppp/2n5/8/4n3/2N5/PPP2PPP/R3K2R w KQkq - 0 1	c3a4	a1b1	escape	moving your knight off c3 where it was attacked
move_feedback_material		r3k2r/ppp2ppp/2n5/8/4n3/2N5/PPP2PPP/R3K2R w KQkq - 0 1	c3a4		escape	moving your knight off c3 where it was attacked
move_feedback_material		r3k2r/ppp2ppp/2n5/8/4n3/2N5/PPP2PPP/R3K2R w KQkq - 0 1	c3b1	a1b1	escape	moving your knight off c3 where it was attacked
move_feedback_material		r3k2r/ppp2ppp/2n5/8/4n3/2N5/PPP2PPP/R3K2R w KQkq - 0 1	c3b1		escape	moving your knight off c3 where it was attacked
move_feedback_material		r3k2r/ppp2ppp/2n5/8/4n3/2N5/PPP2PPP/R3K2R w KQkq - 0 1	c3b5	a1b1	escape	moving your knight off c3 where it was attacked
move_feedback_material		r3k2r/ppp2ppp/2n5/8/4n3/2N5/PPP2PPP/R3K2R w KQkq - 0 1	c3b5		escape	moving your knight off c3 where it was attacked
move_feedback_material		r3k2r/ppp2ppp/2n5/8/4n3/2N5/PPP2PPP/R3K2R w KQkq - 0 1	c3d1	a1b1	escape	moving your knight off c3 where it was attacked
move_feedback_material		r3k2r/ppp2ppp/2n5/8/4n3/2N5/PPP2PPP/R3K2R w KQkq - 0 1	c3d1		escape	moving your knight off c3 where it was attacked
move_feedback_material		r3k2r/ppp2ppp/2n5/8/4n3/2N5/PPP2PPP/R3K2R w KQkq - 0 1	c3d5	a1b1	escape	moving your knight off c3 where it was attacked
move_feedback_material		r3k2r/ppp2ppp/2n5/8/4n3/2N5/PPP2PPP/R3K2R w KQkq - 0 1	c3d5		escape	moving your knight off c3 where it was attacked
move_feedback_material		r3k2r/ppp2ppp/2n5/8/4n3/2N5/PPP2PPP/R3K2R w KQkq - 0 1	c3e2	a1b1	escape	moving your knight off c3 where it was attacked
move_feedback_material		r3k2r/ppp2ppp/2n5/8/4n3/2N5/PPP2PPP/R3K2R w KQkq - 0 1	c3e2		escape	moving your knight off c3 where it was attacked
move_feedback_material		r3k2r/ppp2ppp/2n5/8/4n3/2N5/PPP2PPP/R3K2R w KQkq - 0 1	c3e4	a1b1	capture	capturing their knight on e4
move_feedback_material		r3k2r/ppp2ppp/2n5/8/4n3/2N5/PPP2PPP/R3K2R w KQkq - 0 1	c3e4		capture	capturing your knight on e4
move_feedback_material		r3k2r/ppp2ppp/2n5/8/4n3/2N5/PPP2PPP/R3K2R w KQkq - 0 1	e1c1	a1b1	castle	castling long to tuck your king onto c1 and connect your rooks
move_feedback_material		r3k2r/ppp2ppp/2n5/8/4n3/2N5/PPP2PPP/R3K2R w KQkq - 0 1	e1c1		castle	castling long to tuck your king onto c1 and connect your rooks
move_feedback_material		r3k2r/ppp2ppp/2n5/8/4n3/2N5/PPP2PPP/R3K2R w KQkq - 0 1	e1d1	a1b1	-	-
move_feedback_material		r3k2r/ppp2ppp/2n5/8/4n3/2N5/PPP2PPP/R3K2R w KQkq - 0 1	e1d1		-	-
move_feedback_material		r3k2r/ppp2ppp/2n5/8/4n3/2N5/PPP2PPP/R3K2R w KQkq - 0 1	e1e2	a1b1	defend	defending your pawn on f2
move_feedback_material		r3k2r/ppp2ppp/2n5/8/4n3/2N5/PPP2PPP/R3K2R w KQkq - 0 1	e1e2		defend	defending your pawn on f2
move_feedback_material		r3k2r/ppp2ppp/2n5/8/4n3/2N5/PPP2PPP/R3K2R w KQkq - 0 1	e1f1	a1b1	defend	defending your pawn on f2
move_feedback_material		r3k2r/ppp2ppp/2n5/8/4n3/2N5/PPP2PPP/R3K2R w KQkq - 0 1	e1f1		defend	defending your pawn on f2
move_feedback_material		r3k2r/ppp2ppp/2n5/8/4n3/2N5/PPP2PPP/R3K2R w KQkq - 0 1	e1g1	a1b1	castle	castling short to tuck your king onto g1 and connect your rooks
move_feedback_material		r3k2r/ppp2ppp/2n5/8/4n3/2N5/PPP2PPP/R3K2R w KQkq - 0 1	e1g1		castle	castling short to tuck your king onto g1 and connect your rooks
move_feedback_material		r3k2r/ppp2ppp/2n5/8/4n3/2N5/PPP2PPP/R3K2R w KQkq - 0 1	f2f3	a1b1	attack	attacking their undefended knight on e4
move_feedback_material		r3k2r/ppp2ppp/2n5/8/4n3/2N5/PPP2PPP/R3K2R w KQkq - 0 1	f2f3		attack	attacking your undefended knight on e4
move_feedback_material		r3k2r/ppp2ppp/2n5/8/4n3/2N5/PPP2PPP/R3K2R w KQkq - 0 1	f2f4	a1b1	escape	moving your pawn off f2 where it was attacked
move_feedback_material		r3k2r/ppp2ppp/2n5/8/4n3/2N5/PPP2PPP/R3K2R w KQkq - 0 1	f2f4		escape	moving your pawn off f2 where it was attacked
move_feedback_material		r3k2r/ppp2ppp/2n5/8/4n3/2N5/PPP2PPP/R3K2R w KQkq - 0 1	g2g3	a1b1	-	-
move_feedback_material		r3k2r/ppp2ppp/2n5/8/4n3/2N5/PPP2PPP/R3K2R w KQkq - 0 1	g2g3		-	-
move_feedback_material		r3k2r/ppp2ppp/2n5/8/4n3/2N5/PPP2PPP/R3K2R w KQkq - 0 1	g2g4	a1b1	-	-
move_feedback_material		r3k2r/ppp2ppp/2n5/8/4n3/2N5/PPP2PPP/R3K2R w KQkq - 0 1	g2g4		-	-
move_feedback_material		r3k2r/ppp2ppp/2n5/8/4n3/2N5/PPP2PPP/R3K2R w KQkq - 0 1	h1f1	a1b1	extra_defender	adding a defender to your pawn on f2
move_feedback_material		r3k2r/ppp2ppp/2n5/8/4n3/2N5/PPP2PPP/R3K2R w KQkq - 0 1	h1f1		extra_defender	adding a defender to your pawn on f2
move_feedback_material		r3k2r/ppp2ppp/2n5/8/4n3/2N5/PPP2PPP/R3K2R w KQkq - 0 1	h1g1	a1b1	-	-
move_feedback_material		r3k2r/ppp2ppp/2n5/8/4n3/2N5/PPP2PPP/R3K2R w KQkq - 0 1	h1g1		-	-
move_feedback_material		r3k2r/ppp2ppp/2n5/8/4n3/2N5/PPP2PPP/R3K2R w KQkq - 0 1	h2h3	a1b1	-	-
move_feedback_material		r3k2r/ppp2ppp/2n5/8/4n3/2N5/PPP2PPP/R3K2R w KQkq - 0 1	h2h3		-	-
move_feedback_material		r3k2r/ppp2ppp/2n5/8/4n3/2N5/PPP2PPP/R3K2R w KQkq - 0 1	h2h4	a1b1	-	-
move_feedback_material		r3k2r/ppp2ppp/2n5/8/4n3/2N5/PPP2PPP/R3K2R w KQkq - 0 1	h2h4		-	-
move_feedback_material		r1bqkb1r/pppp1ppp/5n2/4n3/4P3/5N2/PPPP1PPP/RNBQKB1R w KQkq - 0 1	a2a3	a2a4	-	-
move_feedback_material		r1bqkb1r/pppp1ppp/5n2/4n3/4P3/5N2/PPPP1PPP/RNBQKB1R w KQkq - 0 1	a2a3		-	-
move_feedback_material		r1bqkb1r/pppp1ppp/5n2/4n3/4P3/5N2/PPPP1PPP/RNBQKB1R w KQkq - 0 1	a2a4	a2a3	-	-
move_feedback_material		r1bqkb1r/pppp1ppp/5n2/4n3/4P3/5N2/PPPP1PPP/RNBQKB1R w KQkq - 0 1	a2a4		-	-
move_feedback_material		r1bqkb1r/pppp1ppp/5n2/4n3/4P3/5N2/PPPP1PPP/RNBQKB1R w KQkq - 0 1	b1a3	a2a3	development	developing your knight from b1 to a3 — 2 more minor pieces still sit on their starting squares
move_feedback_material		r1bqkb1r/pppp1ppp/5n2/4n3/4P3/5N2/PPPP1PPP/RNBQKB1R w KQkq - 0 1	b1a3		development	developing your knight from b1 to a3 — 2 more minor pieces still sit on their starting squares
move_feedback_material		r1bqkb1r/pppp1ppp/5n2/4n3/4P3/5N2/PPPP1PPP/RNBQKB1R w KQkq - 0 1	b1c3	a2a3	defend	defending your pawn on e4
move_feedback_material		r1bqkb1r/pppp1ppp/5n2/4n3/4P3/5N2/PPPP1PPP/RNBQKB1R w KQkq - 0 1	b1c3		defend	defending your pawn on e4
move_feedback_material		r1bqkb1r/pppp1ppp/5n2/4n3/4P3/5N2/PPPP1PPP/RNBQKB1R w KQkq - 0 1	b2b3	a2a3	-	-
move_feedback_material		r1bqkb1r/pppp1ppp/5n2/4n3/4P3/5N2/PPPP1PPP/RNBQKB1R w KQkq - 0 1	b2b3		-	-
move_feedback_material		r1bqkb1r/pppp1ppp/5n2/4n3/4P3/5N2/PPPP1PPP/RNBQKB1R w KQkq - 0 1	b2b4	a2a3	-	-
move_feedback_material		r1bqkb1r/pppp1ppp/5n2/4n3/4P3/5N2/PPPP1PPP/RNBQKB1R w KQkq - 0 1	b2b4		-	-
move_feedback_material		r1bqkb1r/pppp1ppp/5n2/4n3/4P3/5N2/PPPP1PPP/RNBQKB1R w KQkq - 0 1	c2c3	a2a3	-	-
move_feedback_material		r1bqkb1r/pppp1ppp/5n2/4n3/4P3/5N2/PPPP1PPP/RNBQKB1R w KQkq - 0 1	c2c3		-	-
move_feedback_material		r1bqkb1r/pppp1ppp/5n2/4n3/4P3/5N2/PPPP1PPP/RNBQKB1R w KQkq - 0 1	c2c4	a2a3	centre_control	taking control of d5 (yours 2 to their 1) in the centre
move_feedback_material		r1bqkb1r/pppp1ppp/5n2/4n3/4P3/5N2/PPPP1PPP/RNBQKB1R w KQkq - 0 1	c2c4		centre_control	taking control of d5 (yours 2 to their 1) in the centre
move_feedback_material		r1bqkb1r/pppp1ppp/5n2/4n3/4P3/5N2/PPPP1PPP/RNBQKB1R w KQkq - 0 1	d1e2	a2a3	defend	defending your pawn on e4
move_feedback_material		r1bqkb1r/pppp1ppp/5n2/4n3/4P3/5N2/PPPP1PPP/RNBQKB1R w KQkq - 0 1	d1e2		defend	defending your pawn on e4
move_feedback_material		r1bqkb1r/pppp1ppp/5n2/4n3/4P3/5N2/PPPP1PPP/RNBQKB1R w KQkq - 0 1	d2d3	a2a3	defend	defending your pawn on e4
move_feedback_material		r1bqkb1r/pppp1ppp/5n2/4n3/4P3/5N2/PPPP1PPP/RNBQKB1R w KQkq - 0 1	d2d3		defend	defending your pawn on e4
move_feedback_material		r1bqkb1r/pppp1ppp/5n2/4n3/4P3/5N2/PPPP1PPP/RNBQKB1R w KQkq - 0 1	d2d4	a2a3	attack	attacking their undefended knight on e5
move_feedback_material		r1bqkb1r/pppp1ppp/5n2/4n3/4P3/5N2/PPPP1PPP/RNBQKB1R w KQkq - 0 1	d2d4		attack	attacking your undefended knight on e5
move_feedback_material		r1bqkb1r/pppp1ppp/5n2/4n3/4P3/5N2/PPPP1PPP/RNBQKB1R w KQkq - 0 1	e1e2	a2a3	extra_defender	adding a defender to your knight on f3
move_feedback_material		r1bqkb1r/pppp1ppp/5n2/4n3/4P3/5N2/PPPP1PPP/RNBQKB1R w KQkq - 0 1	e1e2		extra_defender	adding a defender to your knight on f3
move_feedback_material		r1bqkb1r/pppp1ppp/5n2/4n3/4P3/5N2/PPPP1PPP/RNBQKB1R w KQkq - 0 1	f1a6	a2a3	development	developing your bishop from f1 to a6 — 2 more minor pieces still sit on their starting squares
move_feedback_material		r1bqkb1r/pppp1ppp/5n2/4n3/4P3/5N2/PPPP1PPP/RNBQKB1R w KQkq - 0 1	f1a6		development	developing your bishop from f1 to a6 — 2 more minor pieces still sit on their starting squares
move_feedback_material		r1bqkb1r/pppp1ppp/5n2/4n3/4P3/5N2/PPPP1PPP/RNBQKB1R w KQkq - 0 1	f1b5	a2a3	development	developing your bishop from f1 to b5 — 2 more minor pieces still sit on their starting squares
move_feedback_material		r1bqkb1r/pppp1ppp/5n2/4n3/4P3/5N2/PPPP1PPP/RNBQKB1R w KQkq - 0 1	f1b5		development	developing your bishop from f1 to b5 — 2 more minor pieces still sit on their starting squares
move_feedback_material		r1bqkb1r/pppp1ppp/5n2/4n3/4P3/5N2/PPPP1PPP/RNBQKB1R w KQkq - 0 1	f1c4	a2a3	development	developing your bishop from f1 to c4 — 2 more minor pieces still sit on their starting squares
move_feedback_material		r1bqkb1r/pppp1ppp/5n2/4n3/4P3/5N2/PPPP1PPP/RNBQKB1R w KQkq - 0 1	f1c4		development	developing your bishop from f1 to c4 — 2 more minor pieces still sit on their starting squares
move_feedback_material		r1bqkb1r/pppp1ppp/5n2/4n3/4P3/5N2/PPPP1PPP/RNBQKB1R w KQkq - 0 1	f1d3	a2a3	defend	defending your pawn on e4
move_feedback_material		r1bqkb1r/pppp1ppp/5n2/4n3/4P3/5N2/PPPP1PPP/RNBQKB1R w KQkq - 0 1	f1d3		defend	defending your pawn on e4
move_feedback_material		r1bqkb1r/pppp1ppp/5n2/4n3/4P3/5N2/PPPP1PPP/RNBQKB1R w KQkq - 0 1	f1e2	a2a3	extra_defender	adding a defender to your knight on f3
move_feedback_material		r1bqkb1r/pppp1ppp/5n2/4n3/4P3/5N2/PPPP1PPP/RNBQKB1R w KQkq - 0 1	f1e2		extra_defender	adding a defender to your knight on f3
move_feedback_material		r1bqkb1r/pppp1ppp/5n2/4n3/4P3/5N2/PPPP1PPP/RNBQKB1R w KQkq - 0 1	f3d4	a2a3	escape	moving your knight off f3 where it was attacked
move_feedback_material		r1bqkb1r/pppp1ppp/5n2/4n3/4P3/5N2/PPPP1PPP/RNBQKB1R w KQkq - 0 1	f3d4		escape	moving your knight off f3 where it was attacked
move_feedback_material		r1bqkb1r/pppp1ppp/5n2/4n3/4P3/5N2/PPPP1PPP/RNBQKB1R w KQkq - 0 1	f3e5	a2a3	capture	capturing their knight on e5
move_feedback_material		r1bqkb1r/pppp1ppp/5n2/4n3/4P3/5N2/PPPP1PPP/RNBQKB1R w KQkq - 0 1	f3e5		capture	capturing your knight on e5
move_feedback_material		r1bqkb1r/pppp1ppp/5n2/4n3/4P3/5N2/PPPP1PPP/RNBQKB1R w KQkq - 0 1	f3g1	a2a3	escape	moving your knight off f3 where it was attacked
move_feedback_material		r1bqkb1r/pppp1ppp/5n2/4n3/4P3/5N2/PPPP1PPP/RNBQKB1R w KQkq - 0 1	f3g1		escape	moving your knight off f3 where it was attacked
move_feedback_material		r1bqkb1r/pppp1ppp/5n2/4n3/4P3/5N2/PPPP1PPP/RNBQKB1R w KQkq - 0 1	f3g5	a2a3	escape	moving your knight off f3 where it was attacked
move_feedback_material		r1bqkb1r/pppp1ppp/5n2/4n3/4P3/5N2/PPPP1PPP/RNBQKB1R w KQkq - 0 1	f3g5		escape	moving your knight off f3 where it was attacked
move_feedback_material		r1bqkb1r/pppp1ppp/5n2/4n3/4P3/5N2/PPPP1PPP/RNBQKB1R w KQkq - 0 1	f3h4	a2a3	escape	moving your knight off f3 where it was attacked
move_feedback_material		r1bqkb1r/pppp1ppp/5n2/4n3/4P3/5N2/PPPP1PPP/RNBQKB1R w KQkq - 0 1	f3h4		escape	moving your knight off f3 where it was attacked
move_feedback_material		r1bqkb1r/pppp1ppp/5n2/4n3/4P3/5N2/PPPP1PPP/RNBQKB1R w KQkq - 0 1	g2g3	a2a3	-	-
move_feedback_material		r1bqkb1r/pppp1ppp/5n2/4n3/4P3/5N2/PPPP1PPP/RNBQKB1R w KQkq - 0 1	g2g3		-	-
move_feedback_material		r1bqkb1r/pppp1ppp/5n2/4n3/4P3/5N2/PPPP1PPP/RNBQKB1R w KQkq - 0 1	g2g4	a2a3	-	-
move_feedback_material		r1bqkb1r/pppp1ppp/5n2/4n3/4P3/5N2/PPPP1PPP/RNBQKB1R w KQkq - 0 1	g2g4		-	-
move_feedback_material		r1bqkb1r/pppp1ppp/5n2/4n3/4P3/5N2/PPPP1PPP/RNBQKB1R w KQkq - 0 1	h1g1	a2a3	-	-
move_feedback_material		r1bqkb1r/pppp1ppp/5n2/4n3/4P3/5N2/PPPP1PPP/RNBQKB1R w KQkq - 0 1	h1g1		-	-
move_feedback_material		r1bqkb1r/pppp1ppp/5n2/4n3/4P3/5N2/PPPP1PPP/RNBQKB1R w KQkq - 0 1	h2h3	a2a3	-	-
move_feedback_material		r1bqkb1r/pppp1ppp/5n2/4n3/4P3/5N2/PPPP1PPP/RNBQKB1R w KQkq - 0 1	h2h3		-	-
move_feedback_material		r1bqkb1r/pppp1ppp/5n2/4n3/4P3/5N2/PPPP1PPP/RNBQKB1R w KQkq - 0 1	h2h4	a2a3	-	-
move_feedback_material		r1bqkb1r/pppp1ppp/5n2/4n3/4P3/5N2/PPPP1PPP/RNBQKB1R w KQkq - 0 1	h2h4		-	-
move_feedback_material		3rk3/pp3ppp/8/8/8/8/PP3PPP/3RK2R w K - 0 1	a2a3	a2a4	-	-
move_feedback_material		3rk3/pp3ppp/8/8/8/8/PP3PPP/3RK2R w K - 0 1	a2a3		-	-
move_feedback_material		3rk3/pp3ppp/8/8/8/8/PP3PPP/3RK2R w K - 0 1	a2a4	a2a3	-	-
move_feedback_material		3rk3/pp3ppp/8/8/8/8/PP3PPP/3RK2R w K - 0 1	a2a4		-	-
move_feedback_material		3rk3/pp3ppp/8/8/8/8/PP3PPP/3RK2R w K - 0 1	b2b3	a2a3	-	-
move_feedback_material		3rk3/pp3ppp/8/8/8/8/PP3PPP/3RK2R w K - 0 1	b2b3		-	-
move_feedback_material		3rk3/pp3ppp/8/8/8/8/PP3PPP/3RK2R w K - 0 1	b2b4	a2a3	-	-
move_feedback_material		3rk3/pp3ppp/8/8/8/8/PP3PPP/3RK2R w K - 0 1	b2b4		-	-
move_feedback_material		3rk3/pp3ppp/8/8/8/8/PP3PPP/3RK2R w K - 0 1	d1a1	a2a3	escape	moving your rook off d1 where it was attacked
move_feedback_material		3rk3/pp3ppp/8/8/8/8/PP3PPP/3RK2R w K - 0 1	d1a1		escape	moving your rook off d1 where it was attacked
move_feedback_material		3rk3/pp3ppp/8/8/8/8/PP3PPP/3RK2R w K - 0 1	d1b1	a2a3	escape	moving your rook off d1 where it was attacked
move_feedback_material		3rk3/pp3ppp/8/8/8/8/PP3PPP/3RK2R w K - 0 1	d1b1		escape	moving your rook off d1 where it was attacked
move_feedback_material		3rk3/pp3ppp/8/8/8/8/PP3PPP/3RK2R w K - 0 1	d1c1	a2a3	escape	moving your rook off d1 where it was attacked
move_feedback_material		3rk3/pp3ppp/8/8/8/8/PP3PPP/3RK2R w K - 0 1	d1c1		escape	moving your rook off d1 where it was attacked
move_feedback_material		3rk3/pp3ppp/8/8/8/8/PP3PPP/3RK2R w K - 0 1	d1d2	a2a3	attack	attacking their rook on d8
move_feedback_material		3rk3/pp3ppp/8/8/8/8/PP3PPP/3RK2R w K - 0 1	d1d2		attack	attacking your rook on d8
move_feedback_material		3rk3/pp3ppp/8/8/8/8/PP3PPP/3RK2R w K - 0 1	d1d3	a2a3	attack	attacking their rook on d8
move_feedback_material		3rk3/pp3ppp/8/8/8/8/PP3PPP/3RK2R w K - 0 1	d1d3		attack	attacking your rook on d8
move_feedback_material		3rk3/pp3ppp/8/8/8/8/PP3PPP/3RK2R w K - 0 1	d1d4	a2a3	attack	attacking their rook on d8
move_feedback_material		3rk3/pp3ppp/8/8/8/8/PP3PPP/3RK2R w K - 0 1	d1d4		attack	attacking your rook on d8
move_feedback_material		3rk3/pp3ppp/8/8/8/8/PP3PPP/3RK2R w K - 0 1	d1d5	a2a3	attack	attacking their rook on d8
move_feedback_material		3rk3/pp3ppp/8/8/8/8/PP3PPP/3RK2R w K - 0 1	d1d5		attack	attacking your rook on d8
move_feedback_material		3rk3/pp3ppp/8/8/8/8/PP3PPP/3RK2R w K - 0 1	d1d6	a2a3	attack	attacking their rook on d8
move_feedback_material		3rk3/pp3ppp/8/8/8/8/PP3PPP/3RK2R w K - 0 1	d1d6		attack	attacking your rook on d8
move_feedback_material		3rk3/pp3ppp/8/8/8/8/PP3PPP/3RK2R w K - 0 1	d1d7	a2a3	attack	attacking their rook on d8
move_feedback_material		3rk3/pp3ppp/8/8/8/8/PP3PPP/3RK2R w K - 0 1	d1d7		attack	attacking your rook on d8
move_feedback_material		3rk3/pp3ppp/8/8/8/8/PP3PPP/3RK2R w K - 0 1	d1d8	a2a3	capture	capturing their rook on d8
move_feedback_material		3rk3/pp3ppp/8/8/8/8/PP3PPP/3RK2R w K - 0 1	d1d8		capture	capturing your rook on d8
move_feedback_material		3rk3/pp3ppp/8/8/8/8/PP3PPP/3RK2R w K - 0 1	e1e2	a2a3	king_activity	walking your king from e1 to e2, closer to the centre
move_feedback_material		3rk3/pp3ppp/8/8/8/8/PP3PPP/3RK2R w K - 0 1	e1e2		king_activity	walking your king from e1 to e2, closer to the centre
move_feedback_material		3rk3/pp3ppp/8/8/8/8/PP3PPP/3RK2R w K - 0 1	e1f1	a2a3	-	-
move_feedback_material		3rk3/pp3ppp/8/8/8/8/PP3PPP/3RK2R w K - 0 1	e1f1		-	-
move_feedback_material		3rk3/pp3ppp/8/8/8/8/PP3PPP/3RK2R w K - 0 1	e1g1	a2a3	castle	castling short to tuck your king onto g1 and connect your rooks
move_feedback_material		3rk3/pp3ppp/8/8/8/8/PP3PPP/3RK2R w K - 0 1	e1g1		castle	castling short to tuck your king onto g1 and connect your rooks
move_feedback_material		3rk3/pp3ppp/8/8/8/8/PP3PPP/3RK2R w K - 0 1	f2f3	a2a3	-	-
move_feedback_material		3rk3/pp3ppp/8/8/8/8/PP3PPP/3RK2R w K - 0 1	f2f3		-	-
move_feedback_material		3rk3/pp3ppp/8/8/8/8/PP3PPP/3RK2R w K - 0 1	f2f4	a2a3	-	-
move_feedback_material		3rk3/pp3ppp/8/8/8/8/PP3PPP/3RK2R w K - 0 1	f2f4		-	-
move_feedback_material		3rk3/pp3ppp/8/8/8/8/PP3PPP/3RK2R w K - 0 1	g2g3	a2a3	-	-
move_feedback_material		3rk3/pp3ppp/8/8/8/8/PP3PPP/3RK2R w K - 0 1	g2g3		-	-
move_feedback_material		3rk3/pp3ppp/8/8/8/8/PP3PPP/3RK2R w K - 0 1	g2g4	a2a3	-	-
move_feedback_material		3rk3/pp3ppp/8/8/8/8/PP3PPP/3RK2R w K - 0 1	g2g4		-	-
move_feedback_material		3rk3/pp3ppp/8/8/8/8/PP3PPP/3RK2R w K - 0 1	h1f1	a2a3	-	-
move_feedback_material		3rk3/pp3ppp/8/8/8/8/PP3PPP/3RK2R w K - 0 1	h1f1		-	-
move_feedback_material		3rk3/pp3ppp/8/8/8/8/PP3PPP/3RK2R w K - 0 1	h1g1	a2a3	-	-
move_feedback_material		3rk3/pp3ppp/8/8/8/8/PP3PPP/3RK2R w K - 0 1	h1g1		-	-
move_feedback_material		3rk3/pp3ppp/8/8/8/8/PP3PPP/3RK2R w K - 0 1	h2h3	a2a3	-	-
move_feedback_material		3rk3/pp3ppp/8/8/8/8/PP3PPP/3RK2R w K - 0 1	h2h3		-	-
move_feedback_material		3rk3/pp3ppp/8/8/8/8/PP3PPP/3RK2R w K - 0 1	h2h4	a2a3	-	-
move_feedback_material		3rk3/pp3ppp/8/8/8/8/PP3PPP/3RK2R w K - 0 1	h2h4		-	-
move_feedback_material		4k3/pp1q1ppp/8/8/8/8/PP1Q1PPP/3RK3 w - - 0 1	a2a3	a2a4	-	-
move_feedback_material		4k3/pp1q1ppp/8/8/8/8/PP1Q1PPP/3RK3 w - - 0 1	a2a3		-	-
move_feedback_material		4k3/pp1q1ppp/8/8/8/8/PP1Q1PPP/3RK3 w - - 0 1	a2a4	a2a3	-	-
move_feedback_material		4k3/pp1q1ppp/8/8/8/8/PP1Q1PPP/3RK3 w - - 0 1	a2a4		-	-
move_feedback_material		4k3/pp1q1ppp/8/8/8/8/PP1Q1PPP/3RK3 w - - 0 1	b2b3	a2a3	-	-
move_feedback_material		4k3/pp1q1ppp/8/8/8/8/PP1Q1PPP/3RK3 w - - 0 1	b2b3		-	-
move_feedback_material		4k3/pp1q1ppp/8/8/8/8/PP1Q1PPP/3RK3 w - - 0 1	b2b4	a2a3	-	-
move_feedback_material		4k3/pp1q1ppp/8/8/8/8/PP1Q1PPP/3RK3 w - - 0 1	b2b4		-	-
move_feedback_material		4k3/pp1q1ppp/8/8/8/8/PP1Q1PPP/3RK3 w - - 0 1	d1a1	a2a3	-	-
move_feedback_material		4k3/pp1q1ppp/8/8/8/8/PP1Q1PPP/3RK3 w - - 0 1	d1a1		-	-
move_feedback_material		4k3/pp1q1ppp/8/8/8/8/PP1Q1PPP/3RK3 w - - 0 1	d1b1	a2a3	-	-
move_feedback_material		4k3/pp1q1ppp/8/8/8/8/PP1Q1PPP/3RK3 w - - 0 1	d1b1		-	-
move_feedback_material		4k3/pp1q1ppp/8/8/8/8/PP1Q1PPP/3RK3 w - - 0 1	d1c1	a2a3	open_file	moving your rook to c1 on the open c-file
move_feedback_material		4k3/pp1q1ppp/8/8/8/8/PP1Q1PPP/3RK3 w - - 0 1	d1c1		open_file	moving your rook to c1 on the open c-file
move_feedback_material		4k3/pp1q1ppp/8/8/8/8/PP1Q1PPP/3RK3 w - - 0 1	d2a5	a2a3	escape	moving your queen off d2 where it was attacked
move_feedback_material		4k3/pp1q1ppp/8/8/8/8/PP1Q1PPP/3RK3 w - - 0 1	d2a5		escape	moving your queen off d2 where it was attacked
move_feedback_material		4k3/pp1q1ppp/8/8/8/8/PP1Q1PPP/3RK3 w - - 0 1	d2b4	a2a3	escape	moving your queen off d2 where it was attacked
move_feedback_material		4k3/pp1q1ppp/8/8/8/8/PP1Q1PPP/3RK3 w - - 0 1	d2b4		escape	moving your queen off d2 where it was attacked
move_feedback_material		4k3/pp1q1ppp/8/8/8/8/PP1Q1PPP/3RK3 w - - 0 1	d2c1	a2a3	escape	moving your queen off d2 where it was attacked
move_feedback_material		4k3/pp1q1ppp/8/8/8/8/PP1Q1PPP/3RK3 w - - 0 1	d2c1		escape	moving your queen off d2 where it was attacked
move_feedback_material		4k3/pp1q1ppp/8/8/8/8/PP1Q1PPP/3RK3 w - - 0 1	d2c2	a2a3	escape	moving your queen off d2 where it was attacked
move_feedback_material		4k3/pp1q1ppp/8/8/8/8/PP1Q1PPP/3RK3 w - - 0 1	d2c2		escape	moving your queen off d2 where it was attacked
move_feedback_material		4k3/pp1q1ppp/8/8/8/8/PP1Q1PPP/3RK3 w - - 0 1	d2c3	a2a3	escape	moving your queen off d2 where it was attacked
move_feedback_material		4k3/pp1q1ppp/8/8/8/8/PP1Q1PPP/3RK3 w - - 0 1	d2c3		escape	moving your queen off d2 where it was attacked
move_feedback_material		4k3/pp1q1ppp/8/8/8/8/PP1Q1PPP/3RK3 w - - 0 1	d2d3	a2a3	attack	attacking their queen on d7
move_feedback_material		4k3/pp1q1ppp/8/8/8/8/PP1Q1PPP/3RK3 w - - 0 1	d2d3		attack	attacking your queen on d7
move_feedback_material		4k3/pp1q1ppp/8/8/8/8/PP1Q1PPP/3RK3 w - - 0 1	d2d4	a2a3	attack	attacking their queen on d7
move_feedback_material		4k3/pp1q1ppp/8/8/8/8/PP1Q1PPP/3RK3 w - - 0 1	d2d4		attack	attacking your queen on d7
move_feedback_material		4k3/pp1q1ppp/8/8/8/8/PP1Q1PPP/3RK3 w - - 0 1	d2d5	a2a3	attack	attacking their queen on d7
move_feedback_material		4k3/pp1q1ppp/8/8/8/8/PP1Q1PPP/3RK3 w - - 0 1	d2d5		attack	attacking your queen on d7
move_feedback_material		4k3/pp1q1ppp/8/8/8/8/PP1Q1PPP/3RK3 w - - 0 1	d2d6	a2a3	attack	attacking their queen on d7
move_feedback_material		4k3/pp1q1ppp/8/8/8/8/PP1Q1PPP/3RK3 w - - 0 1	d2d6		attack	attacking your queen on d7
move_feedback_material		4k3/pp1q1ppp/8/8/8/8/PP1Q1PPP/3RK3 w - - 0 1	d2d7	a2a3	capture	capturing their queen on d7
move_feedback_material		4k3/pp1q1ppp/8/8/8/8/PP1Q1PPP/3RK3 w - - 0 1	d2d7		capture	capturing your queen on d7
move_feedback_material		4k3/pp1q1ppp/8/8/8/8/PP1Q1PPP/3RK3 w - - 0 1	d2e2	a2a3	check	giving check
move_feedback_material		4k3/pp1q1ppp/8/8/8/8/PP1Q1PPP/3RK3 w - - 0 1	d2e2		check	giving check
move_feedback_material		4k3/pp1q1ppp/8/8/8/8/PP1Q1PPP/3RK3 w - - 0 1	d2e3	a2a3	check	giving check
move_feedback_material		4k3/pp1q1ppp/8/8/8/8/PP1Q1PPP/3RK3 w - - 0 1	d2e3		check	giving check
move_feedback_material		4k3/pp1q1ppp/8/8/8/8/PP1Q1PPP/3RK3 w - - 0 1	d2f4	a2a3	escape	moving your queen off d2 where it was attacked
move_feedback_material		4k3/pp1q1ppp/8/8/8/8/PP1Q1PPP/3RK3 w - - 0 1	d2f4		escape	moving your queen off d2 where it was attacked
move_feedback_material		4k3/pp1q1ppp/8/8/8/8/PP1Q1PPP/3RK3 w - - 0 1	d2g5	a2a3	escape	moving your queen off d2 where it was attacked
move_feedback_material		4k3/pp1q1ppp/8/8/8/8/PP1Q1PPP/3RK3 w - - 0 1	d2g5		escape	moving your queen off d2 where it was attacked
move_feedback_material		4k3/pp1q1ppp/8/8/8/8/PP1Q1PPP/3RK3 w - - 0 1	d2h6	a2a3	-	-
move_feedback_material		4k3/pp1q1ppp/8/8/8/8/PP1Q1PPP/3RK3 w - - 0 1	d2h6		-	-
move_feedback_material		4k3/pp1q1ppp/8/8/8/8/PP1Q1PPP/3RK3 w - - 0 1	e1e2	a2a3	king_activity	walking your king from e1 to e2, closer to the centre
move_feedback_material		4k3/pp1q1ppp/8/8/8/8/PP1Q1PPP/3RK3 w - - 0 1	e1e2		king_activity	walking your king from e1 to e2, closer to the centre
move_feedback_material		4k3/pp1q1ppp/8/8/8/8/PP1Q1PPP/3RK3 w - - 0 1	e1f1	a2a3	-	-
move_feedback_material		4k3/pp1q1ppp/8/8/8/8/PP1Q1PPP/3RK3 w - - 0 1	e1f1		-	-
move_feedback_material		4k3/pp1q1ppp/8/8/8/8/PP1Q1PPP/3RK3 w - - 0 1	f2f3	a2a3	-	-
move_feedback_material		4k3/pp1q1ppp/8/8/8/8/PP1Q1PPP/3RK3 w - - 0 1	f2f3		-	-
move_feedback_material		4k3/pp1q1ppp/8/8/8/8/PP1Q1PPP/3RK3 w - - 0 1	f2f4	a2a3	-	-
move_feedback_material		4k3/pp1q1ppp/8/8/8/8/PP1Q1PPP/3RK3 w - - 0 1	f2f4		-	-
move_feedback_material		4k3/pp1q1ppp/8/8/8/8/PP1Q1PPP/3RK3 w - - 0 1	g2g3	a2a3	-	-
move_feedback_material		4k3/pp1q1ppp/8/8/8/8/PP1Q1PPP/3RK3 w - - 0 1	g2g3		-	-
move_feedback_material		4k3/pp1q1ppp/8/8/8/8/PP1Q1PPP/3RK3 w - - 0 1	g2g4	a2a3	-	-
move_feedback_material		4k3/pp1q1ppp/8/8/8/8/PP1Q1PPP/3RK3 w - - 0 1	g2g4		-	-
move_feedback_material		4k3/pp1q1ppp/8/8/8/8/PP1Q1PPP/3RK3 w - - 0 1	h2h3	a2a3	-	-
move_feedback_material		4k3/pp1q1ppp/8/8/8/8/PP1Q1PPP/3RK3 w - - 0 1	h2h3		-	-
move_feedback_material		4k3/pp1q1ppp/8/8/8/8/PP1Q1PPP/3RK3 w - - 0 1	h2h4	a2a3	-	-
move_feedback_material		4k3/pp1q1ppp/8/8/8/8/PP1Q1PPP/3RK3 w - - 0 1	h2h4		-	-
move_feedback_material		4k3/pp3ppp/8/8/8/8/PPP2PPP/4K3 w - - 0 1	a2a3	a2a4	-	-
move_feedback_material		4k3/pp3ppp/8/8/8/8/PPP2PPP/4K3 w - - 0 1	a2a3		-	-
move_feedback_material		4k3/pp3ppp/8/8/8/8/PPP2PPP/4K3 w - - 0 1	a2a4	a2a3	-	-
move_feedback_material		4k3/pp3ppp/8/8/8/8/PPP2PPP/4K3 w - - 0 1	a2a4		-	-
move_feedback_material		4k3/pp3ppp/8/8/8/8/PPP2PPP/4K3 w - - 0 1	b2b3	a2a3	-	-
move_feedback_material		4k3/pp3ppp/8/8/8/8/PPP2PPP/4K3 w - - 0 1	b2b3		-	-
move_feedback_material		4k3/pp3ppp/8/8/8/8/PPP2PPP/4K3 w - - 0 1	b2b4	a2a3	-	-
move_feedback_material		4k3/pp3ppp/8/8/8/8/PPP2PPP/4K3 w - - 0 1	b2b4		-	-
move_feedback_material		4k3/pp3ppp/8/8/8/8/PPP2PPP/4K3 w - - 0 1	c2c3	a2a3	-	-
move_feedback_material		4k3/pp3ppp/8/8/8/8/PPP2PPP/4K3 w - - 0 1	c2c3		-	-
move_feedback_material		4k3/pp3ppp/8/8/8/8/PPP2PPP/4K3 w - - 0 1	c2c4	a2a3	-	-
move_feedback_material		4k3/pp3ppp/8/8/8/8/PPP2PPP/4K3 w - - 0 1	c2c4		-	-
move_feedback_material		4k3/pp3ppp/8/8/8/8/PPP2PPP/4K3 w - - 0 1	e1d1	a2a3	-	-
move_feedback_material		4k3/pp3ppp/8/8/8/8/PPP2PPP/4K3 w - - 0 1	e1d1		-	-
move_feedback_material		4k3/pp3ppp/8/8/8/8/PPP2PPP/4K3 w - - 0 1	e1d2	a2a3	king_activity	walking your king from e1 to d2, closer to the centre
move_feedback_material		4k3/pp3ppp/8/8/8/8/PPP2PPP/4K3 w - - 0 1	e1d2		king_activity	walking your king from e1 to d2, closer to the centre
move_feedback_material		4k3/pp3ppp/8/8/8/8/PPP2PPP/4K3 w - - 0 1	e1e2	a2a3	king_activity	walking your king from e1 to e2, closer to the centre
move_feedback_material		4k3/pp3ppp/8/8/8/8/PPP2PPP/4K3 w - - 0 1	e1e2		king_activity	walking your king from e1 to e2, closer to the centre
move_feedback_material		4k3/pp3ppp/8/8/8/8/PPP2PPP/4K3 w - - 0 1	e1f1	a2a3	-	-
move_feedback_material		4k3/pp3ppp/8/8/8/8/PPP2PPP/4K3 w - - 0 1	e1f1		-	-
move_feedback_material		4k3/pp3ppp/8/8/8/8/PPP2PPP/4K3 w - - 0 1	f2f3	a2a3	-	-
move_feedback_material		4k3/pp3ppp/8/8/8/8/PPP2PPP/4K3 w - - 0 1	f2f3		-	-
move_feedback_material		4k3/pp3ppp/8/8/8/8/PPP2PPP/4K3 w - - 0 1	f2f4	a2a3	-	-
move_feedback_material		4k3/pp3ppp/8/8/8/8/PPP2PPP/4K3 w - - 0 1	f2f4		-	-
move_feedback_material		4k3/pp3ppp/8/8/8/8/PPP2PPP/4K3 w - - 0 1	g2g3	a2a3	-	-
move_feedback_material		4k3/pp3ppp/8/8/8/8/PPP2PPP/4K3 w - - 0 1	g2g3		-	-
move_feedback_material		4k3/pp3ppp/8/8/8/8/PPP2PPP/4K3 w - - 0 1	g2g4	a2a3	-	-
move_feedback_material		4k3/pp3ppp/8/8/8/8/PPP2PPP/4K3 w - - 0 1	g2g4		-	-
move_feedback_material		4k3/pp3ppp/8/8/8/8/PPP2PPP/4K3 w - - 0 1	h2h3	a2a3	-	-
move_feedback_material		4k3/pp3ppp/8/8/8/8/PPP2PPP/4K3 w - - 0 1	h2h3		-	-
move_feedback_material		4k3/pp3ppp/8/8/8/8/PPP2PPP/4K3 w - - 0 1	h2h4	a2a3	-	-
move_feedback_material		4k3/pp3ppp/8/8/8/8/PPP2PPP/4K3 w - - 0 1	h2h4		-	-
move_feedback_material		4k3/ppp3pp/8/8/8/8/PPP2PPP/4K3 w - - 0 1	a2a3	a2a4	-	-
move_feedback_material		4k3/ppp3pp/8/8/8/8/PPP2PPP/4K3 w - - 0 1	a2a3		-	-
move_feedback_material		4k3/ppp3pp/8/8/8/8/PPP2PPP/4K3 w - - 0 1	a2a4	a2a3	-	-
move_feedback_material		4k3/ppp3pp/8/8/8/8/PPP2PPP/4K3 w - - 0 1	a2a4		-	-
move_feedback_material		4k3/ppp3pp/8/8/8/8/PPP2PPP/4K3 w - - 0 1	b2b3	a2a3	-	-
move_feedback_material		4k3/ppp3pp/8/8/8/8/PPP2PPP/4K3 w - - 0 1	b2b3		-	-
move_feedback_material		4k3/ppp3pp/8/8/8/8/PPP2PPP/4K3 w - - 0 1	b2b4	a2a3	-	-
move_feedback_material		4k3/ppp3pp/8/8/8/8/PPP2PPP/4K3 w - - 0 1	b2b4		-	-
move_feedback_material		4k3/ppp3pp/8/8/8/8/PPP2PPP/4K3 w - - 0 1	c2c3	a2a3	-	-
move_feedback_material		4k3/ppp3pp/8/8/8/8/PPP2PPP/4K3 w - - 0 1	c2c3		-	-
move_feedback_material		4k3/ppp3pp/8/8/8/8/PPP2PPP/4K3 w - - 0 1	c2c4	a2a3	-	-
move_feedback_material		4k3/ppp3pp/8/8/8/8/PPP2PPP/4K3 w - - 0 1	c2c4		-	-
move_feedback_material		4k3/ppp3pp/8/8/8/8/PPP2PPP/4K3 w - - 0 1	e1d1	a2a3	-	-
move_feedback_material		4k3/ppp3pp/8/8/8/8/PPP2PPP/4K3 w - - 0 1	e1d1		-	-
move_feedback_material		4k3/ppp3pp/8/8/8/8/PPP2PPP/4K3 w - - 0 1	e1d2	a2a3	king_activity	walking your king from e1 to d2, closer to the centre
move_feedback_material		4k3/ppp3pp/8/8/8/8/PPP2PPP/4K3 w - - 0 1	e1d2		king_activity	walking your king from e1 to d2, closer to the centre
move_feedback_material		4k3/ppp3pp/8/8/8/8/PPP2PPP/4K3 w - - 0 1	e1e2	a2a3	king_activity	walking your king from e1 to e2, closer to the centre
move_feedback_material		4k3/ppp3pp/8/8/8/8/PPP2PPP/4K3 w - - 0 1	e1e2		king_activity	walking your king from e1 to e2, closer to the centre
move_feedback_material		4k3/ppp3pp/8/8/8/8/PPP2PPP/4K3 w - - 0 1	e1f1	a2a3	-	-
move_feedback_material		4k3/ppp3pp/8/8/8/8/PPP2PPP/4K3 w - - 0 1	e1f1		-	-
move_feedback_material		4k3/ppp3pp/8/8/8/8/PPP2PPP/4K3 w - - 0 1	f2f3	a2a3	-	-
move_feedback_material		4k3/ppp3pp/8/8/8/8/PPP2PPP/4K3 w - - 0 1	f2f3		-	-
move_feedback_material		4k3/ppp3pp/8/8/8/8/PPP2PPP/4K3 w - - 0 1	f2f4	a2a3	-	-
move_feedback_material		4k3/ppp3pp/8/8/8/8/PPP2PPP/4K3 w - - 0 1	f2f4		-	-
move_feedback_material		4k3/ppp3pp/8/8/8/8/PPP2PPP/4K3 w - - 0 1	g2g3	a2a3	-	-
move_feedback_material		4k3/ppp3pp/8/8/8/8/PPP2PPP/4K3 w - - 0 1	g2g3		-	-
move_feedback_material		4k3/ppp3pp/8/8/8/8/PPP2PPP/4K3 w - - 0 1	g2g4	a2a3	-	-
move_feedback_material		4k3/ppp3pp/8/8/8/8/PPP2PPP/4K3 w - - 0 1	g2g4		-	-
move_feedback_material		4k3/ppp3pp/8/8/8/8/PPP2PPP/4K3 w - - 0 1	h2h3	a2a3	-	-
move_feedback_material		4k3/ppp3pp/8/8/8/8/PPP2PPP/4K3 w - - 0 1	h2h3		-	-
move_feedback_material		4k3/ppp3pp/8/8/8/8/PPP2PPP/4K3 w - - 0 1	h2h4	a2a3	-	-
move_feedback_material		4k3/ppp3pp/8/8/8/8/PPP2PPP/4K3 w - - 0 1	h2h4		-	-
